{
  "audioBytes" : 558044,
  "audioFile" : "2 fixtures",
  "commitSHA" : "1102ade4bc2fbd7eb903ae2e9a99884cbac9a1e8",
  "fixtureResults" : [
    {
      "audioBytes" : 130414,
      "audioFile" : "fixture-short.caf",
      "fixtureID" : "fixture-short",
      "levels" : [
        {
          "distributions" : {
            "encodeMs" : {
              "max" : 0,
              "min" : 0,
              "p50" : 0,
              "p95" : 0
            },
            "generationMs" : {
              "max" : 665.6099557876587,
              "min" : 454.59699630737305,
              "p50" : 559.0500235557556,
              "p95" : 630.0815761089324
            },
            "pasteMs" : {
              "max" : 0.11098384857177734,
              "min" : 0.0400543212890625,
              "p50" : 0.08046627044677734,
              "p95" : 0.10379552841186522
            },
            "rewriteMs" : {
              "max" : 0,
              "min" : 0,
              "p50" : 0,
              "p95" : 0
            },
            "sttMs" : {
              "max" : 665.6099557876587,
              "min" : 454.59699630737305,
              "p50" : 559.0500235557556,
              "p95" : 630.0815761089324
            },
            "totalStageMs" : {
              "max" : 665.7049655914307,
              "min" : 454.67305183410645,
              "p50" : 559.1340065002441,
              "p95" : 630.176156759262
            }
          },
          "iterations" : 10,
          "level" : "raw",
          "providers" : {
            "sttMode" : "batch",
            "sttObserved" : [
              {
                "count" : 10,
                "model" : "scribe_v2",
                "provider" : "ElevenLabs"
              }
            ]
          }
        },
        {
          "distributions" : {
            "encodeMs" : {
              "max" : 0,
              "min" : 0,
              "p50" : 0,
              "p95" : 0
            },
            "generationMs" : {
              "max" : 1163.5171175003052,
              "min" : 750.0280141830444,
              "p50" : 877.9540657997131,
              "p95" : 1096.0882067680357
            },
            "pasteMs" : {
              "max" : 0.4279613494873047,
              "min" : 0.047087669372558594,
              "p50" : 0.09244680404663086,
              "p95" : 0.31187534332275363
            },
            "rewriteMs" : {
              "max" : 593.1960344314575,
              "min" : 281.5040349960327,
              "p50" : 388.7275457382202,
              "p95" : 539.281541109085
            },
            "sttMs" : {
              "max" : 615.1350736618042,
              "min" : 458.4449529647827,
              "p50" : 483.956515789032,
              "p95" : 594.9687778949738
            },
            "totalStageMs" : {
              "max" : 1163.5642051696777,
              "min" : 750.0960826873779,
              "p50" : 878.055989742279,
              "p95" : 1096.1563766002653
            }
          },
          "iterations" : 10,
          "level" : "clean",
          "providers" : {
            "rewriteObserved" : [
              {
                "count" : 10,
                "model" : "inception/mercury",
                "path" : "openrouter"
              }
            ],
            "sttMode" : "batch",
            "sttObserved" : [
              {
                "count" : 10,
                "model" : "scribe_v2",
                "provider" : "ElevenLabs"
              }
            ]
          }
        },
        {
          "distributions" : {
            "encodeMs" : {
              "max" : 0,
              "min" : 0,
              "p50" : 0,
              "p95" : 0
            },
            "generationMs" : {
              "max" : 1175.9610176086426,
              "min" : 910.8030796051025,
              "p50" : 1046.9544529914856,
              "p95" : 1156.0606896877289
            },
            "pasteMs" : {
              "max" : 0.5750656127929688,
              "min" : 0.025987625122070312,
              "p50" : 0.09548664093017578,
              "p95" : 0.4611790180206296
            },
            "rewriteMs" : {
              "max" : 702.5730609893799,
              "min" : 451.84803009033203,
              "p50" : 563.8120174407959,
              "p95" : 695.8221554756165
            },
            "sttMs" : {
              "max" : 569.0320730209351,
              "min" : 444.16701793670654,
              "p50" : 470.4124927520752,
              "p95" : 535.9246551990508
            },
            "totalStageMs" : {
              "max" : 1176.231026649475,
              "min" : 910.9811782836914,
              "p50" : 1046.9939708709717,
              "p95" : 1156.4679741859436
            }
          },
          "iterations" : 10,
          "level" : "polish",
          "providers" : {
            "rewriteObserved" : [
              {
                "count" : 10,
                "model" : "inception/mercury",
                "path" : "openrouter"
              }
            ],
            "sttMode" : "batch",
            "sttObserved" : [
              {
                "count" : 10,
                "model" : "scribe_v2",
                "provider" : "ElevenLabs"
              }
            ]
          }
        }
      ]
    },
    {
      "audioBytes" : 427630,
      "audioFile" : "fixture-medium.caf",
      "fixtureID" : "fixture-medium",
      "levels" : [
        {
          "distributions" : {
            "encodeMs" : {
              "max" : 0.012040138244628906,
              "min" : 0.0029802322387695312,
              "p50" : 0.008046627044677734,
              "p95" : 0.011128187179565428
            },
            "generationMs" : {
              "max" : 1059.844970703125,
              "min" : 850.9600162506104,
              "p50" : 942.5665140151978,
              "p95" : 1029.4281840324402
            },
            "pasteMs" : {
              "max" : 0.5929470062255859,
              "min" : 0.010013580322265625,
              "p50" : 0.06747245788574219,
              "p95" : 0.41613578796386674
            },
            "rewriteMs" : {
              "max" : 0,
              "min" : 0,
              "p50" : 0,
              "p95" : 0
            },
            "sttMs" : {
              "max" : 1059.8349571228027,
              "min" : 850.9570360183716,
              "p50" : 942.5600171089172,
              "p95" : 1029.418170452118
            },
            "totalStageMs" : {
              "max" : 1060.4379177093506,
              "min" : 851.0379791259766,
              "p50" : 942.6400065422058,
              "p95" : 1029.7799468040466
            }
          },
          "iterations" : 10,
          "level" : "raw",
          "providers" : {
            "sttMode" : "batch",
            "sttObserved" : [
              {
                "count" : 10,
                "model" : "scribe_v2",
                "provider" : "ElevenLabs"
              }
            ]
          }
        },
        {
          "distributions" : {
            "encodeMs" : {
              "max" : 0.009059906005859375,
              "min" : 0.0030994415283203125,
              "p50" : 0.0064373016357421875,
              "p95" : 0.009059906005859375
            },
            "generationMs" : {
              "max" : 1773.1159925460815,
              "min" : 1345.903992652893,
              "p50" : 1499.1151094436646,
              "p95" : 1762.6035034656525
            },
            "pasteMs" : {
              "max" : 0.5379915237426758,
              "min" : 0.026941299438476562,
              "p50" : 0.10001659393310547,
              "p95" : 0.5181968212127686
            },
            "rewriteMs" : {
              "max" : 872.9089498519897,
              "min" : 424.2020845413208,
              "p50" : 593.9345359802246,
              "p95" : 841.9066905975341
            },
            "sttMs" : {
              "max" : 987.5069856643677,
              "min" : 834.6610069274902,