{
  "audioBytes" : 558044,
  "audioFile" : "2 fixtures",
  "commitSHA" : "1a88ef2d5d4dae8d6359308c5592dc12309cc54f",
  "fixtureResults" : [
    {
      "audioBytes" : 130414,
      "audioFile" : "fixture-short.caf",
      "fixtureID" : "fixture-short",
      "levels" : [
        {
          "distributions" : {
            "encodeMs" : {
              "max" : 0,
              "min" : 0,
              "p50" : 0,
              "p95" : 0
            },
            "generationMs" : {
              "max" : 5707.848072052002,
              "min" : 567.1310424804688,
              "p50" : 614.5485639572144,
              "p95" : 3523.2636094093273
            },
            "pasteMs" : {
              "max" : 0.18405914306640625,
              "min" : 0.012993812561035156,
              "p50" : 0.09447336196899414,
              "p95" : 0.18132328987121582
            },
            "rewriteMs" : {
              "max" : 0,
              "min" : 0,
              "p50" : 0,
              "p95" : 0
            },
            "sttMs" : {
              "max" : 5707.848072052002,
              "min" : 567.1310424804688,
              "p50" : 614.5485639572144,
              "p95" : 3523.2636094093273
            },
            "totalStageMs" : {
              "max" : 5707.983016967773,
              "min" : 567.2750473022461,
              "p50" : 614.6950721740723,
              "p95" : 3523.345500230784
            }
          },
          "iterations" : 10,
          "level" : "raw",
          "providers" : {
            "sttMode" : "batch",
            "sttObserved" : [
              {
                "count" : 10,
                "model" : "scribe_v2",
                "provider" : "ElevenLabs"
              }
            ]
          }
        },
        {
          "distributions" : {
            "encodeMs" : {
              "max" : 0,
              "min" : 0,
              "p50" : 0,
              "p95" : 0
            },
            "generationMs" : {
              "max" : 1294.1229343414307,
              "min" : 918.7850952148438,
              "p50" : 1039.3314361572266,
              "p95" : 1265.5183017253876
            },
            "pasteMs" : {
              "max" : 1.2049674987792969,
              "min" : 0.030994415283203125,
              "p50" : 0.09846687316894531,
              "p95" : 1.1600136756896973
            },
            "rewriteMs" : {
              "max" : 678.8229942321777,
              "min" : 312.2279644012451,
              "p50" : 392.50797033309937,
              "p95" : 657.8561663627625
            },
            "sttMs" : {
              "max" : 760.470986366272,
              "min" : 556.7909479141235,
              "p50" : 598.7409949302673,
              "p95" : 709.6466660499572
            },
            "totalStageMs" : {
              "max" : 1294.1960096359253,
              "min" : 918.8951253890991,
              "p50" : 1040.1430130004883,
              "p95" : 1265.572440624237
            }
          },
          "iterations" : 10,
          "level" : "clean",
          "providers" : {
            "rewriteObserved" : [
              {
                "count" : 10,
                "model" : "inception/mercury",
                "path" : "openrouter"
              }
            ],
            "sttMode" : "batch",
            "sttObserved" : [
              {
                "count" : 10,
                "model" : "scribe_v2",
                "provider" : "ElevenLabs"
              }
            ]
          }
        },
        {
          "distributions" : {
            "encodeMs" : {
              "max" : 0,
              "min" : 0,
              "p50" : 0,
              "p95" : 0
            },
            "generationMs" : {
              "max" : 1734.289050102234,
              "min" : 1114.9940490722656,
              "p50" : 1459.4749808311462,
              "p95" : 1711.2003803253174
            },
            "pasteMs" : {
              "max" : 0.39207935333251953,
              "min" : 0.054001808166503906,
              "p50" : 0.0934600830078125,
              "p95" : 0.345247983932495
            },
            "rewriteMs" : {
              "max" : 1099.739909172058,
              "min" : 510.06102561950684,
              "p50" : 834.9645137786865,
              "p95" : 1074.7523963451385
            },
            "sttMs" : {
              "max" : 711.1929655075073,
              "min" : 563.291072845459,
              "p50" : 593.932032585144,
              "p95" : 701.6907572746277
            },
            "totalStageMs" : {
              "max" : 1734.3870401382446,
              "min" : 1115.064024925232,
              "p50" : 1459.6974849700928,
              "p95" : 1711.2942934036255
            }
          },
          "iterations" : 10,
          "level" : "polish",
          "providers" : {
            "rewriteObserved" : [
              {
                "count" : 10,
                "model" : "inception/mercury",
                "path" : "openrouter"
              }
            ],
            "sttMode" : "batch",
            "sttObserved" : [
              {
                "count" : 10,
                "model" : "scribe_v2",
                "provider" : "ElevenLabs"
              }
            ]
          }
        }
      ]
    },
    {
      "audioBytes" : 427630,
      "audioFile" : "fixture-medium.caf",
      "fixtureID" : "fixture-medium",
      "levels" : [
        {
          "distributions" : {
            "encodeMs" : {
              "max" : 0.028967857360839844,
              "min" : 0.0029802322387695312,
              "p50" : 0.0059604644775390625,
              "p95" : 0.022691488265991197
            },
            "generationMs" : {
              "max" : 1479.6220064163208,
              "min" : 1027.3499488830566,
              "p50" : 1140.347957611084,
              "p95" : 1448.810988664627
            },
            "pasteMs" : {
              "max" : 0.1499652862548828,
              "min" : 0.02205371856689453,
              "p50" : 0.05704164505004883,
              "p95" : 0.14460086822509766
            },
            "rewriteMs" : {
              "max" : 0,
              "min" : 0,
              "p50" : 0,
              "p95" : 0
            },
            "sttMs" : {
              "max" : 1479.619026184082,
              "min" : 1027.3449420928955,
              "p50" : 1140.3319835662842,
              "p95" : 1448.8025903701782
            },
            "totalStageMs" : {
              "max" : 1479.7719717025757,
              "min" : 1027.4879932403564,
              "p50" : 1140.3955221176147,
              "p95" : 1448.9524245262146
            }
          },
          "iterations" : 10,
          "level" : "raw",
          "providers" : {
            "sttMode" : "batch",
            "sttObserved" : [
              {
                "count" : 10,
                "model" : "scribe_v2",
                "provider" : "ElevenLabs"
              }
            ]
          }
        },
        {
          "distributions" : {
            "encodeMs" : {
              "max" : 0.05900859832763672,
              "min" : 0.0029802322387695312,
              "p50" : 0.0059604644775390625,
              "p95" : 0.03878474235534663
            },
            "generationMs" : {
              "max" : 2870.897054672241,
              "min" : 1687.2891187667847,
              "p50" : 1940.570890903473,
              "p95" : 2494.0053820610037
            },
            "pasteMs" : {
              "max" : 0.2740621566772461,
              "min" : 0.054001808166503906,
              "p50" : 0.10901689529418945,
              "p95" : 0.22540688514709462
            },
            "rewriteMs" : {
              "max" : 968.4109687805176,
              "min" : 481.5899133682251,
              "p50" : 642.0244574546814,
              "p95" : 960.4509234428406
            },
            "sttMs" : {
              "max" : 2261.038064956665,