{
  "audioBytes" : 558044,
  "audioFile" : "2 fixtures",
  "commitSHA" : "2994b45eeaae077fe53e53b181226c4925e7919b",
  "fixtureResults" : [
    {
      "audioBytes" : 130414,
      "audioFile" : "fixture-short.caf",
      "fixtureID" : "fixture-short",
      "levels" : [
        {
          "distributions" : {
            "encodeMs" : {
              "max" : 0,
              "min" : 0,
              "p50" : 0,
              "p95" : 0
            },
            "generationMs" : {
              "max" : 576.3059854507446,
              "min" : 511.7959976196289,
              "p50" : 537.0185375213623,
              "p95" : 565.4011428356171
            },
            "pasteMs" : {
              "max" : 0.0959634780883789,
              "min" : 0.008940696716308594,
              "p50" : 0.019490718841552734,
              "p95" : 0.09059906005859374
            },
            "rewriteMs" : {
              "max" : 0,
              "min" : 0,
              "p50" : 0,
              "p95" : 0
            },
            "sttMs" : {
              "max" : 576.3059854507446,
              "min" : 511.7959976196289,
              "p50" : 537.0185375213623,
              "p95" : 565.4011428356171
            },
            "totalStageMs" : {
              "max" : 576.3149261474609,
              "min" : 511.8119716644287,
              "p50" : 537.0315909385681,
              "p95" : 565.4110491275787
            }
          },
          "iterations" : 10,
          "level" : "raw",
          "providers" : {
            "sttMode" : "batch",
            "sttObserved" : [
              {
                "count" : 10,
                "model" : "scribe_v2",
                "provider" : "ElevenLabs"
              }
            ]
          }
        },
        {
          "distributions" : {
            "encodeMs" : {
              "max" : 0,
              "min" : 0,
              "p50" : 0,
              "p95" : 0
            },
            "generationMs" : {
              "max" : 1113.258957862854,
              "min" : 854.0819883346558,
              "p50" : 912.940502166748,
              "p95" : 1109.08163189888
            },
            "pasteMs" : {
              "max" : 1.2810230255126953,
              "min" : 0.03504753112792969,
              "p50" : 0.08755922317504883,
              "p95" : 1.1023879051208492
            },
            "rewriteMs" : {
              "max" : 565.4729604721069,
              "min" : 304.44908142089844,
              "p50" : 368.2194948196411,
              "p95" : 562.5290751457214
            },
            "sttMs" : {
              "max" : 563.7000799179077,
              "min" : 511.4990472793579,
              "p50" : 548.8485097885132,
              "p95" : 563.0677759647369
            },
            "totalStageMs" : {
              "max" : 1113.294005393982,
              "min" : 854.1629314422607,
              "p50" : 913.0319952964783,
              "p95" : 1109.677368402481
            }
          },
          "iterations" : 10,
          "level" : "clean",
          "providers" : {
            "rewriteObserved" : [
              {
                "count" : 10,
                "model" : "inception/mercury",
                "path" : "openrouter"
              }
            ],
            "sttMode" : "batch",
            "sttObserved" : [
              {
                "count" : 10,
                "model" : "scribe_v2",
                "provider" : "ElevenLabs"
              }
            ]
          }
        },
        {
          "distributions" : {
            "encodeMs" : {
              "max" : 0,
              "min" : 0,
              "p50" : 0,
              "p95" : 0
            },
            "generationMs" : {
              "max" : 1498.51393699646,
              "min" : 1050.8791208267212,
              "p50" : 1260.9954476356506,
              "p95" : 1438.2670700550077
            },
            "pasteMs" : {
              "max" : 0.6760358810424805,
              "min" : 0.054001808166503906,
              "p50" : 0.09745359420776367,
              "p95" : 0.5329132080078122
            },
            "rewriteMs" : {
              "max" : 957.3149681091309,
              "min" : 512.423038482666,
              "p50" : 718.5544967651367,
              "p95" : 897.0581769943236
            },
            "sttMs" : {
              "max" : 564.534068107605,
              "min" : 528.1109809875488,
              "p50" : 541.2099957466125,
              "p95" : 561.0406517982483
            },
            "totalStageMs" : {
              "max" : 1498.6000061035156,
              "min" : 1051.0621070861816,
              "p50" : 1261.0929012298584,
              "p95" : 1438.4399890899656
            }
          },
          "iterations" : 10,
          "level" : "polish",
          "providers" : {
            "rewriteObserved" : [
              {
                "count" : 10,
                "model" : "inception/mercury",
                "path" : "openrouter"
              }
            ],
            "sttMode" : "batch",
            "sttObserved" : [
              {
                "count" : 10,
                "model" : "scribe_v2",
                "provider" : "ElevenLabs"
              }
            ]
          }
        }
      ]
    },
    {
      "audioBytes" : 427630,
      "audioFile" : "fixture-medium.caf",
      "fixtureID" : "fixture-medium",
      "levels" : [
        {
          "distributions" : {
            "encodeMs" : {
              "max" : 0.010013580322265625,
              "min" : 0.0020265579223632812,
              "p50" : 0.008463859558105469,
              "p95" : 0.010013580322265625
            },
            "generationMs" : {
              "max" : 1997.668981552124,
              "min" : 873.8150596618652,
              "p50" : 946.2080001831055,
              "p95" : 1556.8692266941061
            },
            "pasteMs" : {
              "max" : 0.28908252716064453,
              "min" : 0.010013580322265625,
              "p50" : 0.06401538848876953,
              "p95" : 0.20357370376586892
            },
            "rewriteMs" : {
              "max" : 0,
              "min" : 0,
              "p50" : 0,
              "p95" : 0
            },
            "sttMs" : {
              "max" : 1997.6609945297241,
              "min" : 873.8130331039429,
              "p50" : 946.1989998817444,
              "p95" : 1556.8603277206412
            },
            "totalStageMs" : {
              "max" : 1997.7680444717407,
              "min" : 873.8580942153931,
              "p50" : 946.2635517120361,
              "p95" : 1556.948494911193
            }
          },
          "iterations" : 10,
          "level" : "raw",
          "providers" : {
            "sttMode" : "batch",
            "sttObserved" : [
              {
                "count" : 10,
                "model" : "scribe_v2",
                "provider" : "ElevenLabs"
              }
            ]
          }
        },
        {
          "distributions" : {
            "encodeMs" : {
              "max" : 0.009059906005859375,
              "min" : 0.0020265579223632812,
              "p50" : 0.007033348083496094,
              "p95" : 0.009006261825561523
            },
            "generationMs" : {
              "max" : 2926.9498586654663,
              "min" : 1391.0229206085205,
              "p50" : 1639.9585008621216,
              "p95" : 2433.4753811359396
            },
            "pasteMs" : {
              "max" : 0.3390312194824219,
              "min" : 0.03504753112792969,
              "p50" : 0.10257959365844727,
              "p95" : 0.28409957885742176
            },
            "rewriteMs" : {
              "max" : 889.7680044174194,
              "min" : 517.4210071563721,
              "p50" : 654.6295285224915,
              "p95" : 875.2937316894531
            },
            "sttMs" : {
              "max" : 2321.5659856796265,
              "min" : 860.2169752120972,