{
  "audioBytes" : 558044,
  "audioFile" : "2 fixtures",
  "commitSHA" : "3e9df0c88d18bf2b97d7343d060699d595e1340a",
  "fixtureResults" : [
    {
      "audioBytes" : 130414,
      "audioFile" : "fixture-short.caf",
      "fixtureID" : "fixture-short",
      "levels" : [
        {
          "distributions" : {
            "encodeMs" : {
              "max" : 0,
              "min" : 0,
              "p50" : 0,
              "p95" : 0
            },
            "generationMs" : {
              "max" : 703.7800550460815,
              "min" : 563.7099742889404,
              "p50" : 585.5350494384766,
              "p95" : 700.495046377182
            },
            "pasteMs" : {
              "max" : 0.5129575729370117,
              "min" : 0.008940696716308594,
              "p50" : 0.03552436828613281,
              "p95" : 0.32670497894287065
            },
            "rewriteMs" : {
              "max" : 0,
              "min" : 0,
              "p50" : 0,
              "p95" : 0
            },
            "sttMs" : {
              "max" : 703.7800550460815,
              "min" : 563.7099742889404,
              "p50" : 585.5350494384766,
              "p95" : 700.495046377182
            },
            "totalStageMs" : {
              "max" : 704.2930126190186,
              "min" : 563.8090372085571,
              "p50" : 585.590124130249,
              "p95" : 700.8176743984222
            }
          },
          "iterations" : 10,
          "level" : "raw",
          "providers" : {
            "sttMode" : "batch",
            "sttObserved" : [
              {
                "count" : 10,
                "model" : "scribe_v2",
                "provider" : "ElevenLabs"
              }
            ]
          }
        },
        {
          "distributions" : {
            "encodeMs" : {
              "max" : 0,
              "min" : 0,
              "p50" : 0,
              "p95" : 0
            },
            "generationMs" : {
              "max" : 4101.153016090393,
              "min" : 1253.274917602539,
              "p50" : 1477.4649739265442,
              "p95" : 3577.389049530028
            },
            "pasteMs" : {
              "max" : 0.23889541625976562,
              "min" : 0.03707408905029297,
              "p50" : 0.13053417205810547,
              "p95" : 0.22634267807006833
            },
            "rewriteMs" : {
              "max" : 3374.3590116500854,
              "min" : 661.0689163208008,
              "p50" : 840.6245112419128,
              "p95" : 2885.95288991928
            },
            "sttMs" : {
              "max" : 851.6548871994019,
              "min" : 548.4050512313843,
              "p50" : 599.7350215911865,
              "p95" : 795.4674899578093
            },
            "totalStageMs" : {
              "max" : 4101.325035095215,
              "min" : 1253.3788681030273,
              "p50" : 1477.614939212799,
              "p95" : 3577.541702985762
            }
          },
          "iterations" : 10,
          "level" : "clean",
          "providers" : {
            "rewriteObserved" : [
              {
                "count" : 10,
                "model" : "google/gemini-2.5-flash-lite",
                "path" : "openrouter"
              }
            ],
            "sttMode" : "batch",
            "sttObserved" : [
              {
                "count" : 10,
                "model" : "scribe_v2",
                "provider" : "ElevenLabs"
              }
            ]
          }
        },
        {
          "distributions" : {
            "encodeMs" : {
              "max" : 0,
              "min" : 0,
              "p50" : 0,
              "p95" : 0
            },
            "generationMs" : {
              "max" : 25974.303007125854,
              "min" : 1258.5020065307617,
              "p50" : 2034.108579158783,
              "p95" : 15586.46154403684
            },
            "pasteMs" : {
              "max" : 0.40590763092041016,
              "min" : 0.02396106719970703,
              "p50" : 0.12302398681640625,
              "p95" : 0.2876222133636472
            },
            "rewriteMs" : {
              "max" : 2291.3379669189453,
              "min" : 630.0719976425171,
              "p50" : 1240.9720420837402,
              "p95" : 2187.2507154941554
            },
            "sttMs" : {
              "max" : 24622.918963432312,
              "min" : 592.8970575332642,
              "p50" : 604.3065190315247,
              "p95" : 13932.358992099736
            },
            "totalStageMs" : {
              "max" : 25974.398016929626,
              "min" : 1258.5259675979614,
              "p50" : 2034.3830585479736,
              "p95" : 15586.528229713414
            }
          },
          "iterations" : 10,
          "level" : "polish",
          "providers" : {
            "rewriteObserved" : [
              {
                "count" : 10,
                "model" : "google/gemini-2.5-flash-lite",
                "path" : "openrouter"
              }
            ],
            "sttMode" : "batch",
            "sttObserved" : [
              {
                "count" : 10,
                "model" : "scribe_v2",
                "provider" : "ElevenLabs"
              }
            ]
          }
        }
      ]
    },
    {
      "audioBytes" : 427630,
      "audioFile" : "fixture-medium.caf",
      "fixtureID" : "fixture-medium",
      "levels" : [
        {
          "distributions" : {
            "encodeMs" : {
              "max" : 0.012040138244628906,
              "min" : 0.0020265579223632812,
              "p50" : 0.007033348083496094,
              "p95" : 0.011610984802246092
            },
            "generationMs" : {
              "max" : 1436.2781047821045,
              "min" : 953.9968967437744,
              "p50" : 1051.4650344848633,
              "p95" : 1282.7798962593074
            },
            "pasteMs" : {
              "max" : 0.15604496002197266,
              "min" : 0.028014183044433594,
              "p50" : 0.061511993408203125,
              "p95" : 0.144350528717041
            },
            "rewriteMs" : {
              "max" : 0,
              "min" : 0,
              "p50" : 0,
              "p95" : 0
            },
            "sttMs" : {
              "max" : 1436.2720251083374,
              "min" : 953.9909362792969,
              "p50" : 1051.459014415741,
              "p95" : 1282.7729582786556
            },
            "totalStageMs" : {
              "max" : 1436.4081621170044,
              "min" : 954.0308713912964,
              "p50" : 1051.5045523643494,
              "p95" : 1282.893699407577
            }
          },
          "iterations" : 10,
          "level" : "raw",
          "providers" : {
            "sttMode" : "batch",
            "sttObserved" : [
              {
                "count" : 10,
                "model" : "scribe_v2",
                "provider" : "ElevenLabs"
              }
            ]
          }
        },
        {
          "distributions" : {
            "encodeMs" : {
              "max" : 0.01704692840576172,
              "min" : 0.0020265579223632812,
              "p50" : 0.011026859283447266,
              "p95" : 0.01704692840576172
            },
            "generationMs" : {
              "max" : 3161.2149477005005,
              "min" : 1611.341118812561,
              "p50" : 2183.1679940223694,
              "p95" : 2982.473182678222
            },
            "pasteMs" : {
              "max" : 0.16295909881591797,
              "min" : 0.028967857360839844,
              "p50" : 0.10097026824951172,
              "p95" : 0.15941858291625977
            },
            "rewriteMs" : {
              "max" : 1985.0349426269531,
              "min" : 595.2420234680176,
              "p50" : 1005.6800246238708,
              "p95" : 1881.4837038516996
            },
            "sttMs" : {
              "max" : 1460.2060317993164,