{
  "audioBytes" : 558044,
  "audioFile" : "2 fixtures",
  "commitSHA" : "46f5ef3967aa3b973dddb4ae9fba05f11aedf64a",
  "fixtureResults" : [
    {
      "audioBytes" : 130414,
      "audioFile" : "fixture-short.caf",
      "fixtureID" : "fixture-short",
      "levels" : [
        {
          "distributions" : {
            "encodeMs" : {
              "max" : 0,
              "min" : 0,
              "p50" : 0,
              "p95" : 0
            },
            "generationMs" : {
              "max" : 595.3890085220337,
              "min" : 538.8039350509644,
              "p50" : 570.6859827041626,
              "p95" : 588.0661487579346
            },
            "pasteMs" : {
              "max" : 0.4470348358154297,
              "min" : 0.009059906005859375,
              "p50" : 0.020503997802734375,
              "p95" : 0.2813816070556637
            },
            "rewriteMs" : {
              "max" : 0,
              "min" : 0,
              "p50" : 0,
              "p95" : 0
            },
            "sttMs" : {
              "max" : 595.3890085220337,
              "min" : 538.8039350509644,
              "p50" : 570.6859827041626,
              "p95" : 588.0661487579346
            },
            "totalStageMs" : {
              "max" : 595.4040288925171,
              "min" : 538.8178825378418,
              "p50" : 570.701003074646,
              "p95" : 588.0806863307953
            }
          },
          "iterations" : 10,
          "level" : "raw",
          "providers" : {
            "sttMode" : "batch",
            "sttObserved" : [
              {
                "count" : 10,
                "model" : "scribe_v2",
                "provider" : "ElevenLabs"
              }
            ]
          }
        },
        {
          "distributions" : {
            "encodeMs" : {
              "max" : 0,
              "min" : 0,
              "p50" : 0,
              "p95" : 0
            },
            "generationMs" : {
              "max" : 3405.1849842071533,
              "min" : 994.9320554733276,
              "p50" : 1262.7994418144226,
              "p95" : 2898.671323060988
            },
            "pasteMs" : {
              "max" : 0.13899803161621094,
              "min" : 0.02396106719970703,
              "p50" : 0.07200241088867188,
              "p95" : 0.13899803161621094
            },
            "rewriteMs" : {
              "max" : 2830.2550315856934,
              "min" : 405.3070545196533,
              "p50" : 655.8414697647095,
              "p95" : 2312.499427795409
            },
            "sttMs" : {
              "max" : 641.1739587783813,
              "min" : 558.9599609375,
              "p50" : 595.4010486602783,
              "p95" : 639.996737241745
            },
            "totalStageMs" : {
              "max" : 3405.2659273147583,
              "min" : 994.9990510940552,
              "p50" : 1262.9384398460388,
              "p95" : 2898.750495910643
            }
          },
          "iterations" : 10,
          "level" : "clean",
          "providers" : {
            "rewriteObserved" : [
              {
                "count" : 10,
                "model" : "google/gemini-2.5-flash-lite",
                "path" : "openrouter"
              }
            ],
            "sttMode" : "batch",
            "sttObserved" : [
              {
                "count" : 10,
                "model" : "scribe_v2",
                "provider" : "ElevenLabs"
              }
            ]
          }
        },
        {
          "distributions" : {
            "encodeMs" : {
              "max" : 0,
              "min" : 0,
              "p50" : 0,
              "p95" : 0
            },
            "generationMs" : {
              "max" : 11832.704901695251,
              "min" : 964.9879932403564,
              "p50" : 2373.6390471458435,
              "p95" : 9701.54001116752
            },
            "pasteMs" : {
              "max" : 0.6300210952758789,
              "min" : 0.02396106719970703,
              "p50" : 0.15044212341308594,
              "p95" : 0.5345880985260008
            },
            "rewriteMs" : {
              "max" : 11231.276988983154,
              "min" : 407.63401985168457,
              "p50" : 1765.5770778656006,
              "p95" : 9067.195922136301
            },
            "sttMs" : {
              "max" : 674.5749711990356,
              "min" : 554.9410581588745,
              "p50" : 589.6264314651489,
              "p95" : 658.0680668354034
            },
            "totalStageMs" : {
              "max" : 11832.841873168945,
              "min" : 965.2320146560669,
              "p50" : 2373.679518699646,
              "p95" : 9701.898854970927
            }
          },
          "iterations" : 10,
          "level" : "polish",
          "providers" : {
            "rewriteObserved" : [
              {
                "count" : 10,
                "model" : "google/gemini-2.5-flash-lite",
                "path" : "openrouter"
              }
            ],
            "sttMode" : "batch",
            "sttObserved" : [
              {
                "count" : 10,
                "model" : "scribe_v2",
                "provider" : "ElevenLabs"
              }
            ]
          }
        }
      ]
    },
    {
      "audioBytes" : 427630,
      "audioFile" : "fixture-medium.caf",
      "fixtureID" : "fixture-medium",
      "levels" : [
        {
          "distributions" : {
            "encodeMs" : {
              "max" : 0.012040138244628906,
              "min" : 0.0020265579223632812,
              "p50" : 0.0029802322387695312,
              "p95" : 0.010699033737182614
            },
            "generationMs" : {
              "max" : 1136.4550590515137,
              "min" : 983.8820695877075,
              "p50" : 1069.1330432891846,
              "p95" : 1124.6587574481964
            },
            "pasteMs" : {
              "max" : 0.15103816986083984,
              "min" : 0.011920928955078125,
              "p50" : 0.027000904083251953,
              "p95" : 0.11504292488098136
            },
            "rewriteMs" : {
              "max" : 0,
              "min" : 0,
              "p50" : 0,
              "p95" : 0
            },
            "sttMs" : {
              "max" : 1136.4530324935913,
              "min" : 983.8730096817017,
              "p50" : 1069.130003452301,
              "p95" : 1124.6562480926514
            },
            "totalStageMs" : {
              "max" : 1136.4669799804688,
              "min" : 983.8950634002686,
              "p50" : 1069.2155361175537,
              "p95" : 1124.6770083904266
            }
          },
          "iterations" : 10,
          "level" : "raw",
          "providers" : {
            "sttMode" : "batch",
            "sttObserved" : [
              {
                "count" : 10,
                "model" : "scribe_v2",
                "provider" : "ElevenLabs"
              }
            ]
          }
        },
        {
          "distributions" : {
            "encodeMs" : {
              "max" : 0.034928321838378906,
              "min" : 0.0029802322387695312,
              "p50" : 0.007033348083496094,
              "p95" : 0.025057792663574198
            },
            "generationMs" : {
              "max" : 12133.097052574158,
              "min" : 1566.9089555740356,
              "p50" : 2394.68252658844,
              "p95" : 10014.732843637461
            },
            "pasteMs" : {
              "max" : 0.33295154571533203,
              "min" : 0.02205371856689453,
              "p50" : 0.09256601333618164,
              "p95" : 0.25468468666076644
            },
            "rewriteMs" : {
              "max" : 10728.677034378052,
              "min" : 564.2780065536499,
              "p50" : 1246.7705011367798,
              "p95" : 8779.45249676704
            },
            "sttMs" : {
              "max" : 1404.407024383545,