{
  "audioBytes" : 558044,
  "audioFile" : "2 fixtures",
  "commitSHA" : "48e78bdc87156fdbf1d0f87f31875b9905f86b7e",
  "fixtureResults" : [
    {
      "audioBytes" : 130414,
      "audioFile" : "fixture-short.caf",
      "fixtureID" : "fixture-short",
      "levels" : [
        {
          "distributions" : {
            "encodeMs" : {
              "max" : 0,
              "min" : 0,
              "p50" : 0,
              "p95" : 0
            },
            "generationMs" : {
              "max" : 1065.2010440826416,
              "min" : 557.1829080581665,
              "p50" : 609.1600060462952,
              "p95" : 1041.6295766830444
            },
            "pasteMs" : {
              "max" : 0.5040168762207031,
              "min" : 0.010013580322265625,
              "p50" : 0.06300210952758789,
              "p95" : 0.39377808570861794
            },
            "rewriteMs" : {
              "max" : 0,
              "min" : 0,
              "p50" : 0,
              "p95" : 0
            },
            "sttMs" : {
              "max" : 1065.2010440826416,
              "min" : 557.1829080581665,
              "p50" : 609.1600060462952,
              "p95" : 1041.6295766830444
            },
            "totalStageMs" : {
              "max" : 1065.2190446853638,
              "min" : 557.2839975357056,
              "p50" : 609.4365119934082,
              "p95" : 1041.7560458183289
            }
          },
          "iterations" : 10,
          "level" : "raw",
          "providers" : {
            "sttMode" : "batch",
            "sttObserved" : [
              {
                "count" : 10,
                "model" : "scribe_v2",
                "provider" : "ElevenLabs"
              }
            ]
          }
        },
        {
          "distributions" : {
            "encodeMs" : {
              "max" : 0,
              "min" : 0,
              "p50" : 0,
              "p95" : 0
            },
            "generationMs" : {
              "max" : 1819.8460340499878,
              "min" : 927.4579286575317,
              "p50" : 1286.1624956130981,
              "p95" : 1684.6898972988126
            },
            "pasteMs" : {
              "max" : 0.09393692016601562,
              "min" : 0.026941299438476562,
              "p50" : 0.04798173904418945,
              "p95" : 0.09216666221618652
            },
            "rewriteMs" : {
              "max" : 910.8409881591797,
              "min" : 325.69003105163574,
              "p50" : 583.968997001648,
              "p95" : 865.2474582195281
            },
            "sttMs" : {
              "max" : 1010.3240013122559,
              "min" : 582.0159912109375,
              "p50" : 607.959508895874,
              "p95" : 965.0162339210509
            },
            "totalStageMs" : {
              "max" : 1819.9399709701538,
              "min" : 927.487850189209,
              "p50" : 1286.191463470459,
              "p95" : 1684.7730517387388
            }
          },
          "iterations" : 10,
          "level" : "clean",
          "providers" : {
            "rewriteObserved" : [
              {
                "count" : 10,
                "model" : "inception/mercury",
                "path" : "openrouter"
              }
            ],
            "sttMode" : "batch",
            "sttObserved" : [
              {
                "count" : 10,
                "model" : "scribe_v2",
                "provider" : "ElevenLabs"
              }
            ]
          }
        },
        {
          "distributions" : {
            "encodeMs" : {
              "max" : 0,
              "min" : 0,
              "p50" : 0,
              "p95" : 0
            },
            "generationMs" : {
              "max" : 2145.2330350875854,
              "min" : 1112.2480630874634,
              "p50" : 1483.3860397338867,
              "p95" : 2119.3809390068054
            },
            "pasteMs" : {
              "max" : 0.4088878631591797,
              "min" : 0.027060508728027344,
              "p50" : 0.04744529724121094,
              "p95" : 0.3936529159545898
            },
            "rewriteMs" : {
              "max" : 1564.7380352020264,
              "min" : 422.06597328186035,
              "p50" : 774.8400568962097,
              "p95" : 1364.9888336658473
            },
            "sttMs" : {
              "max" : 1120.77796459198,
              "min" : 580.4949998855591,
              "p50" : 603.8445234298706,
              "p95" : 1093.3653056621552
            },
            "totalStageMs" : {
              "max" : 2145.2730894088745,
              "min" : 1112.2829914093018,
              "p50" : 1483.6114645004272,
              "p95" : 2119.429522752762
            }
          },
          "iterations" : 10,
          "level" : "polish",
          "providers" : {
            "rewriteObserved" : [
              {
                "count" : 10,
                "model" : "inception/mercury",
                "path" : "openrouter"
              }
            ],
            "sttMode" : "batch",
            "sttObserved" : [
              {
                "count" : 10,
                "model" : "scribe_v2",
                "provider" : "ElevenLabs"
              }
            ]
          }
        }
      ]
    },
    {
      "audioBytes" : 427630,
      "audioFile" : "fixture-medium.caf",
      "fixtureID" : "fixture-medium",
      "levels" : [
        {
          "distributions" : {
            "encodeMs" : {
              "max" : 0.014066696166992188,
              "min" : 0.003933906555175781,
              "p50" : 0.006556510925292969,
              "p95" : 0.012242794036865231
            },
            "generationMs" : {
              "max" : 1448.9271640777588,
              "min" : 1047.888994216919,
              "p50" : 1133.3115100860596,
              "p95" : 1381.5341413021085
            },
            "pasteMs" : {
              "max" : 1.6949176788330078,
              "min" : 0.012040138244628906,
              "p50" : 0.06753206253051758,
              "p95" : 0.9970068931579573
            },
            "rewriteMs" : {
              "max" : 0,
              "min" : 0,
              "p50" : 0,
              "p95" : 0
            },
            "sttMs" : {
              "max" : 1448.9210844039917,
              "min" : 1047.8830337524414,
              "p50" : 1133.3029866218567,
              "p95" : 1381.5290272235868
            },
            "totalStageMs" : {
              "max" : 1448.9490985870361,
              "min" : 1048.0329990386963,
              "p50" : 1134.1899633407593,
              "p95" : 1381.5938949584959
            }
          },
          "iterations" : 10,
          "level" : "raw",
          "providers" : {
            "sttMode" : "batch",
            "sttObserved" : [
              {
                "count" : 10,
                "model" : "scribe_v2",
                "provider" : "ElevenLabs"
              }
            ]
          }
        },
        {
          "distributions" : {
            "encodeMs" : {
              "max" : 0.011920928955078125,
              "min" : 0.0029802322387695312,
              "p50" : 0.0050067901611328125,
              "p95" : 0.010579824447631832
            },
            "generationMs" : {
              "max" : 2396.2119817733765,
              "min" : 1495.648980140686,
              "p50" : 1814.6080374717712,
              "p95" : 2374.734354019165
            },
            "pasteMs" : {
              "max" : 23.56100082397461,
              "min" : 0.025033950805664062,
              "p50" : 0.08994340896606445,
              "p95" : 13.06567788124082
            },
            "rewriteMs" : {
              "max" : 938.4950399398804,
              "min" : 422.6909875869751,
              "p50" : 620.4230189323425,
              "p95" : 936.9911253452301
            },
            "sttMs" : {
              "max" : 1774.3690013885498,