{
  "audioBytes" : 558044,
  "audioFile" : "2 fixtures",
  "commitSHA" : "5010fd901fde929a802723e2d48d2fa72da9262a",
  "fixtureResults" : [
    {
      "audioBytes" : 130414,
      "audioFile" : "fixture-short.caf",
      "fixtureID" : "fixture-short",
      "levels" : [
        {
          "distributions" : {
            "encodeMs" : {
              "max" : 0,
              "min" : 0,
              "p50" : 0,
              "p95" : 0
            },
            "generationMs" : {
              "max" : 807.236909866333,
              "min" : 546.5400218963623,
              "p50" : 581.182062625885,
              "p95" : 728.1021952629087
            },
            "pasteMs" : {
              "max" : 0.1119375228881836,
              "min" : 0.009059906005859375,
              "p50" : 0.030517578125,
              "p95" : 0.10743141174316405
            },
            "rewriteMs" : {
              "max" : 0,
              "min" : 0,
              "p50" : 0,
              "p95" : 0
            },
            "sttMs" : {
              "max" : 807.236909866333,
              "min" : 546.5400218963623,
              "p50" : 581.182062625885,
              "p95" : 728.1021952629087
            },
            "totalStageMs" : {
              "max" : 807.2539567947388,
              "min" : 546.5561151504517,
              "p50" : 581.2225341796875,
              "p95" : 728.1313657760618
            }
          },
          "iterations" : 10,
          "level" : "raw",
          "providers" : {
            "sttMode" : "batch",
            "sttObserved" : [
              {
                "count" : 10,
                "model" : "scribe_v2",
                "provider" : "ElevenLabs"
              }
            ]
          }
        },
        {
          "distributions" : {
            "encodeMs" : {
              "max" : 0,
              "min" : 0,
              "p50" : 0,
              "p95" : 0
            },
            "generationMs" : {
              "max" : 1833.4718942642212,
              "min" : 896.082878112793,
              "p50" : 1106.0324907302856,
              "p95" : 1781.2012195587156
            },
            "pasteMs" : {
              "max" : 0.4540681838989258,
              "min" : 0.0909566879272461,
              "p50" : 0.1055002212524414,
              "p95" : 0.31496882438659635
            },
            "rewriteMs" : {
              "max" : 1230.6939363479614,
              "min" : 323.75192642211914,
              "p50" : 526.3454914093018,
              "p95" : 1180.8753371238706
            },
            "sttMs" : {
              "max" : 602.7779579162598,
              "min" : 543.3570146560669,
              "p50" : 579.2094469070435,
              "p95" : 600.325882434845
            },
            "totalStageMs" : {
              "max" : 1833.5639238357544,
              "min" : 896.1958885192871,
              "p50" : 1106.1429977416992,
              "p95" : 1781.2932491302488
            }
          },
          "iterations" : 10,
          "level" : "clean",
          "providers" : {
            "rewriteObserved" : [
              {
                "count" : 10,
                "model" : "inception/mercury",
                "path" : "openrouter"
              }
            ],
            "sttMode" : "batch",
            "sttObserved" : [
              {
                "count" : 10,
                "model" : "scribe_v2",
                "provider" : "ElevenLabs"
              }
            ]
          }
        },
        {
          "distributions" : {
            "encodeMs" : {
              "max" : 0,
              "min" : 0,
              "p50" : 0,
              "p95" : 0
            },
            "generationMs" : {
              "max" : 1522.8080749511719,
              "min" : 984.9449396133423,
              "p50" : 1279.3209552764893,
              "p95" : 1491.7521715164185
            },
            "pasteMs" : {
              "max" : 0.8769035339355469,
              "min" : 0.05793571472167969,
              "p50" : 0.09751319885253906,
              "p95" : 0.8261024951934813
            },
            "rewriteMs" : {
              "max" : 904.352068901062,
              "min" : 427.01494693756104,
              "p50" : 715.736985206604,
              "p95" : 889.2032206058502
            },
            "sttMs" : {
              "max" : 618.4560060501099,
              "min" : 553.7949800491333,
              "p50" : 577.0955085754395,
              "p95" : 607.7050685882568
            },
            "totalStageMs" : {
              "max" : 1522.9060649871826,
              "min" : 985.2038621902466,
              "p50" : 1279.8054218292236,
              "p95" : 1491.8483912944794
            }
          },
          "iterations" : 10,
          "level" : "polish",
          "providers" : {
            "rewriteObserved" : [
              {
                "count" : 10,
                "model" : "inception/mercury",
                "path" : "openrouter"
              }
            ],
            "sttMode" : "batch",
            "sttObserved" : [
              {
                "count" : 10,
                "model" : "scribe_v2",
                "provider" : "ElevenLabs"
              }
            ]
          }
        }
      ]
    },
    {
      "audioBytes" : 427630,
      "audioFile" : "fixture-medium.caf",
      "fixtureID" : "fixture-medium",
      "levels" : [
        {
          "distributions" : {
            "encodeMs" : {
              "max" : 0.015020370483398438,
              "min" : 0.0069141387939453125,
              "p50" : 0.011444091796875,
              "p95" : 0.014966726303100586
            },
            "generationMs" : {
              "max" : 2351.5501022338867,
              "min" : 965.4139280319214,
              "p50" : 1031.8614840507507,
              "p95" : 1860.2360367774952
            },
            "pasteMs" : {
              "max" : 0.6369352340698242,
              "min" : 0.04398822784423828,
              "p50" : 0.08499622344970703,
              "p95" : 0.49520730972290006
            },
            "rewriteMs" : {
              "max" : 0,
              "min" : 0,
              "p50" : 0,
              "p95" : 0
            },
            "sttMs" : {
              "max" : 2351.5419960021973,
              "min" : 965.4020071029663,
              "p50" : 1031.8509936332703,
              "p95" : 1860.2257311344135
            },
            "totalStageMs" : {
              "max" : 2351.84109210968,
              "min" : 965.4579162597656,
              "p50" : 1032.020926475525,
              "p95" : 1860.540974140166
            }
          },
          "iterations" : 10,
          "level" : "raw",
          "providers" : {
            "sttMode" : "batch",
            "sttObserved" : [
              {
                "count" : 10,
                "model" : "scribe_v2",
                "provider" : "ElevenLabs"
              }
            ]
          }
        },
        {
          "distributions" : {
            "encodeMs" : {
              "max" : 0.013947486877441406,
              "min" : 0.0029802322387695312,
              "p50" : 0.007987022399902344,
              "p95" : 0.013518333435058592
            },
            "generationMs" : {
              "max" : 1914.539098739624,
              "min" : 1461.8490934371948,
              "p50" : 1666.172444820404,
              "p95" : 1856.6888391971586
            },
            "pasteMs" : {
              "max" : 0.698089599609375,
              "min" : 0.04601478576660156,
              "p50" : 0.10448694229125977,
              "p95" : 0.438398122787475
            },
            "rewriteMs" : {
              "max" : 798.7650632858276,
              "min" : 492.4250841140747,
              "p50" : 611.8740439414978,
              "p95" : 793.1598365306854
            },
            "sttMs" : {
              "max" : 1220.7599878311157,
              "min" : 904.9580097198486,