{
  "audioBytes" : 558044,
  "audioFile" : "2 fixtures",
  "commitSHA" : "7720f66f268ae200f2401af4b9d7100b8fd226aa",
  "fixtureResults" : [
    {
      "audioBytes" : 130414,
      "audioFile" : "fixture-short.caf",
      "fixtureID" : "fixture-short",
      "levels" : [
        {
          "distributions" : {
            "encodeMs" : {
              "max" : 0,
              "min" : 0,
              "p50" : 0,
              "p95" : 0
            },
            "generationMs" : {
              "max" : 978.1310558319092,
              "min" : 554.8890829086304,
              "p50" : 582.1374654769897,
              "p95" : 822.7446794509884
            },
            "pasteMs" : {
              "max" : 0.41604042053222656,
              "min" : 0.010013580322265625,
              "p50" : 0.022530555725097656,
              "p95" : 0.39528012275695795
            },
            "rewriteMs" : {
              "max" : 0,
              "min" : 0,
              "p50" : 0,
              "p95" : 0
            },
            "sttMs" : {
              "max" : 978.1310558319092,
              "min" : 554.8890829086304,
              "p50" : 582.1374654769897,
              "p95" : 822.7446794509884
            },
            "totalStageMs" : {
              "max" : 978.1550168991089,
              "min" : 554.9240112304688,
              "p50" : 582.1530222892761,
              "p95" : 822.7646172046658
            }
          },
          "iterations" : 10,
          "level" : "raw",
          "providers" : {
            "sttMode" : "batch",
            "sttObserved" : [
              {
                "count" : 10,
                "model" : "scribe_v2",
                "provider" : "ElevenLabs"
              }
            ]
          }
        },
        {
          "distributions" : {
            "encodeMs" : {
              "max" : 0,
              "min" : 0,
              "p50" : 0,
              "p95" : 0
            },
            "generationMs" : {
              "max" : 1154.4098854064941,
              "min" : 919.6430444717407,
              "p50" : 1054.096519947052,
              "p95" : 1146.1389183998108
            },
            "pasteMs" : {
              "max" : 0.34296512603759766,
              "min" : 0.054001808166503906,
              "p50" : 0.09751319885253906,
              "p95" : 0.26110410690307595
            },
            "rewriteMs" : {
              "max" : 543.8629388809204,
              "min" : 302.7549982070923,
              "p50" : 355.20100593566895,
              "p95" : 539.1541600227356
            },
            "sttMs" : {
              "max" : 804.3359518051147,
              "min" : 564.228892326355,
              "p50" : 604.6514511108398,
              "p95" : 783.6615920066833
            },
            "totalStageMs" : {
              "max" : 1154.5709371566772,
              "min" : 919.7690486907959,
              "p50" : 1054.170548915863,
              "p95" : 1146.2841987609863
            }
          },
          "iterations" : 10,
          "level" : "clean",
          "providers" : {
            "rewriteObserved" : [
              {
                "count" : 10,
                "model" : "inception/mercury",
                "path" : "openrouter"
              }
            ],
            "sttMode" : "batch",
            "sttObserved" : [
              {
                "count" : 10,
                "model" : "scribe_v2",
                "provider" : "ElevenLabs"
              }
            ]
          }
        },
        {
          "distributions" : {
            "encodeMs" : {
              "max" : 0,
              "min" : 0,
              "p50" : 0,
              "p95" : 0
            },
            "generationMs" : {
              "max" : 1609.1469526290894,
              "min" : 1087.913990020752,
              "p50" : 1137.560486793518,
              "p95" : 1525.892525911331
            },
            "pasteMs" : {
              "max" : 1.6039609909057617,
              "min" : 0.048995018005371094,
              "p50" : 0.08845329284667969,
              "p95" : 1.1238455772399891
            },
            "rewriteMs" : {
              "max" : 1003.1929016113281,
              "min" : 477.9270887374878,
              "p50" : 548.4780073165894,
              "p95" : 861.0640406608578
            },
            "sttMs" : {
              "max" : 797.2930669784546,
              "min" : 565.5660629272461,
              "p50" : 597.8775024414062,
              "p95" : 716.4158821105955
            },
            "totalStageMs" : {
              "max" : 1610.7509136199951,
              "min" : 1087.9629850387573,
              "p50" : 1137.6444697380066,
              "p95" : 1526.7998635768888
            }
          },
          "iterations" : 10,
          "level" : "polish",
          "providers" : {
            "rewriteObserved" : [
              {
                "count" : 10,
                "model" : "inception/mercury",
                "path" : "openrouter"
              }
            ],
            "sttMode" : "batch",
            "sttObserved" : [
              {
                "count" : 10,
                "model" : "scribe_v2",
                "provider" : "ElevenLabs"
              }
            ]
          }
        }
      ]
    },
    {
      "audioBytes" : 427630,
      "audioFile" : "fixture-medium.caf",
      "fixtureID" : "fixture-medium",
      "levels" : [
        {
          "distributions" : {
            "encodeMs" : {
              "max" : 0.01704692840576172,
              "min" : 0.0029802322387695312,
              "p50" : 0.010013580322265625,
              "p95" : 0.015705823898315426
            },
            "generationMs" : {
              "max" : 1404.9689769744873,
              "min" : 1027.7199745178223,
              "p50" : 1101.7524600028992,
              "p95" : 1382.5315475463867
            },
            "pasteMs" : {
              "max" : 0.20706653594970703,
              "min" : 0.012993812561035156,
              "p50" : 0.12999773025512695,
              "p95" : 0.19848346710205075
            },
            "rewriteMs" : {
              "max" : 0,
              "min" : 0,
              "p50" : 0,
              "p95" : 0
            },
            "sttMs" : {
              "max" : 1404.9550294876099,
              "min" : 1027.7029275894165,
              "p50" : 1101.738452911377,
              "p95" : 1382.519370317459
            },
            "totalStageMs" : {
              "max" : 1405.156970024109,
              "min" : 1027.845025062561,
              "p50" : 1101.8584370613098,
              "p95" : 1382.7114403247833
            }
          },
          "iterations" : 10,
          "level" : "raw",
          "providers" : {
            "sttMode" : "batch",
            "sttObserved" : [
              {
                "count" : 10,
                "model" : "scribe_v2",
                "provider" : "ElevenLabs"
              }
            ]
          }
        },
        {
          "distributions" : {
            "encodeMs" : {
              "max" : 0.030040740966796875,
              "min" : 0.0020265579223632812,
              "p50" : 0.01150369644165039,
              "p95" : 0.023710727691650377
            },
            "generationMs" : {
              "max" : 2313.4610652923584,
              "min" : 1562.3420476913452,
              "p50" : 1800.2616167068481,
              "p95" : 2216.970205307007
            },
            "pasteMs" : {
              "max" : 0.4010200500488281,
              "min" : 0.026941299438476562,
              "p50" : 0.11301040649414062,
              "p95" : 0.2894401550292966
            },
            "rewriteMs" : {
              "max" : 911.84401512146,
              "min" : 495.0650930404663,
              "p50" : 706.0295343399048,
              "p95" : 908.5760653018951
            },
            "sttMs" : {
              "max" : 1506.3869953155518,
              "min" : 966.1650657653809,