{
  "audioBytes" : 558044,
  "audioFile" : "2 fixtures",
  "commitSHA" : "8768267d2e9234d72153c7a3cac621bd564129a8",
  "fixtureResults" : [
    {
      "audioBytes" : 130414,
      "audioFile" : "fixture-short.caf",
      "fixtureID" : "fixture-short",
      "levels" : [
        {
          "distributions" : {
            "encodeMs" : {
              "max" : 0,
              "min" : 0,
              "p50" : 0,
              "p95" : 0
            },
            "generationMs" : {
              "max" : 921.4169979095459,
              "min" : 553.4700155258179,
              "p50" : 638.3330225944519,
              "p95" : 918.866378068924
            },
            "pasteMs" : {
              "max" : 0.17595291137695312,
              "min" : 0.010013580322265625,
              "p50" : 0.016987323760986328,
              "p95" : 0.11077523231506332
            },
            "rewriteMs" : {
              "max" : 0,
              "min" : 0,
              "p50" : 0,
              "p95" : 0
            },
            "sttMs" : {
              "max" : 921.4169979095459,
              "min" : 553.4700155258179,
              "p50" : 638.3330225944519,
              "p95" : 918.866378068924
            },
            "totalStageMs" : {
              "max" : 921.4470386505127,
              "min" : 553.48801612854,
              "p50" : 638.3460164070129,
              "p95" : 918.8900887966156
            }
          },
          "iterations" : 10,
          "level" : "raw",
          "providers" : {
            "sttMode" : "batch",
            "sttObserved" : [
              {
                "count" : 10,
                "model" : "scribe_v2",
                "provider" : "ElevenLabs"
              }
            ]
          }
        },
        {
          "distributions" : {
            "encodeMs" : {
              "max" : 0,
              "min" : 0,
              "p50" : 0,
              "p95" : 0
            },
            "generationMs" : {
              "max" : 16458.76705646515,
              "min" : 895.1979875564575,
              "p50" : 1455.251932144165,
              "p95" : 16458.615350723267
            },
            "pasteMs" : {
              "max" : 0.5800724029541016,
              "min" : 0.02300739288330078,
              "p50" : 0.0374913215637207,
              "p95" : 0.4589974880218503
            },
            "rewriteMs" : {
              "max" : 15892.825961112976,
              "min" : 334.7100019454956,
              "p50" : 754.859983921051,
              "p95" : 15877.427452802658
            },
            "sttMs" : {
              "max" : 957.4359655380249,
              "min" : 545.1110601425171,
              "p50" : 606.9509983062744,
              "p95" : 812.8720879554745
            },
            "totalStageMs" : {
              "max" : 16458.889961242676,
              "min" : 895.2209949493408,
              "p50" : 1455.2758932113647,
              "p95" : 16458.81700515747
            }
          },
          "iterations" : 10,
          "level" : "clean",
          "providers" : {
            "rewriteObserved" : [
              {
                "count" : 7,
                "model" : "inception/mercury",
                "path" : "openrouter"
              }
            ],
            "sttMode" : "batch",
            "sttObserved" : [
              {
                "count" : 10,
                "model" : "scribe_v2",
                "provider" : "ElevenLabs"
              }
            ]
          }
        },
        {
          "distributions" : {
            "encodeMs" : {
              "max" : 0,
              "min" : 0,
              "p50" : 0,
              "p95" : 0
            },
            "generationMs" : {
              "max" : 2392.5310373306274,
              "min" : 1090.6790494918823,
              "p50" : 1533.9875221252441,
              "p95" : 2290.07773399353
            },
            "pasteMs" : {
              "max" : 0.5789995193481445,
              "min" : 0.025033950805664062,
              "p50" : 0.04851818084716797,
              "p95" : 0.3701627254486079
            },
            "rewriteMs" : {
              "max" : 1799.5010614395142,
              "min" : 497.7930784225464,
              "p50" : 858.4654927253723,
              "p95" : 1613.5907709598537
            },
            "sttMs" : {
              "max" : 930.7290315628052,
              "min" : 554.0040731430054,
              "p50" : 597.9140400886536,
              "p95" : 878.9560675621032
            },
            "totalStageMs" : {
              "max" : 2392.567992210388,
              "min" : 1090.710997581482,
              "p50" : 1534.319519996643,
              "p95" : 2290.109324455261
            }
          },
          "iterations" : 10,
          "level" : "polish",
          "providers" : {
            "rewriteObserved" : [
              {
                "count" : 10,
                "model" : "inception/mercury",
                "path" : "openrouter"
              }
            ],
            "sttMode" : "batch",
            "sttObserved" : [
              {
                "count" : 10,
                "model" : "scribe_v2",
                "provider" : "ElevenLabs"
              }
            ]
          }
        }
      ]
    },
    {
      "audioBytes" : 427630,
      "audioFile" : "fixture-medium.caf",
      "fixtureID" : "fixture-medium",
      "levels" : [
        {
          "distributions" : {
            "encodeMs" : {
              "max" : 0.05793571472167969,
              "min" : 0.0029802322387695312,
              "p50" : 0.007987022399902344,
              "p95" : 0.03996491432189937
            },
            "generationMs" : {
              "max" : 2657.1229696273804,
              "min" : 996.351957321167,
              "p50" : 1050.8390069007874,
              "p95" : 2141.844171285628
            },
            "pasteMs" : {
              "max" : 0.11098384857177734,
              "min" : 0.009059906005859375,
              "p50" : 0.03445148468017578,
              "p95" : 0.10696053504943846
            },
            "rewriteMs" : {
              "max" : 0,
              "min" : 0,
              "p50" : 0,
              "p95" : 0
            },
            "sttMs" : {
              "max" : 2657.0650339126587,
              "min" : 996.3399171829224,
              "p50" : 1050.8285164833069,
              "p95" : 2141.8109655380235
            },
            "totalStageMs" : {
              "max" : 2657.194972038269,
              "min" : 996.3610172271729,
              "p50" : 1050.8724451065063,
              "p95" : 2141.8923556804643
            }
          },
          "iterations" : 10,
          "level" : "raw",
          "providers" : {
            "sttMode" : "batch",
            "sttObserved" : [
              {
                "count" : 10,
                "model" : "scribe_v2",
                "provider" : "ElevenLabs"
              }
            ]
          }
        },
        {
          "distributions" : {
            "encodeMs" : {
              "max" : 0.012040138244628906,
              "min" : 0.0020265579223632812,
              "p50" : 0.0045299530029296875,
              "p95" : 0.011128187179565428
            },
            "generationMs" : {
              "max" : 17065.500020980835,
              "min" : 1694.6580410003662,
              "p50" : 3540.435016155243,
              "p95" : 16977.09886431694
            },
            "pasteMs" : {
              "max" : 0.11706352233886719,
              "min" : 0.02300739288330078,
              "p50" : 0.06699562072753906,
              "p95" : 0.11298656463623045
            },
            "rewriteMs" : {
              "max" : 15845.903992652893,
              "min" : 590.6569957733154,
              "p50" : 2332.457482814789,
              "p95" : 15811.364704370499
            },
            "sttMs" : {
              "max" : 1436.7740154266357,
              "min" : 964.9660587310791,