{
  "audioBytes" : 558044,
  "audioFile" : "2 fixtures",
  "commitSHA" : "8ac8a90d3c357431bb744c5ada88e25f1de25ace",
  "fixtureResults" : [
    {
      "audioBytes" : 130414,
      "audioFile" : "fixture-short.caf",
      "fixtureID" : "fixture-short",
      "levels" : [
        {
          "distributions" : {
            "encodeMs" : {
              "max" : 0,
              "min" : 0,
              "p50" : 0,
              "p95" : 0
            },
            "generationMs" : {
              "max" : 595.8900451660156,
              "min" : 477.33306884765625,
              "p50" : 527.8134942054749,
              "p95" : 587.9736125469208
            },
            "pasteMs" : {
              "max" : 0.1360177993774414,
              "min" : 0.03802776336669922,
              "p50" : 0.06645917892456055,
              "p95" : 0.1265764236450195
            },
            "rewriteMs" : {
              "max" : 0,
              "min" : 0,
              "p50" : 0,
              "p95" : 0
            },
            "sttMs" : {
              "max" : 595.8900451660156,
              "min" : 477.33306884765625,
              "p50" : 527.8134942054749,
              "p95" : 587.9736125469208
            },
            "totalStageMs" : {
              "max" : 595.9689617156982,
              "min" : 477.44810581207275,
              "p50" : 527.8639793395996,
              "p95" : 588.0404055118561
            }
          },
          "iterations" : 10,
          "level" : "raw",
          "providers" : {
            "sttMode" : "batch",
            "sttObserved" : [
              {
                "count" : 10,
                "model" : "scribe_v2",
                "provider" : "ElevenLabs"
              }
            ]
          }
        },
        {
          "distributions" : {
            "encodeMs" : {
              "max" : 0,
              "min" : 0,
              "p50" : 0,
              "p95" : 0
            },
            "generationMs" : {
              "max" : 854.9580574035645,
              "min" : 509.98997688293457,
              "p50" : 532.3600769042969,
              "p95" : 742.8122162818906
            },
            "pasteMs" : {
              "max" : 0.11801719665527344,
              "min" : 0.025987625122070312,
              "p50" : 0.058531761169433594,
              "p95" : 0.10766386985778806
            },
            "rewriteMs" : {
              "max" : 12.907028198242188,
              "min" : 8.520007133483887,
              "p50" : 9.860515594482422,
              "p95" : 12.220329046249388
            },
            "sttMs" : {
              "max" : 843.5770273208618,
              "min" : 500.84900856018066,
              "p50" : 522.4995613098145,
              "p95" : 732.6979398727415
            },
            "totalStageMs" : {
              "max" : 855.0280332565308,
              "min" : 510.0419521331787,
              "p50" : 532.4016213417053,
              "p95" : 742.8628802299497
            }
          },
          "iterations" : 10,
          "level" : "clean",
          "providers" : {
            "rewriteObserved" : [

            ],
            "sttMode" : "batch",
            "sttObserved" : [
              {
                "count" : 10,
                "model" : "scribe_v2",
                "provider" : "ElevenLabs"
              }
            ]
          }
        },
        {
          "distributions" : {
            "encodeMs" : {
              "max" : 0,
              "min" : 0,
              "p50" : 0,
              "p95" : 0
            },
            "generationMs" : {
              "max" : 616.7869567871094,
              "min" : 483.43193531036377,
              "p50" : 534.2229604721069,
              "p95" : 596.714323759079
            },
            "pasteMs" : {
              "max" : 0.11599063873291016,
              "min" : 0.02002716064453125,
              "p50" : 0.08243322372436523,
              "p95" : 0.11148452758789061
            },
            "rewriteMs" : {
              "max" : 12.901902198791504,
              "min" : 8.430004119873047,
              "p50" : 10.496973991394043,
              "p95" : 12.529772520065308
            },
            "sttMs" : {
              "max" : 605.3769588470459,
              "min" : 474.808931350708,
              "p50" : 523.4954953193665,
              "p95" : 585.7322454452515
            },
            "totalStageMs" : {
              "max" : 616.878867149353,
              "min" : 483.4519624710083,
              "p50" : 534.3319773674011,
              "p95" : 596.8125641345978
            }
          },
          "iterations" : 10,
          "level" : "polish",
          "providers" : {
            "rewriteObserved" : [

            ],
            "sttMode" : "batch",
            "sttObserved" : [
              {
                "count" : 10,
                "model" : "scribe_v2",
                "provider" : "ElevenLabs"
              }
            ]
          }
        }
      ]
    },
    {
      "audioBytes" : 427630,
      "audioFile" : "fixture-medium.caf",
      "fixtureID" : "fixture-medium",
      "levels" : [
        {
          "distributions" : {
            "encodeMs" : {
              "max" : 0.1710653305053711,
              "min" : 0.033020973205566406,
              "p50" : 0.0889897346496582,
              "p95" : 0.1552939414978027
            },
            "generationMs" : {
              "max" : 2217.3919677734375,
              "min" : 935.2201223373413,
              "p50" : 995.7065582275391,
              "p95" : 1683.250534534453
            },
            "pasteMs" : {
              "max" : 0.09703636169433594,
              "min" : 0.008940696716308594,
              "p50" : 0.03743171691894531,
              "p95" : 0.08759498596191403
            },
            "rewriteMs" : {
              "max" : 0,
              "min" : 0,
              "p50" : 0,
              "p95" : 0
            },
            "sttMs" : {
              "max" : 2217.25594997406,
              "min" : 935.1080656051636,
              "p50" : 995.6310391426086,
              "p95" : 1683.1406414508806
            },
            "totalStageMs" : {
              "max" : 2217.423915863037,
              "min" : 935.2550506591797,
              "p50" : 995.7290291786194,
              "p95" : 1683.2869887351976
            }
          },
          "iterations" : 10,
          "level" : "raw",
          "providers" : {
            "sttMode" : "batch",
            "sttObserved" : [
              {
                "count" : 10,
                "model" : "scribe_v2",
                "provider" : "ElevenLabs"
              }
            ]
          }
        },
        {
          "distributions" : {
            "encodeMs" : {
              "max" : 0.20611286163330078,
              "min" : 0.07903575897216797,
              "p50" : 0.16248226165771484,
              "p95" : 0.2019822597503662
            },
            "generationMs" : {
              "max" : 1038.9049053192139,
              "min" : 985.8419895172119,
              "p50" : 1006.8165063858032,
              "p95" : 1031.6793024539948
            },
            "pasteMs" : {
              "max" : 0.11801719665527344,
              "min" : 0.028014183044433594,
              "p50" : 0.09691715240478516,
              "p95" : 0.11576414108276367
            },
            "rewriteMs" : {
              "max" : 15.359044075012207,
              "min" : 9.46807861328125,
              "p50" : 11.512935161590576,
              "p95" : 14.33122158050537
            },
            "sttMs" : {
              "max" : 1027.048945426941,
              "min" : 974.9529361724854,
              "p50" : 994.5325255393982,
              "p95" : 1020.2472388744354
            },
            "totalStageMs" : {
              "max" : 1038.9968156814575,
              "min" : 985.9439134597778,
              "p50" : 1006.9305300712585,