{
  "audioBytes" : 558044,
  "audioFile" : "2 fixtures",
  "commitSHA" : "9dc928c6dfdac9c886461b9f8fbf6f4d9f5c47e9",
  "fixtureResults" : [
    {
      "audioBytes" : 130414,
      "audioFile" : "fixture-short.caf",
      "fixtureID" : "fixture-short",
      "levels" : [
        {
          "distributions" : {
            "encodeMs" : {
              "max" : 0,
              "min" : 0,
              "p50" : 0,
              "p95" : 0
            },
            "generationMs" : {
              "max" : 2174.9359369277954,
              "min" : 578.6260366439819,
              "p50" : 601.4739871025085,
              "p95" : 1999.963372945785
            },
            "pasteMs" : {
              "max" : 0.2529621124267578,
              "min" : 0.008940696716308594,
              "p50" : 0.025987625122070312,
              "p95" : 0.17694830894470198
            },
            "rewriteMs" : {
              "max" : 0,
              "min" : 0,
              "p50" : 0,
              "p95" : 0
            },
            "sttMs" : {
              "max" : 2174.9359369277954,
              "min" : 578.6260366439819,
              "p50" : 601.4739871025085,
              "p95" : 1999.963372945785
            },
            "totalStageMs" : {
              "max" : 2174.962878227234,
              "min" : 578.6830186843872,
              "p50" : 601.485013961792,
              "p95" : 2000.0920236110683
            }
          },
          "iterations" : 10,
          "level" : "raw",
          "providers" : {
            "sttMode" : "batch",
            "sttObserved" : [
              {
                "count" : 10,
                "model" : "scribe_v2",
                "provider" : "ElevenLabs"
              }
            ]
          }
        },
        {
          "distributions" : {
            "encodeMs" : {
              "max" : 0,
              "min" : 0,
              "p50" : 0,
              "p95" : 0
            },
            "generationMs" : {
              "max" : 1438.1009340286255,
              "min" : 861.2860441207886,
              "p50" : 1009.6505284309387,
              "p95" : 1281.6588938236232
            },
            "pasteMs" : {
              "max" : 1.2280941009521484,
              "min" : 0.025987625122070312,
              "p50" : 0.0635385513305664,
              "p95" : 0.7924497127532949
            },
            "rewriteMs" : {
              "max" : 472.16796875,
              "min" : 230.66401481628418,
              "p50" : 354.59405183792114,
              "p95" : 465.71001410484314
            },
            "sttMs" : {
              "max" : 1093.6999320983887,
              "min" : 599.7200012207031,
              "p50" : 614.6075129508972,
              "p95" : 907.9696714878078
            },
            "totalStageMs" : {
              "max" : 1438.1729364395142,
              "min" : 861.3179922103882,
              "p50" : 1009.8080635070801,
              "p95" : 1282.2511374950404
            }
          },
          "iterations" : 10,
          "level" : "clean",
          "providers" : {
            "rewriteObserved" : [
              {
                "count" : 10,
                "model" : "inception/mercury",
                "path" : "openrouter"
              }
            ],
            "sttMode" : "batch",
            "sttObserved" : [
              {
                "count" : 10,
                "model" : "scribe_v2",
                "provider" : "ElevenLabs"
              }
            ]
          }
        },
        {
          "distributions" : {
            "encodeMs" : {
              "max" : 0,
              "min" : 0,
              "p50" : 0,
              "p95" : 0
            },
            "generationMs" : {
              "max" : 1653.9099216461182,
              "min" : 1116.4829730987549,
              "p50" : 1387.8589868545532,
              "p95" : 1581.1913192272184
            },
            "pasteMs" : {
              "max" : 0.3490447998046875,
              "min" : 0.02300739288330078,
              "p50" : 0.049948692321777344,
              "p95" : 0.3413736820220947
            },
            "rewriteMs" : {
              "max" : 890.3080224990845,
              "min" : 442.33596324920654,
              "p50" : 596.511960029602,
              "p95" : 858.9304149150847
            },
            "sttMs" : {
              "max" : 1211.5739583969116,
              "min" : 598.4039306640625,
              "p50" : 652.8910398483276,
              "p95" : 1052.0867526531215
            },
            "totalStageMs" : {
              "max" : 1653.9369821548462,
              "min" : 1116.5059804916382,
              "p50" : 1388.0499601364136,
              "p95" : 1581.2548041343687
            }
          },
          "iterations" : 10,
          "level" : "polish",
          "providers" : {
            "rewriteObserved" : [
              {
                "count" : 10,
                "model" : "inception/mercury",
                "path" : "openrouter"
              }
            ],
            "sttMode" : "batch",
            "sttObserved" : [
              {
                "count" : 10,
                "model" : "scribe_v2",
                "provider" : "ElevenLabs"
              }
            ]
          }
        }
      ]
    },
    {
      "audioBytes" : 427630,
      "audioFile" : "fixture-medium.caf",
      "fixtureID" : "fixture-medium",
      "levels" : [
        {
          "distributions" : {
            "encodeMs" : {
              "max" : 0.010013580322265625,
              "min" : 0.0020265579223632812,
              "p50" : 0.0030994415283203125,
              "p95" : 0.00958442687988281
            },
            "generationMs" : {
              "max" : 1663.2089614868164,
              "min" : 1143.2950496673584,
              "p50" : 1234.850525856018,
              "p95" : 1556.7772448062894
            },
            "pasteMs" : {
              "max" : 1.114964485168457,
              "min" : 0.009894371032714844,
              "p50" : 0.05501508712768555,
              "p95" : 0.7612884044647208
            },
            "rewriteMs" : {
              "max" : 0,
              "min" : 0,
              "p50" : 0,
              "p95" : 0
            },
            "sttMs" : {
              "max" : 1663.2009744644165,
              "min" : 1143.2920694351196,
              "p50" : 1234.845519065857,
              "p95" : 1556.7687749862669
            },
            "totalStageMs" : {
              "max" : 1663.2238626480103,
              "min" : 1143.304944038391,
              "p50" : 1235.048532485962,
              "p95" : 1556.7957937717435
            }
          },
          "iterations" : 10,
          "level" : "raw",
          "providers" : {
            "sttMode" : "batch",
            "sttObserved" : [
              {
                "count" : 10,
                "model" : "scribe_v2",
                "provider" : "ElevenLabs"
              }
            ]
          }
        },
        {
          "distributions" : {
            "encodeMs" : {
              "max" : 0.0059604644775390625,
              "min" : 0.0020265579223632812,
              "p50" : 0.0029802322387695312,
              "p95" : 0.005531311035156249
            },
            "generationMs" : {
              "max" : 2098.988890647888,
              "min" : 1553.0459880828857,
              "p50" : 1902.6255011558533,
              "p95" : 2085.4543030261993
            },
            "pasteMs" : {
              "max" : 0.49507617950439453,
              "min" : 0.025033950805664062,
              "p50" : 0.0845193862915039,
              "p95" : 0.4153609275817869
            },
            "rewriteMs" : {
              "max" : 704.1069269180298,
              "min" : 400.4499912261963,
              "p50" : 590.7325148582458,
              "p95" : 698.473858833313
            },
            "sttMs" : {
              "max" : 1638.5849714279175,