{
  "audioBytes" : 558044,
  "audioFile" : "2 fixtures",
  "commitSHA" : "c4848963f9c1ecab6ef34e9ed533d5f54d018cbf",
  "fixtureResults" : [
    {
      "audioBytes" : 130414,
      "audioFile" : "fixture-short.caf",
      "fixtureID" : "fixture-short",
      "levels" : [
        {
          "distributions" : {
            "encodeMs" : {
              "max" : 0,
              "min" : 0,
              "p50" : 0,
              "p95" : 0
            },
            "generationMs" : {
              "max" : 604.8179864883423,
              "min" : 540.992021560669,
              "p50" : 579.3575048446655,
              "p95" : 600.3364443778992
            },
            "pasteMs" : {
              "max" : 0.031948089599609375,
              "min" : 0.012993812561035156,
              "p50" : 0.014007091522216797,
              "p95" : 0.030660629272460934
            },
            "rewriteMs" : {
              "max" : 0,
              "min" : 0,
              "p50" : 0,
              "p95" : 0
            },
            "sttMs" : {
              "max" : 604.8179864883423,
              "min" : 540.992021560669,
              "p50" : 579.3575048446655,
              "p95" : 600.3364443778992
            },
            "totalStageMs" : {
              "max" : 604.8319339752197,
              "min" : 541.0211086273193,
              "p50" : 579.371452331543,
              "p95" : 600.3499627113342
            }
          },
          "iterations" : 10,
          "level" : "raw",
          "providers" : {
            "sttMode" : "batch",
            "sttObserved" : [
              {
                "count" : 10,
                "model" : "scribe_v2",
                "provider" : "ElevenLabs"
              }
            ]
          }
        },
        {
          "distributions" : {
            "encodeMs" : {
              "max" : 0,
              "min" : 0,
              "p50" : 0,
              "p95" : 0
            },
            "generationMs" : {
              "max" : 2018.9599990844727,
              "min" : 995.507001876831,
              "p50" : 1206.174075603485,
              "p95" : 1966.274011135101
            },
            "pasteMs" : {
              "max" : 0.22399425506591797,
              "min" : 0.0209808349609375,
              "p50" : 0.036597251892089844,
              "p95" : 0.18526315689086906
            },
            "rewriteMs" : {
              "max" : 1447.8440284729004,
              "min" : 441.6530132293701,
              "p50" : 599.8580455780029,
              "p95" : 1396.1628496646879
            },
            "sttMs" : {
              "max" : 618.954062461853,
              "min" : 532.0479869842529,
              "p50" : 573.5644698143005,
              "p95" : 607.5798332691193
            },
            "totalStageMs" : {
              "max" : 2018.9919471740723,
              "min" : 995.5528974533081,
              "p50" : 1206.3010334968567,
              "p95" : 1966.3091778755186
            }
          },
          "iterations" : 10,
          "level" : "clean",
          "providers" : {
            "rewriteObserved" : [
              {
                "count" : 10,
                "model" : "google/gemini-2.5-flash-lite",
                "path" : "openrouter"
              }
            ],
            "sttMode" : "batch",
            "sttObserved" : [
              {
                "count" : 10,
                "model" : "scribe_v2",
                "provider" : "ElevenLabs"
              }
            ]
          }
        },
        {
          "distributions" : {
            "encodeMs" : {
              "max" : 0,
              "min" : 0,
              "p50" : 0,
              "p95" : 0
            },
            "generationMs" : {
              "max" : 2137.405037879944,
              "min" : 1012.9098892211914,
              "p50" : 1183.0065846443176,
              "p95" : 2074.472099542618
            },
            "pasteMs" : {
              "max" : 0.14197826385498047,
              "min" : 0.02300739288330078,
              "p50" : 0.1100301742553711,
              "p95" : 0.1414954662322998
            },
            "rewriteMs" : {
              "max" : 1499.8130798339844,
              "min" : 416.67890548706055,
              "p50" : 569.4855451583862,
              "p95" : 1444.0031766891477
            },
            "sttMs" : {
              "max" : 901.136040687561,
              "min" : 583.5719108581543,
              "p50" : 607.9410314559937,
              "p95" : 787.4471247196195
            },
            "totalStageMs" : {
              "max" : 2137.457013130188,
              "min" : 1013.0468606948853,
              "p50" : 1183.0770373344421,
              "p95" : 2074.564093351364
            }
          },
          "iterations" : 10,
          "level" : "polish",
          "providers" : {
            "rewriteObserved" : [
              {
                "count" : 10,
                "model" : "google/gemini-2.5-flash-lite",
                "path" : "openrouter"
              }
            ],
            "sttMode" : "batch",
            "sttObserved" : [
              {
                "count" : 10,
                "model" : "scribe_v2",
                "provider" : "ElevenLabs"
              }
            ]
          }
        }
      ]
    },
    {
      "audioBytes" : 427630,
      "audioFile" : "fixture-medium.caf",
      "fixtureID" : "fixture-medium",
      "levels" : [
        {
          "distributions" : {
            "encodeMs" : {
              "max" : 0.009894371032714844,
              "min" : 0.0019073486328125,
              "p50" : 0.0029802322387695312,
              "p95" : 0.008606910705566403
            },
            "generationMs" : {
              "max" : 1236.184000968933,
              "min" : 926.8320798873901,
              "p50" : 1019.0454125404358,
              "p95" : 1173.8837420940397
            },
            "pasteMs" : {
              "max" : 0.03898143768310547,
              "min" : 0.013947486877441406,
              "p50" : 0.022470951080322266,
              "p95" : 0.036728382110595696
            },
            "rewriteMs" : {
              "max" : 0,
              "min" : 0,
              "p50" : 0,
              "p95" : 0
            },
            "sttMs" : {
              "max" : 1236.1819744110107,
              "min" : 926.8300533294678,
              "p50" : 1019.04296875,
              "p95" : 1173.8817155361173
            },
            "totalStageMs" : {
              "max" : 1236.212968826294,
              "min" : 926.8491268157959,
              "p50" : 1019.076406955719,
              "p95" : 1173.9073455333707
            }
          },
          "iterations" : 10,
          "level" : "raw",
          "providers" : {
            "sttMode" : "batch",
            "sttObserved" : [
              {
                "count" : 10,
                "model" : "scribe_v2",
                "provider" : "ElevenLabs"
              }
            ]
          }
        },
        {
          "distributions" : {
            "encodeMs" : {
              "max" : 0.010013580322265625,
              "min" : 0.0020265579223632812,
              "p50" : 0.005543231964111328,
              "p95" : 0.010013580322265625
            },
            "generationMs" : {
              "max" : 2991.259813308716,
              "min" : 1539.3069982528687,
              "p50" : 1759.715974330902,
              "p95" : 2839.731848239898
            },
            "pasteMs" : {
              "max" : 0.15103816986083984,
              "min" : 0.03898143768310547,
              "p50" : 0.0890493392944336,
              "p95" : 0.14647841453552246
            },
            "rewriteMs" : {
              "max" : 1464.4560813903809,
              "min" : 506.69801235198975,
              "p50" : 696.5189576148987,
              "p95" : 1193.6802148818963
            },
            "sttMs" : {
              "max" : 2325.171947479248,