{
  "audioBytes" : 558044,
  "audioFile" : "2 fixtures",
  "commitSHA" : "c8fe8686639b4cb2883e17df1a6653781eff3d63",
  "fixtureResults" : [
    {
      "audioBytes" : 130414,
      "audioFile" : "fixture-short.caf",
      "fixtureID" : "fixture-short",
      "levels" : [
        {
          "distributions" : {
            "encodeMs" : {
              "max" : 0,
              "min" : 0,
              "p50" : 0,
              "p95" : 0
            },
            "generationMs" : {
              "max" : 780.4030179977417,
              "min" : 549.589991569519,
              "p50" : 583.6959481239319,
              "p95" : 700.6369113922117
            },
            "pasteMs" : {
              "max" : 0.41806697845458984,
              "min" : 0.010967254638671875,
              "p50" : 0.05900859832763672,
              "p95" : 0.3428578376770018
            },
            "rewriteMs" : {
              "max" : 0,
              "min" : 0,
              "p50" : 0,
              "p95" : 0
            },
            "sttMs" : {
              "max" : 780.4030179977417,
              "min" : 549.589991569519,
              "p50" : 583.6959481239319,
              "p95" : 700.6369113922117
            },
            "totalStageMs" : {
              "max" : 780.4321050643921,
              "min" : 550.0080585479736,
              "p50" : 583.734393119812,
              "p95" : 700.6614387035368
            }
          },
          "iterations" : 10,
          "level" : "raw",
          "providers" : {
            "sttMode" : "batch",
            "sttObserved" : [
              {
                "count" : 10,
                "model" : "scribe_v2",
                "provider" : "ElevenLabs"
              }
            ]
          }
        },
        {
          "distributions" : {
            "encodeMs" : {
              "max" : 0,
              "min" : 0,
              "p50" : 0,
              "p95" : 0
            },
            "generationMs" : {
              "max" : 1395.2280282974243,
              "min" : 976.5419960021973,
              "p50" : 1116.4340376853943,
              "p95" : 1346.0186660289764
            },
            "pasteMs" : {
              "max" : 0.47194957733154297,
              "min" : 0.04100799560546875,
              "p50" : 0.05447864532470703,
              "p95" : 0.2973377704620357
            },
            "rewriteMs" : {
              "max" : 750.3210306167603,
              "min" : 377.62999534606934,
              "p50" : 548.0844974517822,
              "p95" : 734.5835983753204
            },
            "sttMs" : {
              "max" : 644.9069976806641,
              "min" : 543.2039499282837,
              "p50" : 570.5139636993408,
              "p95" : 636.0986769199371
            },
            "totalStageMs" : {
              "max" : 1395.279049873352,
              "min" : 976.5830039978027,
              "p50" : 1116.694986820221,
              "p95" : 1346.0727989673615
            }
          },
          "iterations" : 10,
          "level" : "clean",
          "providers" : {
            "rewriteObserved" : [
              {
                "count" : 10,
                "model" : "google/gemini-2.5-flash-lite",
                "path" : "openrouter"
              }
            ],
            "sttMode" : "batch",
            "sttObserved" : [
              {
                "count" : 10,
                "model" : "scribe_v2",
                "provider" : "ElevenLabs"
              }
            ]
          }
        },
        {
          "distributions" : {
            "encodeMs" : {
              "max" : 0,
              "min" : 0,
              "p50" : 0,
              "p95" : 0
            },
            "generationMs" : {
              "max" : 1250.9310245513916,
              "min" : 974.4799137115479,
              "p50" : 1044.398009777069,
              "p95" : 1213.443773984909
            },
            "pasteMs" : {
              "max" : 0.9800195693969727,
              "min" : 0.025033950805664062,
              "p50" : 0.06794929504394531,
              "p95" : 0.8094310760498042
            },
            "rewriteMs" : {
              "max" : 673.8029718399048,
              "min" : 397.84204959869385,
              "p50" : 469.8864817619324,
              "p95" : 636.9533896446227
            },
            "sttMs" : {
              "max" : 591.3211107254028,
              "min" : 569.2740678787231,
              "p50" : 576.3270258903503,
              "p95" : 588.4365558624268
            },
            "totalStageMs" : {
              "max" : 1250.9980201721191,
              "min" : 975.0808477401733,
              "p50" : 1044.477939605713,
              "p95" : 1213.4918868541718
            }
          },
          "iterations" : 10,
          "level" : "polish",
          "providers" : {
            "rewriteObserved" : [
              {
                "count" : 10,
                "model" : "google/gemini-2.5-flash-lite",
                "path" : "openrouter"
              }
            ],
            "sttMode" : "batch",
            "sttObserved" : [
              {
                "count" : 10,
                "model" : "scribe_v2",
                "provider" : "ElevenLabs"
              }
            ]
          }
        }
      ]
    },
    {
      "audioBytes" : 427630,
      "audioFile" : "fixture-medium.caf",
      "fixtureID" : "fixture-medium",
      "levels" : [
        {
          "distributions" : {
            "encodeMs" : {
              "max" : 42.378902435302734,
              "min" : 23.041963577270508,
              "p50" : 31.190037727355957,
              "p95" : 42.317748069763184
            },
            "generationMs" : {
              "max" : 1130.9928894042969,
              "min" : 1009.2170238494873,
              "p50" : 1052.1464347839355,
              "p95" : 1122.1522212028503
            },
            "pasteMs" : {
              "max" : 0.20205974578857422,
              "min" : 0.015020370483398438,
              "p50" : 0.03600120544433594,
              "p95" : 0.1808702945709228
            },
            "rewriteMs" : {
              "max" : 0,
              "min" : 0,
              "p50" : 0,
              "p95" : 0
            },
            "sttMs" : {
              "max" : 1088.6139869689941,
              "min" : 972.0640182495117,
              "p50" : 1019.289493560791,
              "p95" : 1087.3477160930634
            },
            "totalStageMs" : {
              "max" : 1131.0209035873413,
              "min" : 1009.2490911483765,
              "p50" : 1052.3069500923157,
              "p95" : 1122.1743881702423
            }
          },
          "iterations" : 10,
          "level" : "raw",
          "providers" : {
            "sttMode" : "batch",
            "sttObserved" : [
              {
                "count" : 10,
                "model" : "scribe_v2",
                "provider" : "ElevenLabs"
              }
            ]
          }
        },
        {
          "distributions" : {
            "encodeMs" : {
              "max" : 42.842984199523926,
              "min" : 27.73904800415039,
              "p50" : 36.041975021362305,
              "p95" : 41.3953423500061
            },
            "generationMs" : {
              "max" : 2448.6379623413086,
              "min" : 1590.588092803955,
              "p50" : 1887.665033340454,
              "p95" : 2377.6855409145355
            },
            "pasteMs" : {
              "max" : 0.3050565719604492,
              "min" : 0.03898143768310547,
              "p50" : 0.07402896881103516,
              "p95" : 0.2735674381256103
            },
            "rewriteMs" : {
              "max" : 1205.394983291626,
              "min" : 502.9970407485962,
              "p50" : 745.1629638671875,
              "p95" : 1166.4762914180756
            },
            "sttMs" : {
              "max" : 1412.4529361724854,
              "min" : 972.991943359375,