{
  "audioBytes" : 558044,
  "audioFile" : "2 fixtures",
  "commitSHA" : "db9cceddfb62ffc9c70b56e491d169061462599a",
  "fixtureResults" : [
    {
      "audioBytes" : 130414,
      "audioFile" : "fixture-short.caf",
      "fixtureID" : "fixture-short",
      "levels" : [
        {
          "distributions" : {
            "encodeMs" : {
              "max" : 0,
              "min" : 0,
              "p50" : 0,
              "p95" : 0
            },
            "generationMs" : {
              "max" : 571.7579126358032,
              "min" : 507.0749521255493,
              "p50" : 536.0504984855652,
              "p95" : 562.7318501472473
            },
            "pasteMs" : {
              "max" : 0.13589859008789062,
              "min" : 0.008940696716308594,
              "p50" : 0.06401538848876953,
              "p95" : 0.12651085853576657
            },
            "rewriteMs" : {
              "max" : 0,
              "min" : 0,
              "p50" : 0,
              "p95" : 0
            },
            "sttMs" : {
              "max" : 571.7579126358032,
              "min" : 507.0749521255493,
              "p50" : 536.0504984855652,
              "p95" : 562.7318501472473
            },
            "totalStageMs" : {
              "max" : 571.8729496002197,
              "min" : 507.0838928222656,
              "p50" : 536.0864996910095,
              "p95" : 562.832510471344
            }
          },
          "iterations" : 10,
          "level" : "raw",
          "providers" : {
            "sttMode" : "batch",
            "sttObserved" : [
              {
                "count" : 10,
                "model" : "scribe_v2",
                "provider" : "ElevenLabs"
              }
            ]
          }
        },
        {
          "distributions" : {
            "encodeMs" : {
              "max" : 0,
              "min" : 0,
              "p50" : 0,
              "p95" : 0
            },
            "generationMs" : {
              "max" : 597.606897354126,
              "min" : 522.4210023880005,
              "p50" : 550.4569411277771,
              "p95" : 587.3285114765167
            },
            "pasteMs" : {
              "max" : 0.1239776611328125,
              "min" : 0.0209808349609375,
              "p50" : 0.039517879486083984,
              "p95" : 0.1195251941680908
            },
            "rewriteMs" : {
              "max" : 28.843998908996582,
              "min" : 19.5159912109375,
              "p50" : 22.08346128463745,
              "p95" : 26.97782516479492
            },
            "sttMs" : {
              "max" : 575.4959583282471,
              "min" : 502.905011177063,
              "p50" : 528.577983379364,
              "p95" : 565.0721430778503
            },
            "totalStageMs" : {
              "max" : 597.66685962677,
              "min" : 522.475004196167,
              "p50" : 550.5254864692688,
              "p95" : 587.3718440532684
            }
          },
          "iterations" : 10,
          "level" : "clean",
          "providers" : {
            "rewriteObserved" : [

            ],
            "sttMode" : "batch",
            "sttObserved" : [
              {
                "count" : 10,
                "model" : "scribe_v2",
                "provider" : "ElevenLabs"
              }
            ]
          }
        },
        {
          "distributions" : {
            "encodeMs" : {
              "max" : 0,
              "min" : 0,
              "p50" : 0,
              "p95" : 0
            },
            "generationMs" : {
              "max" : 582.5730562210083,
              "min" : 532.9909324645996,
              "p50" : 569.4510340690613,
              "p95" : 580.7770490646362
            },
            "pasteMs" : {
              "max" : 0.13303756713867188,
              "min" : 0.04398822784423828,
              "p50" : 0.11348724365234375,
              "p95" : 0.1321256160736084
            },
            "rewriteMs" : {
              "max" : 26.250004768371582,
              "min" : 20.274043083190918,
              "p50" : 22.67754077911377,
              "p95" : 25.674939155578613
            },
            "sttMs" : {
              "max" : 561.5930557250977,
              "min" : 509.71102714538574,
              "p50" : 544.8930263519287,
              "p95" : 558.8290929794312
            },
            "totalStageMs" : {
              "max" : 582.6250314712524,
              "min" : 533.1059694290161,
              "p50" : 569.5820450782776,
              "p95" : 580.8569192886353
            }
          },
          "iterations" : 10,
          "level" : "polish",
          "providers" : {
            "rewriteObserved" : [

            ],
            "sttMode" : "batch",
            "sttObserved" : [
              {
                "count" : 10,
                "model" : "scribe_v2",
                "provider" : "ElevenLabs"
              }
            ]
          }
        }
      ]
    },
    {
      "audioBytes" : 427630,
      "audioFile" : "fixture-medium.caf",
      "fixtureID" : "fixture-medium",
      "levels" : [
        {
          "distributions" : {
            "encodeMs" : {
              "max" : 0.20802021026611328,
              "min" : 0.03993511199951172,
              "p50" : 0.1494288444519043,
              "p95" : 0.20528435707092285
            },
            "generationMs" : {
              "max" : 1171.049952507019,
              "min" : 885.5570554733276,
              "p50" : 1021.3225483894348,
              "p95" : 1140.0265038013458
            },
            "pasteMs" : {
              "max" : 0.3319978713989258,
              "min" : 0.033974647521972656,
              "p50" : 0.09542703628540039,
              "p95" : 0.31445622444152826
            },
            "rewriteMs" : {
              "max" : 0,
              "min" : 0,
              "p50" : 0,
              "p95" : 0
            },
            "sttMs" : {
              "max" : 1171.0100173950195,
              "min" : 885.4960203170776,
              "p50" : 1021.198034286499,
              "p95" : 1139.9109303951263
            },
            "totalStageMs" : {
              "max" : 1171.0859537124634,
              "min" : 885.5910301208496,
              "p50" : 1021.5355157852173,
              "p95" : 1140.1407718658447
            }
          },
          "iterations" : 10,
          "level" : "raw",
          "providers" : {
            "sttMode" : "batch",
            "sttObserved" : [
              {
                "count" : 10,
                "model" : "scribe_v2",
                "provider" : "ElevenLabs"
              }
            ]
          }
        },
        {
          "distributions" : {
            "encodeMs" : {
              "max" : 0.20599365234375,
              "min" : 0.030994415283203125,
              "p50" : 0.12195110321044922,
              "p95" : 0.19837617874145505
            },
            "generationMs" : {
              "max" : 1363.8980388641357,
              "min" : 921.5940237045288,
              "p50" : 976.1759638786316,
              "p95" : 1212.7174198627467
            },
            "pasteMs" : {
              "max" : 0.18799304962158203,
              "min" : 0.024080276489257812,
              "p50" : 0.1265406608581543,
              "p95" : 0.16819834709167475
            },
            "rewriteMs" : {
              "max" : 383.43703746795654,
              "min" : 19.639015197753906,
              "p50" : 22.54849672317505,
              "p95" : 222.39731550216638
            },
            "sttMs" : {
              "max" : 1007.4770450592041,
              "min" : 901.1520147323608,
              "p50" : 952.2004723548889,
              "p95" : 1005.3710281848907
            },
            "totalStageMs" : {
              "max" : 1364.042043685913,
              "min" : 921.6181039810181,
              "p50" : 976.2584567070007,