{
  "audioBytes" : 558044,
  "audioFile" : "2 fixtures",
  "commitSHA" : "e55d0a0e07b8451648e903bcfc2070bc0429ae20",
  "fixtureResults" : [
    {
      "audioBytes" : 130414,
      "audioFile" : "fixture-short.caf",
      "fixtureID" : "fixture-short",
      "levels" : [
        {
          "distributions" : {
            "encodeMs" : {
              "max" : 0,
              "min" : 0,
              "p50" : 0,
              "p95" : 0
            },
            "generationMs" : {
              "max" : 571.5979337692261,
              "min" : 477.7209758758545,
              "p50" : 521.7055082321167,
              "p95" : 559.45965051651
            },
            "pasteMs" : {
              "max" : 0.552058219909668,
              "min" : 0.01800060272216797,
              "p50" : 0.07396936416625977,
              "p95" : 0.3625869750976558
            },
            "rewriteMs" : {
              "max" : 0,
              "min" : 0,
              "p50" : 0,
              "p95" : 0
            },
            "sttMs" : {
              "max" : 571.5979337692261,
              "min" : 477.7209758758545,
              "p50" : 521.7055082321167,
              "p95" : 559.45965051651
            },
            "totalStageMs" : {
              "max" : 571.6699361801147,
              "min" : 477.8180122375488,
              "p50" : 521.7539668083191,
              "p95" : 559.5582067966461
            }
          },
          "iterations" : 10,
          "level" : "raw",
          "providers" : {
            "sttMode" : "batch",
            "sttObserved" : [
              {
                "count" : 10,
                "model" : "scribe_v2",
                "provider" : "ElevenLabs"
              }
            ]
          }
        },
        {
          "distributions" : {
            "encodeMs" : {
              "max" : 0,
              "min" : 0,
              "p50" : 0,
              "p95" : 0
            },
            "generationMs" : {
              "max" : 1566.3299560546875,
              "min" : 810.1550340652466,
              "p50" : 967.5843715667725,
              "p95" : 1341.8015420436855
            },
            "pasteMs" : {
              "max" : 0.6819963455200195,
              "min" : 0.02396106719970703,
              "p50" : 0.05346536636352539,
              "p95" : 0.41066408157348566
            },
            "rewriteMs" : {
              "max" : 550.7320165634155,
              "min" : 293.25103759765625,
              "p50" : 425.2554178237915,
              "p95" : 541.1447823047638
            },
            "sttMs" : {
              "max" : 1135.8070373535156,
              "min" : 513.1450891494751,
              "p50" : 527.2329449653625,
              "p95" : 874.8785793781274
            },
            "totalStageMs" : {
              "max" : 1566.3849115371704,
              "min" : 810.1811408996582,
              "p50" : 967.6358699798584,
              "p95" : 1341.8538153171535
            }
          },
          "iterations" : 10,
          "level" : "clean",
          "providers" : {
            "rewriteObserved" : [
              {
                "count" : 10,
                "model" : "inception/mercury",
                "path" : "openrouter"
              }
            ],
            "sttMode" : "batch",
            "sttObserved" : [
              {
                "count" : 10,
                "model" : "scribe_v2",
                "provider" : "ElevenLabs"
              }
            ]
          }
        },
        {
          "distributions" : {
            "encodeMs" : {
              "max" : 0,
              "min" : 0,
              "p50" : 0,
              "p95" : 0
            },
            "generationMs" : {
              "max" : 1328.3129930496216,
              "min" : 957.6429128646851,
              "p50" : 1074.7034549713135,
              "p95" : 1292.1532213687897
            },
            "pasteMs" : {
              "max" : 0.67901611328125,
              "min" : 0.02193450927734375,
              "p50" : 0.04696846008300781,
              "p95" : 0.46932101249694774
            },
            "rewriteMs" : {
              "max" : 776.1350870132446,
              "min" : 359.3670129776001,
              "p50" : 538.2954478263855,
              "p95" : 746.7981576919555
            },
            "sttMs" : {
              "max" : 598.275899887085,
              "min" : 516.8439149856567,
              "p50" : 537.0285511016846,
              "p95" : 597.285521030426
            },
            "totalStageMs" : {
              "max" : 1328.3449411392212,
              "min" : 957.6829671859741,
              "p50" : 1074.7469663619995,
              "p95" : 1292.1824872493744
            }
          },
          "iterations" : 10,
          "level" : "polish",
          "providers" : {
            "rewriteObserved" : [
              {
                "count" : 10,
                "model" : "inception/mercury",
                "path" : "openrouter"
              }
            ],
            "sttMode" : "batch",
            "sttObserved" : [
              {
                "count" : 10,
                "model" : "scribe_v2",
                "provider" : "ElevenLabs"
              }
            ]
          }
        }
      ]
    },
    {
      "audioBytes" : 427630,
      "audioFile" : "fixture-medium.caf",
      "fixtureID" : "fixture-medium",
      "levels" : [
        {
          "distributions" : {
            "encodeMs" : {
              "max" : 0.1119375228881836,
              "min" : 0.032901763916015625,
              "p50" : 0.04404783248901367,
              "p95" : 0.09847283363342282
            },
            "generationMs" : {
              "max" : 966.884970664978,
              "min" : 867.2548532485962,
              "p50" : 910.9594821929932,
              "p95" : 962.4574482440948
            },
            "pasteMs" : {
              "max" : 0.30493736267089844,
              "min" : 0.013947486877441406,
              "p50" : 0.042438507080078125,
              "p95" : 0.21905303001403786
            },
            "rewriteMs" : {
              "max" : 0,
              "min" : 0,
              "p50" : 0,
              "p95" : 0
            },
            "sttMs" : {
              "max" : 966.8029546737671,
              "min" : 867.142915725708,
              "p50" : 910.9154343605042,
              "p95" : 962.3754322528839
            },
            "totalStageMs" : {
              "max" : 966.9389724731445,
              "min" : 867.2688007354736,
              "p50" : 911.1319184303284,
              "p95" : 962.5073730945587
            }
          },
          "iterations" : 10,
          "level" : "raw",
          "providers" : {
            "sttMode" : "batch",
            "sttObserved" : [
              {
                "count" : 10,
                "model" : "scribe_v2",
                "provider" : "ElevenLabs"
              }
            ]
          }
        },
        {
          "distributions" : {
            "encodeMs" : {
              "max" : 0.08809566497802734,
              "min" : 0.030994415283203125,
              "p50" : 0.033974647521972656,
              "p95" : 0.07098317146301265
            },
            "generationMs" : {
              "max" : 1970.423936843872,
              "min" : 1421.0439920425415,
              "p50" : 1611.3194823265076,
              "p95" : 1900.987124443054
            },
            "pasteMs" : {
              "max" : 0.048995018005371094,
              "min" : 0.02491474151611328,
              "p50" : 0.02849102020263672,
              "p95" : 0.04448890686035155
            },
            "rewriteMs" : {
              "max" : 1004.7709941864014,
              "min" : 463.54198455810547,
              "p50" : 682.0554733276367,
              "p95" : 958.4394276142119
            },
            "sttMs" : {
              "max" : 965.6199216842651,
              "min" : 886.5469694137573,