{
  "audioBytes" : 558044,
  "audioFile" : "2 fixtures",
  "commitSHA" : "e852e9c986d0ae1474c36fb59bf619611bd2befa",
  "fixtureResults" : [
    {
      "audioBytes" : 130414,
      "audioFile" : "fixture-short.caf",
      "fixtureID" : "fixture-short",
      "levels" : [
        {
          "distributions" : {
            "encodeMs" : {
              "max" : 0,
              "min" : 0,
              "p50" : 0,
              "p95" : 0
            },
            "generationMs" : {
              "max" : 530.0389528274536,
              "min" : 458.562970161438,
              "p50" : 492.16651916503906,
              "p95" : 523.3051598072052
            },
            "pasteMs" : {
              "max" : 0.1590251922607422,
              "min" : 0.012993812561035156,
              "p50" : 0.014066696166992188,
              "p95" : 0.11176466941833485
            },
            "rewriteMs" : {
              "max" : 0,
              "min" : 0,
              "p50" : 0,
              "p95" : 0
            },
            "sttMs" : {
              "max" : 530.0389528274536,
              "min" : 458.562970161438,
              "p50" : 492.16651916503906,
              "p95" : 523.3051598072052
            },
            "totalStageMs" : {
              "max" : 530.0929546356201,
              "min" : 458.575963973999,
              "p50" : 492.1800494194031,
              "p95" : 523.3411908149719
            }
          },
          "iterations" : 10,
          "level" : "raw",
          "providers" : {
            "sttMode" : "batch",
            "sttObserved" : [
              {
                "count" : 10,
                "model" : "scribe_v2",
                "provider" : "ElevenLabs"
              }
            ]
          }
        },
        {
          "distributions" : {
            "encodeMs" : {
              "max" : 0,
              "min" : 0,
              "p50" : 0,
              "p95" : 0
            },
            "generationMs" : {
              "max" : 524.8450040817261,
              "min" : 480.5259704589844,
              "p50" : 493.16006898880005,
              "p95" : 519.7681188583374
            },
            "pasteMs" : {
              "max" : 0.03600120544433594,
              "min" : 0.01990795135498047,
              "p50" : 0.0209808349609375,
              "p95" : 0.03149509429931639
            },
            "rewriteMs" : {
              "max" : 22.36306667327881,
              "min" : 11.435985565185547,
              "p50" : 15.557944774627686,
              "p95" : 20.787590742111203
            },
            "sttMs" : {
              "max" : 512.9209756851196,
              "min" : 462.770938873291,
              "p50" : 476.4615297317505,
              "p95" : 505.4482877254486
            },
            "totalStageMs" : {
              "max" : 524.8680114746094,
              "min" : 480.54587841033936,
              "p50" : 493.1805729866028,
              "p95" : 519.7902143001556
            }
          },
          "iterations" : 10,
          "level" : "clean",
          "providers" : {
            "rewriteObserved" : [

            ],
            "sttMode" : "batch",
            "sttObserved" : [
              {
                "count" : 10,
                "model" : "scribe_v2",
                "provider" : "ElevenLabs"
              }
            ]
          }
        },
        {
          "distributions" : {
            "encodeMs" : {
              "max" : 0,
              "min" : 0,
              "p50" : 0,
              "p95" : 0
            },
            "generationMs" : {
              "max" : 820.2431201934814,
              "min" : 478.0769348144531,
              "p50" : 512.8295421600342,
              "p95" : 720.5194473266599
            },
            "pasteMs" : {
              "max" : 0.08702278137207031,
              "min" : 0.01895427703857422,
              "p50" : 0.021517276763916016,
              "p95" : 0.08568167686462402
            },
            "rewriteMs" : {
              "max" : 109.45403575897217,
              "min" : 12.535929679870605,
              "p50" : 16.41249656677246,
              "p95" : 74.3923068046569
            },
            "sttMs" : {
              "max" : 801.3800382614136,
              "min" : 459.9050283432007,
              "p50" : 491.68646335601807,
              "p95" : 667.1256601810452
            },
            "totalStageMs" : {
              "max" : 820.2641010284424,
              "min" : 478.11293601989746,
              "p50" : 512.8500461578369,
              "p95" : 720.5408573150632
            }
          },
          "iterations" : 10,
          "level" : "polish",
          "providers" : {
            "rewriteObserved" : [

            ],
            "sttMode" : "batch",
            "sttObserved" : [
              {
                "count" : 10,
                "model" : "scribe_v2",
                "provider" : "ElevenLabs"
              }
            ]
          }
        }
      ]
    },
    {
      "audioBytes" : 427630,
      "audioFile" : "fixture-medium.caf",
      "fixtureID" : "fixture-medium",
      "levels" : [
        {
          "distributions" : {
            "encodeMs" : {
              "max" : 0.11408329010009766,
              "min" : 0.030040740966796875,
              "p50" : 0.038504600524902344,
              "p95" : 0.08077025413513175
            },
            "generationMs" : {
              "max" : 1095.4720973968506,
              "min" : 848.0241298675537,
              "p50" : 889.3845081329346,
              "p95" : 1024.4485437870023
            },
            "pasteMs" : {
              "max" : 0.048995018005371094,
              "min" : 0.008940696716308594,
              "p50" : 0.016987323760986328,
              "p95" : 0.0395536422729492
            },
            "rewriteMs" : {
              "max" : 0,
              "min" : 0,
              "p50" : 0,
              "p95" : 0
            },
            "sttMs" : {
              "max" : 1095.3580141067505,
              "min" : 847.9840755462646,
              "p50" : 889.3504738807678,
              "p95" : 1024.3682563304899
            },
            "totalStageMs" : {
              "max" : 1095.4861640930176,
              "min" : 848.046064376831,
              "p50" : 889.4120454788208,
              "p95" : 1024.4783282279966
            }
          },
          "iterations" : 10,
          "level" : "raw",
          "providers" : {
            "sttMode" : "batch",
            "sttObserved" : [
              {
                "count" : 10,
                "model" : "scribe_v2",
                "provider" : "ElevenLabs"
              }
            ]
          }
        },
        {
          "distributions" : {
            "encodeMs" : {
              "max" : 0.07998943328857422,
              "min" : 0.030040740966796875,
              "p50" : 0.03147125244140625,
              "p95" : 0.06153583526611324
            },
            "generationMs" : {
              "max" : 946.4069604873657,
              "min" : 832.1700096130371,
              "p50" : 877.1294355392456,
              "p95" : 926.3374388217926
            },
            "pasteMs" : {
              "max" : 0.16999244689941406,
              "min" : 0.01990795135498047,
              "p50" : 0.02205371856689453,
              "p95" : 0.1078724861145018
            },
            "rewriteMs" : {
              "max" : 16.017913818359375,
              "min" : 11.137962341308594,
              "p50" : 13.046443462371826,
              "p95" : 15.75784683227539
            },
            "sttMs" : {
              "max" : 930.3580522537231,
              "min" : 816.6919946670532,
              "p50" : 865.0500178337097,
              "p95" : 911.5962147712708
            },
            "totalStageMs" : {
              "max" : 946.5769529342651,
              "min" : 832.1959972381592,
              "p50" : 877.1519660949707,