{
  "audioBytes" : 558044,
  "audioFile" : "2 fixtures",
  "commitSHA" : "e87d9f2a9bef5759f4193423ce1c202153232ad8",
  "fixtureResults" : [
    {
      "audioBytes" : 130414,
      "audioFile" : "fixture-short.caf",
      "fixtureID" : "fixture-short",
      "levels" : [
        {
          "distributions" : {
            "encodeMs" : {
              "max" : 0,
              "min" : 0,
              "p50" : 0,
              "p95" : 0
            },
            "generationMs" : {
              "max" : 1197.172999382019,
              "min" : 591.744065284729,
              "p50" : 636.412501335144,
              "p95" : 980.3409695625301
            },
            "pasteMs" : {
              "max" : 0.15604496002197266,
              "min" : 0.012040138244628906,
              "p50" : 0.01996755599975586,
              "p95" : 0.1357674598693847
            },
            "rewriteMs" : {
              "max" : 0,
              "min" : 0,
              "p50" : 0,
              "p95" : 0
            },
            "sttMs" : {
              "max" : 1197.172999382019,
              "min" : 591.744065284729,
              "p50" : 636.412501335144,
              "p95" : 980.3409695625301
            },
            "totalStageMs" : {
              "max" : 1197.19398021698,
              "min" : 591.7590856552124,
              "p50" : 636.4965438842773,
              "p95" : 980.3817451000209
            }
          },
          "iterations" : 10,
          "level" : "raw",
          "providers" : {
            "sttMode" : "batch",
            "sttObserved" : [
              {
                "count" : 10,
                "model" : "scribe_v2",
                "provider" : "ElevenLabs"
              }
            ]
          }
        },
        {
          "distributions" : {
            "encodeMs" : {
              "max" : 0,
              "min" : 0,
              "p50" : 0,
              "p95" : 0
            },
            "generationMs" : {
              "max" : 1477.3740768432617,
              "min" : 890.3480768203735,
              "p50" : 983.740508556366,
              "p95" : 1366.6227161884306
            },
            "pasteMs" : {
              "max" : 0.48792362213134766,
              "min" : 0.0209808349609375,
              "p50" : 0.04953145980834961,
              "p95" : 0.31969547271728477
            },
            "rewriteMs" : {
              "max" : 634.4980001449585,
              "min" : 251.84905529022217,
              "p50" : 360.51493883132935,
              "p95" : 613.2399916648865
            },
            "sttMs" : {
              "max" : 1153.2970666885376,
              "min" : 596.2259769439697,
              "p50" : 628.569483757019,
              "p95" : 929.5844733715053
            },
            "totalStageMs" : {
              "max" : 1477.47004032135,
              "min" : 890.4100656509399,
              "p50" : 983.7755560874939,
              "p95" : 1366.686278581619
            }
          },
          "iterations" : 10,
          "level" : "clean",
          "providers" : {
            "rewriteObserved" : [
              {
                "count" : 10,
                "model" : "inception/mercury",
                "path" : "openrouter"
              }
            ],
            "sttMode" : "batch",
            "sttObserved" : [
              {
                "count" : 10,
                "model" : "scribe_v2",
                "provider" : "ElevenLabs"
              }
            ]
          }
        },
        {
          "distributions" : {
            "encodeMs" : {
              "max" : 0,
              "min" : 0,
              "p50" : 0,
              "p95" : 0
            },
            "generationMs" : {
              "max" : 3964.2930030822754,
              "min" : 1065.4720067977905,
              "p50" : 1182.4575066566467,
              "p95" : 3131.656199693678
            },
            "pasteMs" : {
              "max" : 0.4239082336425781,
              "min" : 0.02396106719970703,
              "p50" : 0.03403425216674805,
              "p95" : 0.26780366897582975
            },
            "rewriteMs" : {
              "max" : 832.361102104187,
              "min" : 428.9369583129883,
              "p50" : 539.0809774398804,
              "p95" : 768.1150078773497
            },
            "sttMs" : {
              "max" : 3433.555006980896,
              "min" : 588.1340503692627,
              "p50" : 641.0955190658569,
              "p95" : 2563.3746802806836
            },
            "totalStageMs" : {
              "max" : 3964.3219709396362,
              "min" : 1065.4959678649902,
              "p50" : 1182.498037815094,
              "p95" : 3131.6865622997266
            }
          },
          "iterations" : 10,
          "level" : "polish",
          "providers" : {
            "rewriteObserved" : [
              {
                "count" : 10,
                "model" : "inception/mercury",
                "path" : "openrouter"
              }
            ],
            "sttMode" : "batch",
            "sttObserved" : [
              {
                "count" : 10,
                "model" : "scribe_v2",
                "provider" : "ElevenLabs"
              }
            ]
          }
        }
      ]
    },
    {
      "audioBytes" : 427630,
      "audioFile" : "fixture-medium.caf",
      "fixtureID" : "fixture-medium",
      "levels" : [
        {
          "distributions" : {
            "encodeMs" : {
              "max" : 0.010967254638671875,
              "min" : 0.0029802322387695312,
              "p50" : 0.0054836273193359375,
              "p95" : 0.010108947753906248
            },
            "generationMs" : {
              "max" : 1580.909013748169,
              "min" : 1059.1399669647217,
              "p50" : 1238.1075024604797,
              "p95" : 1468.3459818363187
            },
            "pasteMs" : {
              "max" : 1.007080078125,
              "min" : 0.009894371032714844,
              "p50" : 0.05048513412475586,
              "p95" : 0.616443157196044
            },
            "rewriteMs" : {
              "max" : 0,
              "min" : 0,
              "p50" : 0,
              "p95" : 0
            },
            "sttMs" : {
              "max" : 1580.9040069580078,
              "min" : 1059.128999710083,
              "p50" : 1238.1030321121216,
              "p95" : 1468.3405458927152
            },
            "totalStageMs" : {
              "max" : 1581.916093826294,
              "min" : 1059.2029094696045,
              "p50" : 1238.1940484046936,
              "p95" : 1468.9227819442747
            }
          },
          "iterations" : 10,
          "level" : "raw",
          "providers" : {
            "sttMode" : "batch",
            "sttObserved" : [
              {
                "count" : 10,
                "model" : "scribe_v2",
                "provider" : "ElevenLabs"
              }
            ]
          }
        },
        {
          "distributions" : {
            "encodeMs" : {
              "max" : 0.009059906005859375,
              "min" : 0.0020265579223632812,
              "p50" : 0.003993511199951172,
              "p95" : 0.00857710838317871
            },
            "generationMs" : {
              "max" : 2392.2669887542725,
              "min" : 1485.450029373169,
              "p50" : 1839.5174145698547,
              "p95" : 2230.3430497646327
            },
            "pasteMs" : {
              "max" : 0.1881122589111328,
              "min" : 0.029087066650390625,
              "p50" : 0.05143880844116211,
              "p95" : 0.16327500343322748
            },
            "rewriteMs" : {
              "max" : 1050.5719184875488,
              "min" : 362.5270128250122,
              "p50" : 636.7074847221375,
              "p95" : 978.6570131778715
            },
            "sttMs" : {
              "max" : 1341.6900634765625,
              "min" : 1078.1259536743164,