{
  "audioBytes" : 558044,
  "audioFile" : "2 fixtures",
  "commitSHA" : "eb32cbd23d241d36419eb50a1d2b17e1189277a9",
  "fixtureResults" : [
    {
      "audioBytes" : 130414,
      "audioFile" : "fixture-short.caf",
      "fixtureID" : "fixture-short",
      "levels" : [
        {
          "distributions" : {
            "encodeMs" : {
              "max" : 0,
              "min" : 0,
              "p50" : 0,
              "p95" : 0
            },
            "generationMs" : {
              "max" : 593.0420160293579,
              "min" : 550.1400232315063,
              "p50" : 570.838451385498,
              "p95" : 592.2828435897827
            },
            "pasteMs" : {
              "max" : 0.11789798736572266,
              "min" : 0.008940696716308594,
              "p50" : 0.01996755599975586,
              "p95" : 0.08329749107360832
            },
            "rewriteMs" : {
              "max" : 0,
              "min" : 0,
              "p50" : 0,
              "p95" : 0
            },
            "sttMs" : {
              "max" : 593.0420160293579,
              "min" : 550.1400232315063,
              "p50" : 570.838451385498,
              "p95" : 592.2828435897827
            },
            "totalStageMs" : {
              "max" : 593.0629968643188,
              "min" : 550.1489639282227,
              "p50" : 570.855975151062,
              "p95" : 592.3079013824463
            }
          },
          "iterations" : 10,
          "level" : "raw",
          "providers" : {
            "sttMode" : "batch",
            "sttObserved" : [
              {
                "count" : 10,
                "model" : "scribe_v2",
                "provider" : "ElevenLabs"
              }
            ]
          }
        },
        {
          "distributions" : {
            "encodeMs" : {
              "max" : 0,
              "min" : 0,
              "p50" : 0,
              "p95" : 0
            },
            "generationMs" : {
              "max" : 2691.9161081314087,
              "min" : 1322.8731155395508,
              "p50" : 1709.6359729766846,
              "p95" : 2656.754869222641
            },
            "pasteMs" : {
              "max" : 0.17893314361572266,
              "min" : 0.01990795135498047,
              "p50" : 0.06949901580810547,
              "p95" : 0.17807483673095703
            },
            "rewriteMs" : {
              "max" : 2114.966034889221,
              "min" : 705.901026725769,
              "p50" : 1112.7419471740723,
              "p95" : 2017.1679735183714
            },
            "sttMs" : {
              "max" : 716.143012046814,
              "min" : 541.8379306793213,
              "p50" : 610.3149652481079,
              "p95" : 688.8401627540587
            },
            "totalStageMs" : {
              "max" : 2692.0160055160522,
              "min" : 1322.8930234909058,
              "p50" : 1709.7654938697815,
              "p95" : 2656.8354547023773
            }
          },
          "iterations" : 10,
          "level" : "clean",
          "providers" : {
            "rewriteObserved" : [
              {
                "count" : 10,
                "model" : "google/gemini-2.5-flash-lite",
                "path" : "openrouter"
              }
            ],
            "sttMode" : "batch",
            "sttObserved" : [
              {
                "count" : 10,
                "model" : "scribe_v2",
                "provider" : "ElevenLabs"
              }
            ]
          }
        },
        {
          "distributions" : {
            "encodeMs" : {
              "max" : 0,
              "min" : 0,
              "p50" : 0,
              "p95" : 0
            },
            "generationMs" : {
              "max" : 4084.9668979644775,
              "min" : 1556.7419528961182,
              "p50" : 2085.819900035858,
              "p95" : 4043.8180565834045
            },
            "pasteMs" : {
              "max" : 0.2269744873046875,
              "min" : 0.02491474151611328,
              "p50" : 0.04500150680541992,
              "p95" : 0.19725561141967768
            },
            "rewriteMs" : {
              "max" : 3441.3989782333374,
              "min" : 920.0959205627441,
              "p50" : 1460.0194692611694,
              "p95" : 3321.336275339126
            },
            "sttMs" : {
              "max" : 910.3739261627197,
              "min" : 552.1260499954224,
              "p50" : 587.2160196304321,
              "p95" : 790.3121352195737
            },
            "totalStageMs" : {
              "max" : 4085.002899169922,
              "min" : 1556.870937347412,
              "p50" : 2085.9128832817078,
              "p95" : 4043.863070011139
            }
          },
          "iterations" : 10,
          "level" : "polish",
          "providers" : {
            "rewriteObserved" : [
              {
                "count" : 10,
                "model" : "google/gemini-2.5-flash-lite",
                "path" : "openrouter"
              }
            ],
            "sttMode" : "batch",
            "sttObserved" : [
              {
                "count" : 10,
                "model" : "scribe_v2",
                "provider" : "ElevenLabs"
              }
            ]
          }
        }
      ]
    },
    {
      "audioBytes" : 427630,
      "audioFile" : "fixture-medium.caf",
      "fixtureID" : "fixture-medium",
      "levels" : [
        {
          "distributions" : {
            "encodeMs" : {
              "max" : 0.012993812561035156,
              "min" : 0.0029802322387695312,
              "p50" : 0.0045299530029296875,
              "p95" : 0.012993812561035156
            },
            "generationMs" : {
              "max" : 1448.917031288147,
              "min" : 926.4160394668579,
              "p50" : 1048.8484501838684,
              "p95" : 1403.3239305019379
            },
            "pasteMs" : {
              "max" : 0.67901611328125,
              "min" : 0.010967254638671875,
              "p50" : 0.04303455352783203,
              "p95" : 0.41803717613220154
            },
            "rewriteMs" : {
              "max" : 0,
              "min" : 0,
              "p50" : 0,
              "p95" : 0
            },
            "sttMs" : {
              "max" : 1448.904037475586,
              "min" : 926.4030456542969,
              "p50" : 1048.843502998352,
              "p95" : 1403.311848640442
            },
            "totalStageMs" : {
              "max" : 1448.9580392837524,
              "min" : 926.4529943466187,
              "p50" : 1049.2369532585144,
              "p95" : 1403.3514201641083
            }
          },
          "iterations" : 10,
          "level" : "raw",
          "providers" : {
            "sttMode" : "batch",
            "sttObserved" : [
              {
                "count" : 10,
                "model" : "scribe_v2",
                "provider" : "ElevenLabs"
              }
            ]
          }
        },
        {
          "distributions" : {
            "encodeMs" : {
              "max" : 0.013947486877441406,
              "min" : 0.0029802322387695312,
              "p50" : 0.0054836273193359375,
              "p95" : 0.013035535812377928
            },
            "generationMs" : {
              "max" : 10670.610070228577,
              "min" : 2117.4728870391846,
              "p50" : 2826.9044756889343,
              "p95" : 8150.615906715388
            },
            "pasteMs" : {
              "max" : 0.13899803161621094,
              "min" : 0.02205371856689453,
              "p50" : 0.0749826431274414,
              "p95" : 0.1358330249786377
            },
            "rewriteMs" : {
              "max" : 9661.153078079224,
              "min" : 1074.0619897842407,
              "p50" : 1769.9124813079834,
              "p95" : 7090.833163261408
            },
            "sttMs" : {
              "max" : 1564.9019479751587,