{
  "audioBytes" : 558044,
  "audioFile" : "2 fixtures",
  "commitSHA" : "fc37622c39f80c5baaf0f1af382384280ea81601",
  "fixtureResults" : [
    {
      "audioBytes" : 130414,
      "audioFile" : "fixture-short.caf",
      "fixtureID" : "fixture-short",
      "levels" : [
        {
          "distributions" : {
            "encodeMs" : {
              "max" : 0,
              "min" : 0,
              "p50" : 0,
              "p95" : 0
            },
            "generationMs" : {
              "max" : 697.8869438171387,
              "min" : 594.0980911254883,
              "p50" : 620.9920048713684,
              "p95" : 689.6524012088776
            },
            "pasteMs" : {
              "max" : 0.05698204040527344,
              "min" : 0.009059906005859375,
              "p50" : 0.01901388168334961,
              "p95" : 0.04169344902038571
            },
            "rewriteMs" : {
              "max" : 0,
              "min" : 0,
              "p50" : 0,
              "p95" : 0
            },
            "sttMs" : {
              "max" : 697.8869438171387,
              "min" : 594.0980911254883,
              "p50" : 620.9920048713684,
              "p95" : 689.6524012088776
            },
            "totalStageMs" : {
              "max" : 697.909951210022,
              "min" : 594.1071510314941,
              "p50" : 621.0089921951294,
              "p95" : 689.6735846996307
            }
          },
          "iterations" : 10,
          "level" : "raw",
          "providers" : {
            "sttMode" : "batch",
            "sttObserved" : [
              {
                "count" : 10,
                "model" : "scribe_v2",
                "provider" : "ElevenLabs"
              }
            ]
          }
        },
        {
          "distributions" : {
            "encodeMs" : {
              "max" : 0,
              "min" : 0,
              "p50" : 0,
              "p95" : 0
            },
            "generationMs" : {
              "max" : 1140.4560804367065,
              "min" : 865.320086479187,
              "p50" : 968.2084918022156,
              "p95" : 1071.5236842632291
            },
            "pasteMs" : {
              "max" : 0.3490447998046875,
              "min" : 0.028014183044433594,
              "p50" : 0.09351968765258789,
              "p95" : 0.31122565269470204
            },
            "rewriteMs" : {
              "max" : 484.5930337905884,
              "min" : 246.26195430755615,
              "p50" : 327.6740312576294,
              "p95" : 446.709781885147
            },
            "sttMs" : {
              "max" : 674.2171049118042,
              "min" : 577.7350664138794,
              "p50" : 622.7210164070129,
              "p95" : 671.9400703907013
            },
            "totalStageMs" : {
              "max" : 1140.8051252365112,
              "min" : 865.5461072921753,
              "p50" : 968.3550000190735,
              "p95" : 1071.7638313770292
            }
          },
          "iterations" : 10,
          "level" : "clean",
          "providers" : {
            "rewriteObserved" : [
              {
                "count" : 10,
                "model" : "inception/mercury",
                "path" : "openrouter"
              }
            ],
            "sttMode" : "batch",
            "sttObserved" : [
              {
                "count" : 10,
                "model" : "scribe_v2",
                "provider" : "ElevenLabs"
              }
            ]
          }
        },
        {
          "distributions" : {
            "encodeMs" : {
              "max" : 0,
              "min" : 0,
              "p50" : 0,
              "p95" : 0
            },
            "generationMs" : {
              "max" : 1704.0469646453857,
              "min" : 1095.0970649719238,
              "p50" : 1352.7599573135376,
              "p95" : 1649.5217859745023
            },
            "pasteMs" : {
              "max" : 0.4450082778930664,
              "min" : 0.051975250244140625,
              "p50" : 0.12797117233276367,
              "p95" : 0.40407776832580555
            },
            "rewriteMs" : {
              "max" : 966.2868976593018,
              "min" : 456.8500518798828,
              "p50" : 621.7209696769714,
              "p95" : 957.1793496608734
            },
            "sttMs" : {
              "max" : 1114.372968673706,
              "min" : 593.0850505828857,
              "p50" : 631.2674880027771,
              "p95" : 938.8005018234248
            },
            "totalStageMs" : {
              "max" : 1704.1069269180298,
              "min" : 1095.400094985962,
              "p50" : 1352.8189063072205,
              "p95" : 1649.6339440345762
            }
          },
          "iterations" : 10,
          "level" : "polish",
          "providers" : {
            "rewriteObserved" : [
              {
                "count" : 10,
                "model" : "inception/mercury",
                "path" : "openrouter"
              }
            ],
            "sttMode" : "batch",
            "sttObserved" : [
              {
                "count" : 10,
                "model" : "scribe_v2",
                "provider" : "ElevenLabs"
              }
            ]
          }
        }
      ]
    },
    {
      "audioBytes" : 427630,
      "audioFile" : "fixture-medium.caf",
      "fixtureID" : "fixture-medium",
      "levels" : [
        {
          "distributions" : {
            "encodeMs" : {
              "max" : 0.010967254638671875,
              "min" : 0.0059604644775390625,
              "p50" : 0.00852346420288086,
              "p95" : 0.01053810119628906
            },
            "generationMs" : {
              "max" : 1512.9258632659912,
              "min" : 1029.3030738830566,
              "p50" : 1090.7549858093262,
              "p95" : 1465.9760475158691
            },
            "pasteMs" : {
              "max" : 0.25391578674316406,
              "min" : 0.03600120544433594,
              "p50" : 0.08094310760498047,
              "p95" : 0.19361972808837877
            },
            "rewriteMs" : {
              "max" : 0,
              "min" : 0,
              "p50" : 0,
              "p95" : 0
            },
            "sttMs" : {
              "max" : 1512.9199028015137,
              "min" : 1029.2940139770508,
              "p50" : 1090.7444953918457,
              "p95" : 1465.9691751003265
            },
            "totalStageMs" : {
              "max" : 1513.1797790527344,
              "min" : 1029.3980836868286,
              "p50" : 1090.8594131469727,
              "p95" : 1466.1449372768402
            }
          },
          "iterations" : 10,
          "level" : "raw",
          "providers" : {
            "sttMode" : "batch",
            "sttObserved" : [
              {
                "count" : 10,
                "model" : "scribe_v2",
                "provider" : "ElevenLabs"
              }
            ]
          }
        },
        {
          "distributions" : {
            "encodeMs" : {
              "max" : 0.025987625122070312,
              "min" : 0.0020265579223632812,
              "p50" : 0.0035762786865234375,
              "p95" : 0.01831650733947752
            },
            "generationMs" : {
              "max" : 1962.9719257354736,
              "min" : 1460.0270986557007,
              "p50" : 1626.9705295562744,
              "p95" : 1916.2646889686584
            },
            "pasteMs" : {
              "max" : 0.7699728012084961,
              "min" : 0.025987625122070312,
              "p50" : 0.25153160095214844,
              "p95" : 0.683552026748657
            },
            "rewriteMs" : {
              "max" : 844.7359800338745,
              "min" : 410.23004055023193,
              "p50" : 546.4665293693542,
              "p95" : 774.2727398872373
            },
            "sttMs" : {
              "max" : 1192.5890445709229,