{
  "audioBytes" : 558044,
  "audioFile" : "2 fixtures",
  "commitSHA" : "fd223f7324582d69e95ec8227b9196aa6198ada3",
  "fixtureResults" : [
    {
      "audioBytes" : 130414,
      "audioFile" : "fixture-short.caf",
      "fixtureID" : "fixture-short",
      "levels" : [
        {
          "distributions" : {
            "encodeMs" : {
              "max" : 0,
              "min" : 0,
              "p50" : 0,
              "p95" : 0
            },
            "generationMs" : {
              "max" : 601.1569499969482,
              "min" : 562.885046005249,
              "p50" : 580.7199478149414,
              "p95" : 600.6471633911133
            },
            "pasteMs" : {
              "max" : 0.2200603485107422,
              "min" : 0.014901161193847656,
              "p50" : 0.03910064697265625,
              "p95" : 0.19204616546630857
            },
            "rewriteMs" : {
              "max" : 0,
              "min" : 0,
              "p50" : 0,
              "p95" : 0
            },
            "sttMs" : {
              "max" : 601.1569499969482,
              "min" : 562.885046005249,
              "p50" : 580.7199478149414,
              "p95" : 600.6471633911133
            },
            "totalStageMs" : {
              "max" : 601.377010345459,
              "min" : 562.9240274429321,
              "p50" : 580.7348489761353,
              "p95" : 600.8392095565796
            }
          },
          "iterations" : 5,
          "level" : "raw",
          "providers" : {
            "sttMode" : "batch",
            "sttObserved" : [
              {
                "count" : 5,
                "model" : "scribe_v2",
                "provider" : "ElevenLabs"
              }
            ]
          }
        },
        {
          "distributions" : {
            "encodeMs" : {
              "max" : 0,
              "min" : 0,
              "p50" : 0,
              "p95" : 0
            },
            "generationMs" : {
              "max" : 990.1939630508423,
              "min" : 873.8709688186646,
              "p50" : 921.1940765380859,
              "p95" : 978.7739753723145
            },
            "pasteMs" : {
              "max" : 0.6569623947143555,
              "min" : 0.07009506225585938,
              "p50" : 0.1169443130493164,
              "p95" : 0.5501747131347655
            },
            "rewriteMs" : {
              "max" : 375.22006034851074,
              "min" : 307.22105503082275,
              "p50" : 341.01009368896484,
              "p95" : 369.85065937042236
            },
            "sttMs" : {
              "max" : 614.9739027023315,
              "min" : 566.6499137878418,
              "p50" : 580.1839828491211,
              "p95" : 611.0081195831299
            },
            "totalStageMs" : {
              "max" : 990.2858734130859,
              "min" : 873.9879131317139,
              "p50" : 921.3171005249023,
              "p95" : 978.8615226745605
            }
          },
          "iterations" : 5,
          "level" : "clean",
          "providers" : {
            "rewriteObserved" : [
              {
                "count" : 5,
                "model" : "google/gemini-2.5-flash-lite",
                "path" : "openrouter"
              }
            ],
            "sttMode" : "batch",
            "sttObserved" : [
              {
                "count" : 5,
                "model" : "scribe_v2",
                "provider" : "ElevenLabs"
              }
            ]
          }
        },
        {
          "distributions" : {
            "encodeMs" : {
              "max" : 0,
              "min" : 0,
              "p50" : 0,
              "p95" : 0
            },
            "generationMs" : {
              "max" : 6136.196851730347,
              "min" : 1054.2709827423096,
              "p50" : 1085.9280824661255,
              "p95" : 5203.185272216796
            },
            "pasteMs" : {
              "max" : 0.13196468353271484,
              "min" : 0.06496906280517578,
              "p50" : 0.08106231689453125,
              "p95" : 0.12695789337158203
            },
            "rewriteMs" : {
              "max" : 5528.656959533691,
              "min" : 457.4470520019531,
              "p50" : 538.3861064910889,
              "p95" : 4601.642751693725
            },
            "sttMs" : {
              "max" : 607.5398921966553,
              "min" : 547.5419759750366,
              "p50" : 577.5530338287354,
              "p95" : 605.3966999053955
            },
            "totalStageMs" : {
              "max" : 6136.277914047241,
              "min" : 1054.3779134750366,
              "p50" : 1085.9930515289307,
              "p95" : 5203.265142440795
            }
          },
          "iterations" : 5,
          "level" : "polish",
          "providers" : {
            "rewriteObserved" : [
              {
                "count" : 5,
                "model" : "x-ai/grok-4.1-fast",
                "path" : "openrouter"
              }
            ],
            "sttMode" : "batch",
            "sttObserved" : [
              {
                "count" : 5,
                "model" : "scribe_v2",
                "provider" : "ElevenLabs"
              }
            ]
          }
        }
      ]
    },
    {
      "audioBytes" : 427630,
      "audioFile" : "fixture-medium.caf",
      "fixtureID" : "fixture-medium",
      "levels" : [
        {
          "distributions" : {
            "encodeMs" : {
              "max" : 32.63700008392334,
              "min" : 22.93992042541504,
              "p50" : 32.17208385467529,
              "p95" : 32.56120681762695
            },
            "generationMs" : {
              "max" : 1370.9590435028076,
              "min" : 1073.641061782837,
              "p50" : 1167.470932006836,
              "p95" : 1366.6600227355957
            },
            "pasteMs" : {
              "max" : 0.19299983978271484,
              "min" : 0.02002716064453125,
              "p50" : 0.051021575927734375,
              "p95" : 0.19240379333496094
            },
            "rewriteMs" : {
              "max" : 0,
              "min" : 0,
              "p50" : 0,
              "p95" : 0
            },
            "sttMs" : {
              "max" : 1338.7010097503662,
              "min" : 1041.4689779281616,
              "p50" : 1144.531011581421,
              "p95" : 1335.342812538147
            },
            "totalStageMs" : {
              "max" : 1371.1490631103516,
              "min" : 1073.6920833587646,
              "p50" : 1167.6639318466187,
              "p95" : 1366.8160438537598
            }
          },
          "iterations" : 5,
          "level" : "raw",
          "providers" : {
            "sttMode" : "batch",
            "sttObserved" : [
              {
                "count" : 5,
                "model" : "scribe_v2",
                "provider" : "ElevenLabs"
              }
            ]
          }
        },
        {
          "distributions" : {
            "encodeMs" : {
              "max" : 36.06903553009033,
              "min" : 20.34604549407959,
              "p50" : 20.708918571472168,
              "p95" : 35.90283393859863
            },
            "generationMs" : {
              "max" : 1731.8371534347534,
              "min" : 1481.8649291992188,
              "p50" : 1645.156979560852,
              "p95" : 1718.864130973816
            },
            "pasteMs" : {
              "max" : 0.18799304962158203,
              "min" : 0.04494190216064453,
              "p50" : 0.080108642578125,
              "p95" : 0.18558502197265625
            },
            "rewriteMs" : {
              "max" : 677.4680614471436,
              "min" : 370.97299098968506,
              "p50" : 427.5590181350708,
              "p95" : 631.5378665924072
            },
            "sttMs" : {
              "max" : 1196.889042854309,
              "min" : 1034.0230464935303,