{
  "audioBytes" : 558044,
  "audioFile" : "2 fixtures",
  "commitSHA" : "4d6c541ddde1dffe599677e931a23b6350fa2dc3",
  "fixtureResults" : [
    {
      "audioBytes" : 130414,
      "audioFile" : "fixture-short.caf",
      "fixtureID" : "fixture-short",
      "levels" : [
        {
          "distributions" : {
            "encodeMs" : {
              "max" : 0,
              "min" : 0,
              "p50" : 0,
              "p95" : 0
            },
            "generationMs" : {
              "max" : 613.3489608764648,
              "min" : 563.154935836792,
              "p50" : 578.220009803772,
              "p95" : 606.5409660339355
            },
            "pasteMs" : {
              "max" : 0.07295608520507812,
              "min" : 0.02300739288330078,
              "p50" : 0.03707408905029297,
              "p95" : 0.06618499755859375
            },
            "rewriteMs" : {
              "max" : 0,
              "min" : 0,
              "p50" : 0,
              "p95" : 0
            },
            "sttMs" : {
              "max" : 613.3489608764648,
              "min" : 563.154935836792,
              "p50" : 578.220009803772,
              "p95" : 606.5409660339355
            },
            "totalStageMs" : {
              "max" : 613.3880615234375,
              "min" : 563.1920099258423,
              "p50" : 578.2430171966553,
              "p95" : 606.5868377685547
            }
          },
          "iterations" : 5,
          "level" : "raw",
          "providers" : {
            "sttMode" : "batch",
            "sttObserved" : [
              {
                "count" : 5,
                "model" : "scribe_v2",
                "provider" : "ElevenLabs"
              }
            ]
          }
        },
        {
          "distributions" : {
            "encodeMs" : {
              "max" : 0,
              "min" : 0,
              "p50" : 0,
              "p95" : 0
            },
            "generationMs" : {
              "max" : 977.9599905014038,
              "min" : 862.44797706604,
              "p50" : 953.3849954605103,
              "p95" : 974.7625827789307
            },
            "pasteMs" : {
              "max" : 0.3039836883544922,
              "min" : 0.054955482482910156,
              "p50" : 0.08404254913330078,
              "p95" : 0.2830028533935547
            },
            "rewriteMs" : {
              "max" : 357.7439785003662,
              "min" : 290.8909320831299,
              "p50" : 344.24102306365967,
              "p95" : 355.1287889480591
            },
            "sttMs" : {
              "max" : 633.2919597625732,
              "min" : 571.5570449829102,
              "p50" : 602.9640436172485,
              "p95" : 632.7121734619141
            },
            "totalStageMs" : {
              "max" : 978.0440330505371,
              "min" : 862.515926361084,
              "p50" : 953.6889791488647,
              "p95" : 974.8696327209473
            }
          },
          "iterations" : 5,
          "level" : "clean",
          "providers" : {
            "rewriteObserved" : [
              {
                "count" : 5,
                "model" : "google/gemini-2.5-flash-lite",
                "path" : "openrouter"
              }
            ],
            "sttMode" : "batch",
            "sttObserved" : [
              {
                "count" : 5,
                "model" : "scribe_v2",
                "provider" : "ElevenLabs"
              }
            ]
          }
        },
        {
          "distributions" : {
            "encodeMs" : {
              "max" : 0,
              "min" : 0,
              "p50" : 0,
              "p95" : 0
            },
            "generationMs" : {
              "max" : 1883.6690187454224,
              "min" : 1039.4920110702515,
              "p50" : 1165.2939319610596,
              "p95" : 1776.3334274291992
            },
            "pasteMs" : {
              "max" : 0.11396408081054688,
              "min" : 0.029087066650390625,
              "p50" : 0.034928321838378906,
              "p95" : 0.1009702682495117
            },
            "rewriteMs" : {
              "max" : 1305.7399988174438,
              "min" : 470.92199325561523,
              "p50" : 566.0020112991333,
              "p95" : 1163.219404220581
            },
            "sttMs" : {
              "max" : 793.7890291213989,
              "min" : 558.9200258255005,
              "p50" : 577.9290199279785,
              "p95" : 754.8896074295044
            },
            "totalStageMs" : {
              "max" : 1883.702039718628,
              "min" : 1039.605975151062,
              "p50" : 1165.32301902771,
              "p95" : 1776.3668298721313
            }
          },
          "iterations" : 5,
          "level" : "polish",
          "providers" : {
            "rewriteObserved" : [
              {
                "count" : 5,
                "model" : "x-ai/grok-4.1-fast",
                "path" : "openrouter"
              }
            ],
            "sttMode" : "batch",
            "sttObserved" : [
              {
                "count" : 5,
                "model" : "scribe_v2",
                "provider" : "ElevenLabs"
              }
            ]
          }
        }
      ]
    },
    {
      "audioBytes" : 427630,
      "audioFile" : "fixture-medium.caf",
      "fixtureID" : "fixture-medium",
      "levels" : [
        {
          "distributions" : {
            "encodeMs" : {
              "max" : 39.099931716918945,
              "min" : 23.187994956970215,
              "p50" : 24.126052856445312,
              "p95" : 36.67495250701904
            },
            "generationMs" : {
              "max" : 1481.469988822937,
              "min" : 983.1969738006592,
              "p50" : 1353.843092918396,
              "p95" : 1476.71959400177
            },
            "pasteMs" : {
              "max" : 0.14507770538330078,
              "min" : 0.010967254638671875,
              "p50" : 0.04208087921142578,
              "p95" : 0.12645721435546875
            },
            "rewriteMs" : {
              "max" : 0,
              "min" : 0,
              "p50" : 0,
              "p95" : 0
            },
            "sttMs" : {
              "max" : 1454.4949531555176,
              "min" : 960.008978843689,
              "p50" : 1329.7170400619507,
              "p95" : 1450.3407716751099
            },
            "totalStageMs" : {
              "max" : 1481.6150665283203,
              "min" : 983.2489490509033,
              "p50" : 1353.8551330566406,
              "p95" : 1476.8378496170044
            }
          },
          "iterations" : 5,
          "level" : "raw",
          "providers" : {
            "sttMode" : "batch",
            "sttObserved" : [
              {
                "count" : 5,
                "model" : "scribe_v2",
                "provider" : "ElevenLabs"
              }
            ]
          }
        },
        {
          "distributions" : {
            "encodeMs" : {
              "max" : 36.540985107421875,
              "min" : 21.28005027770996,
              "p50" : 28.995990753173828,
              "p95" : 35.14297008514404
            },
            "generationMs" : {
              "max" : 1556.4970970153809,
              "min" : 1381.3000917434692,
              "p50" : 1427.6238679885864,
              "p95" : 1545.1114654541016
            },
            "pasteMs" : {
              "max" : 0.12493133544921875,
              "min" : 0.04208087921142578,
              "p50" : 0.06306171417236328,
              "p95" : 0.11374950408935547
            },
            "rewriteMs" : {
              "max" : 497.94697761535645,
              "min" : 302.5630712509155,
              "p50" : 352.63001918792725,
              "p95" : 475.42717456817627
            },
            "sttMs" : {
              "max" : 1077.679991722107,
              "min" : 1026.189923286438,