{
  "audioBytes" : 558044,
  "audioFile" : "2 fixtures",
  "commitSHA" : "de939bfeab1ae2b1b20b0553e7b3c8cf067a0891",
  "fixtureResults" : [
    {
      "audioBytes" : 130414,
      "audioFile" : "fixture-short.caf",
      "fixtureID" : "fixture-short",
      "levels" : [
        {
          "distributions" : {
            "encodeMs" : {
              "max" : 0,
              "min" : 0,
              "p50" : 0,
              "p95" : 0
            },
            "generationMs" : {
              "max" : 660.7270240783691,
              "min" : 541.1450862884521,
              "p50" : 610.7279062271118,
              "p95" : 655.0790309906006
            },
            "pasteMs" : {
              "max" : 0.048995018005371094,
              "min" : 0.013947486877441406,
              "p50" : 0.01704692840576172,
              "p95" : 0.04398822784423828
            },
            "rewriteMs" : {
              "max" : 0,
              "min" : 0,
              "p50" : 0,
              "p95" : 0
            },
            "sttMs" : {
              "max" : 660.7270240783691,
              "min" : 541.1450862884521,
              "p50" : 610.7279062271118,
              "p95" : 655.0790309906006
            },
            "totalStageMs" : {
              "max" : 660.7760190963745,
              "min" : 541.1590337753296,
              "p50" : 610.7449531555176,
              "p95" : 655.1230192184448
            }
          },
          "iterations" : 5,
          "level" : "raw",
          "providers" : {
            "sttMode" : "batch",
            "sttObserved" : [
              {
                "count" : 5,
                "model" : "scribe_v2",
                "provider" : "ElevenLabs"
              }
            ]
          }
        },
        {
          "distributions" : {
            "encodeMs" : {
              "max" : 0,
              "min" : 0,
              "p50" : 0,
              "p95" : 0
            },
            "generationMs" : {
              "max" : 1243.9689636230469,
              "min" : 923.5539436340332,
              "p50" : 1012.4260187149048,
              "p95" : 1198.4549522399902
            },
            "pasteMs" : {
              "max" : 0.09799003601074219,
              "min" : 0.033974647521972656,
              "p50" : 0.03898143768310547,
              "p95" : 0.08978843688964844
            },
            "rewriteMs" : {
              "max" : 435.3640079498291,
              "min" : 326.47597789764404,
              "p50" : 417.1910285949707,
              "p95" : 432.191801071167
            },
            "sttMs" : {
              "max" : 842.3869609832764,
              "min" : 577.0620107650757,
              "p50" : 596.8959331512451,
              "p95" : 793.3251619338989
            },
            "totalStageMs" : {
              "max" : 1244.00794506073,
              "min" : 923.5879182815552,
              "p50" : 1012.4830007553101,
              "p95" : 1198.5057353973389
            }
          },
          "iterations" : 5,
          "level" : "clean",
          "providers" : {
            "rewriteObserved" : [
              {
                "count" : 5,
                "model" : "google/gemini-2.5-flash-lite",
                "path" : "openrouter"
              }
            ],
            "sttMode" : "batch",
            "sttObserved" : [
              {
                "count" : 5,
                "model" : "scribe_v2",
                "provider" : "ElevenLabs"
              }
            ]
          }
        },
        {
          "distributions" : {
            "encodeMs" : {
              "max" : 0,
              "min" : 0,
              "p50" : 0,
              "p95" : 0
            },
            "generationMs" : {
              "max" : 1176.5670776367188,
              "min" : 922.4328994750977,
              "p50" : 1053.5129308700562,
              "p95" : 1171.1572647094727
            },
            "pasteMs" : {
              "max" : 0.13506412506103516,
              "min" : 0.028967857360839844,
              "p50" : 0.07891654968261719,
              "p95" : 0.13306140899658203
            },
            "rewriteMs" : {
              "max" : 492.4609661102295,
              "min" : 349.15292263031006,
              "p50" : 424.6039390563965,
              "p95" : 481.444787979126
            },
            "sttMs" : {
              "max" : 739.1870021820068,
              "min" : 569.7839260101318,
              "p50" : 657.0570468902588,
              "p95" : 732.2216033935547
            },
            "totalStageMs" : {
              "max" : 1176.7021417617798,
              "min" : 922.4948883056641,
              "p50" : 1053.637981414795,
              "p95" : 1171.281099319458
            }
          },
          "iterations" : 5,
          "level" : "polish",
          "providers" : {
            "rewriteObserved" : [
              {
                "count" : 5,
                "model" : "x-ai/grok-4.1-fast",
                "path" : "openrouter"
              }
            ],
            "sttMode" : "batch",
            "sttObserved" : [
              {
                "count" : 5,
                "model" : "scribe_v2",
                "provider" : "ElevenLabs"
              }
            ]
          }
        }
      ]
    },
    {
      "audioBytes" : 427630,
      "audioFile" : "fixture-medium.caf",
      "fixtureID" : "fixture-medium",
      "levels" : [
        {
          "distributions" : {
            "encodeMs" : {
              "max" : 32.9359769821167,
              "min" : 16.865968704223633,
              "p50" : 21.102070808410645,
              "p95" : 31.279563903808594
            },
            "generationMs" : {
              "max" : 1178.3199310302734,
              "min" : 1058.3600997924805,
              "p50" : 1094.4839715957642,
              "p95" : 1177.521538734436
            },
            "pasteMs" : {
              "max" : 0.06198883056640625,
              "min" : 0.014066696166992188,
              "p50" : 0.01609325408935547,
              "p95" : 0.05297660827636718
            },
            "rewriteMs" : {
              "max" : 0,
              "min" : 0,
              "p50" : 0,
              "p95" : 0
            },
            "sttMs" : {
              "max" : 1149.6740579605103,
              "min" : 1037.2580289840698,
              "p50" : 1073.9669799804688,
              "p95" : 1148.8160371780396
            },
            "totalStageMs" : {
              "max" : 1178.3349514007568,
              "min" : 1058.4220886230469,
              "p50" : 1094.5000648498535,
              "p95" : 1177.5363683700562
            }
          },
          "iterations" : 5,
          "level" : "raw",
          "providers" : {
            "sttMode" : "batch",
            "sttObserved" : [
              {
                "count" : 5,
                "model" : "scribe_v2",
                "provider" : "ElevenLabs"
              }
            ]
          }
        },
        {
          "distributions" : {
            "encodeMs" : {
              "max" : 28.558015823364258,
              "min" : 19.554972648620605,
              "p50" : 21.623969078063965,
              "p95" : 27.294611930847168
            },
            "generationMs" : {
              "max" : 1659.2069864273071,
              "min" : 1392.9580450057983,
              "p50" : 1523.0458974838257,
              "p95" : 1633.676791191101
            },
            "pasteMs" : {
              "max" : 0.6340742111206055,
              "min" : 0.03600120544433594,
              "p50" : 0.06699562072753906,
              "p95" : 0.522470474243164
            },
            "rewriteMs" : {
              "max" : 528.1339883804321,
              "min" : 384.1729164123535,
              "p50" : 421.91195487976074,
              "p95" : 518.8862085342407
            },
            "sttMs" : {
              "max" : 1117.2490119934082,
              "min" : 960.5900049209595,