{
  "audioBytes" : 558044,
  "audioFile" : "2 fixtures",
  "commitSHA" : "de939bfeab1ae2b1b20b0553e7b3c8cf067a0891",
  "fixtureResults" : [
    {
      "audioBytes" : 130414,
      "audioFile" : "fixture-short.caf",
      "fixtureID" : "fixture-short",
      "levels" : [
        {
          "distributions" : {
            "encodeMs" : {
              "max" : 0,
              "min" : 0,
              "p50" : 0,
              "p95" : 0
            },
            "generationMs" : {
              "max" : 141.0689353942871,
              "min" : 64.88406658172607,
              "p50" : 121.83892726898193,
              "p95" : 140.5071496963501
            },
            "pasteMs" : {
              "max" : 0.05996227264404297,
              "min" : 0.013947486877441406,
              "p50" : 0.0209808349609375,
              "p95" : 0.05595684051513672
            },
            "rewriteMs" : {
              "max" : 0,
              "min" : 0,
              "p50" : 0,
              "p95" : 0
            },
            "sttMs" : {
              "max" : 141.0689353942871,
              "min" : 64.88406658172607,
              "p50" : 121.83892726898193,
              "p95" : 140.5071496963501
            },
            "totalStageMs" : {
              "max" : 141.12889766693115,
              "min" : 64.90206718444824,
              "p50" : 121.87886238098145,
              "p95" : 140.55931568145752
            }
          },
          "iterations" : 5,
          "level" : "raw",
          "providers" : {
            "sttMode" : "mock",
            "sttObserved" : [
              {
                "count" : 5,
                "model" : "fixed-delay-v1",
                "provider" : "DeterministicSTT"
              }
            ]
          }
        },
        {
          "distributions" : {
            "encodeMs" : {
              "max" : 0,
              "min" : 0,
              "p50" : 0,
              "p95" : 0
            },
            "generationMs" : {
              "max" : 287.1459722518921,
              "min" : 248.87394905090332,
              "p50" : 285.41505336761475,
              "p95" : 286.9985818862915
            },
            "pasteMs" : {
              "max" : 0.3210306167602539,
              "min" : 0.025987625122070312,
              "p50" : 0.07700920104980469,
              "p95" : 0.27763843536376953
            },
            "rewriteMs" : {
              "max" : 161.41700744628906,
              "min" : 125.31697750091553,
              "p50" : 161.15498542785645,
              "p95" : 161.3734006881714
            },
            "sttMs" : {
              "max" : 128.898024559021,
              "min" : 103.11996936798096,
              "p50" : 124.21607971191406,
              "p95" : 128.2642126083374
            },
            "totalStageMs" : {
              "max" : 287.46700286865234,
              "min" : 248.95000457763672,
              "p50" : 285.5191230773926,
              "p95" : 287.27080821990967
            }
          },
          "iterations" : 5,
          "level" : "clean",
          "providers" : {
            "rewriteObserved" : [
              {
                "count" : 5,
                "model" : "gemini-2.5-flash-lite",
                "path" : "deterministic"
              }
            ],
            "sttMode" : "mock",
            "sttObserved" : [
              {
                "count" : 5,
                "model" : "fixed-delay-v1",
                "provider" : "DeterministicSTT"
              }
            ]
          }
        },
        {
          "distributions" : {
            "encodeMs" : {
              "max" : 0,
              "min" : 0,
              "p50" : 0,
              "p95" : 0
            },
            "generationMs" : {
              "max" : 370.42391300201416,
              "min" : 283.17296504974365,
              "p50" : 326.7080783843994,
              "p95" : 368.13132762908936
            },
            "pasteMs" : {
              "max" : 0.04100799560546875,
              "min" : 0.026941299438476562,
              "p50" : 0.0400543212890625,
              "p95" : 0.04100799560546875
            },
            "rewriteMs" : {
              "max" : 231.9629192352295,
              "min" : 199.26798343658447,
              "p50" : 203.05705070495605,
              "p95" : 230.81812858581543
            },
            "sttMs" : {
              "max" : 138.46099376678467,
              "min" : 82.36896991729736,
              "p50" : 123.65102767944336,
              "p95" : 137.31319904327393
            },
            "totalStageMs" : {
              "max" : 370.45788764953613,
              "min" : 283.2139730453491,
              "p50" : 326.7490863800049,
              "p95" : 368.16651821136475
            }
          },
          "iterations" : 5,
          "level" : "polish",
          "providers" : {
            "rewriteObserved" : [
              {
                "count" : 5,
                "model" : "x-ai/grok-4.1-fast",
                "path" : "deterministic"
              }
            ],
            "sttMode" : "mock",
            "sttObserved" : [
              {
                "count" : 5,
                "model" : "fixed-delay-v1",
                "provider" : "DeterministicSTT"
              }
            ]
          }
        }
      ]
    },
    {
      "audioBytes" : 427630,
      "audioFile" : "fixture-medium.caf",
      "fixtureID" : "fixture-medium",
      "levels" : [
        {
          "distributions" : {
            "encodeMs" : {
              "max" : 0,
              "min" : 0,
              "p50" : 0,
              "p95" : 0
            },
            "generationMs" : {
              "max" : 135.47790050506592,
              "min" : 107.13803768157959,
              "p50" : 131.35600090026855,
              "p95" : 134.93890762329102
            },
            "pasteMs" : {
              "max" : 0.04506111145019531,
              "min" : 0.015974044799804688,
              "p50" : 0.02002716064453125,
              "p95" : 0.040459632873535156
            },
            "rewriteMs" : {
              "max" : 0,
              "min" : 0,
              "p50" : 0,
              "p95" : 0
            },
            "sttMs" : {
              "max" : 135.47790050506592,
              "min" : 107.13803768157959,
              "p50" : 131.35600090026855,
              "p95" : 134.93890762329102
            },
            "totalStageMs" : {
              "max" : 135.49792766571045,
              "min" : 107.18309879302979,
              "p50" : 131.37805461883545,
              "p95" : 134.95893478393555
            }
          },
          "iterations" : 5,
          "level" : "raw",
          "providers" : {
            "sttMode" : "mock",
            "sttObserved" : [
              {
                "count" : 5,
                "model" : "fixed-delay-v1",
                "provider" : "DeterministicSTT"
              }
            ]
          }
        },
        {
          "distributions" : {
            "encodeMs" : {
              "max" : 0,
              "min" : 0,
              "p50" : 0,
              "p95" : 0
            },
            "generationMs" : {
              "max" : 310.1149797439575,
              "min" : 234.03596878051758,
              "p50" : 287.52601146698,
              "p95" : 306.6229820251465
            },
            "pasteMs" : {
              "max" : 0.07104873657226562,
              "min" : 0.030994415283203125,
              "p50" : 0.049948692321777344,
              "p95" : 0.07064342498779297
            },
            "rewriteMs" : {
              "max" : 175.92906951904297,
              "min" : 118.97802352905273,
              "p50" : 163.38598728179932,
              "p95" : 174.44965839385986
            },
            "sttMs" : {
              "max" : 134.18591022491455,
              "min" : 70.64998149871826,
              "p50" : 126.49500370025635,