{
  "audioBytes" : 427630,
  "audioFile" : "fixture.caf",
  "commitSHA" : "310bef37a95e20bc35c1f3b532cb361077c1d751",
  "generatedAt" : "2026-02-19T15:24:28Z",
  "iterationsPerLevel" : 2,
  "label" : "ci",
  "levels" : [
    {
      "distributions" : {
        "encodeMs" : {
          "max" : 58.59804153442383,
          "min" : 32.48190879821777,
          "p50" : 45.5399751663208,
          "p95" : 57.292234897613525
        },
        "generationMs" : {
          "max" : 1475.3810167312622,
          "min" : 1281.369924545288,
          "p50" : 1378.3754706382751,
          "p95" : 1465.6804621219635
        },
        "pasteMs" : {
          "max" : 0.08499622344970703,
          "min" : 0.01895427703857422,
          "p50" : 0.051975250244140625,
          "p95" : 0.08169412612915039
        },
        "rewriteMs" : {
          "max" : 0,
          "min" : 0,
          "p50" : 0,
          "p95" : 0
        },
        "sttMs" : {
          "max" : 1416.7829751968384,
          "min" : 1248.8880157470703,
          "p50" : 1332.8354954719543,
          "p95" : 1408.38822722435
        },
        "totalStageMs" : {
          "max" : 1475.466012954712,
          "min" : 1281.3888788223267,
          "p50" : 1378.4274458885193,
          "p95" : 1465.7621562480927
        }
      },
      "iterations" : 2,
      "level" : "raw",
      "providers" : {
        "sttMode" : "batch",
        "sttObserved" : [
          {
            "count" : 2,
            "model" : "scribe_v2",
            "provider" : "ElevenLabs"
          }
        ]
      }
    },
    {
      "distributions" : {
        "encodeMs" : {
          "max" : 38.71309757232666,
          "min" : 30.912041664123535,
          "p50" : 34.8125696182251,
          "p95" : 38.323044776916504
        },
        "generationMs" : {
          "max" : 2572.4669694900513,
          "min" : 1776.4630317687988,
          "p50" : 2174.465000629425,
          "p95" : 2532.6667726039886
        },
        "pasteMs" : {
          "max" : 0.5350112915039062,
          "min" : 0.05602836608886719,
          "p50" : 0.2955198287963867,
          "p95" : 0.5110621452331543
        },
        "rewriteMs" : {
          "max" : 685.8479976654053,
          "min" : 630.4709911346436,
          "p50" : 658.1594944000244,
          "p95" : 683.0791473388672
        },
        "sttMs" : {
          "max" : 1911.0839366912842,
          "min" : 1051.901936531067,
          "p50" : 1481.4929366111755,
          "p95" : 1868.1248366832733
        },
        "totalStageMs" : {
          "max" : 2573.001980781555,
          "min" : 1776.5190601348877,
          "p50" : 2174.7605204582214,
          "p95" : 2533.177834749222
        }
      },
      "iterations" : 2,
      "level" : "clean",
      "providers" : {
        "rewriteObserved" : [
          {
            "count" : 2,
            "model" : "google/gemini-2.5-flash-lite",
            "path" : "openrouter"
          }
        ],
        "sttMode" : "batch",
        "sttObserved" : [
          {
            "count" : 2,
            "model" : "scribe_v2",
            "provider" : "ElevenLabs"
          }
        ]
      }
    },
    {
      "distributions" : {
        "encodeMs" : {
          "max" : 34.13403034210205,
          "min" : 30.2809476852417,
          "p50" : 32.207489013671875,
          "p95" : 33.94137620925903
        },
        "generationMs" : {
          "max" : 2572.685956954956,
          "min" : 1627.201795578003,
          "p50" : 2099.9438762664795,
          "p95" : 2525.4117488861084
        },
        "pasteMs" : {
          "max" : 0.102996826171875,
          "min" : 0.04100799560546875,
          "p50" : 0.07200241088867188,
          "p95" : 0.09989738464355469
        },
        "rewriteMs" : {
          "max" : 853.0569076538086,
          "min" : 432.3389530181885,
          "p50" : 642.6979303359985,
          "p95" : 832.0210099220276
        },
        "sttMs" : {
          "max" : 1685.4950189590454,
          "min" : 1164.5818948745728,
          "p50" : 1425.038456916809,
          "p95" : 1659.4493627548218
        },
        "totalStageMs" : {
          "max" : 2572.7269649505615,
          "min" : 1627.3047924041748,
          "p50" : 2100.015878677368,
          "p95" : 2525.455856323242
        }
      },
      "iterations" : 2,
      "level" : "polish",
      "providers" : {
        "rewriteObserved" : [
          {
            "count" : 2,
            "model" : "x-ai/grok-4.1-fast",
            "path" : "openrouter"
          }
        ],
        "sttMode" : "batch",
        "sttObserved" : [
          {
            "count" : 2,
            "model" : "scribe_v2",
            "provider" : "ElevenLabs"
          }
        ]
      }
    }
  ],
  "pullRequestNumber" : 281,
  "rewriteRouting" : "openrouter",
  "schemaVersion" : 2,
  "sttChain" : [
    {
      "model" : "scribe_v2",
      "provider" : "ElevenLabs"
    },
    {
      "model" : "nova-3",
      "provider" : "Deepgram"
    }
  ],
  "sttMode" : "batch",
  "sttSelectionPolicy" : "auto"
}