{
  "audioBytes" : 558044,
  "audioFile" : "2 fixtures",
  "commitSHA" : "994a5cbaeaf12c2a3656bb7a82426c774c821b74",
  "fixtureResults" : [
    {
      "audioBytes" : 130414,
      "audioFile" : "fixture-short.caf",
      "fixtureID" : "fixture-short",
      "levels" : [
        {
          "distributions" : {
            "encodeMs" : {
              "max" : 0,
              "min" : 0,
              "p50" : 0,
              "p95" : 0
            },
            "generationMs" : {
              "max" : 840.9870862960815,
              "min" : 565.6499862670898,
              "p50" : 624.3770122528076,
              "p95" : 798.3796834945679
            },
            "pasteMs" : {
              "max" : 0.07200241088867188,
              "min" : 0.010013580322265625,
              "p50" : 0.024080276489257812,
              "p95" : 0.0659942626953125
            },
            "rewriteMs" : {
              "max" : 0,
              "min" : 0,
              "p50" : 0,
              "p95" : 0
            },
            "sttMs" : {
              "max" : 840.9870862960815,
              "min" : 565.6499862670898,
              "p50" : 624.3770122528076,
              "p95" : 798.3796834945679
            },
            "totalStageMs" : {
              "max" : 841.0111665725708,
              "min" : 565.7219886779785,
              "p50" : 624.3870258331299,
              "p95" : 798.401951789856
            }
          },
          "iterations" : 5,
          "level" : "raw",
          "providers" : {
            "sttMode" : "batch",
            "sttObserved" : [
              {
                "count" : 5,
                "model" : "scribe_v2",
                "provider" : "ElevenLabs"
              }
            ]
          }
        },
        {
          "distributions" : {
            "encodeMs" : {
              "max" : 0,
              "min" : 0,
              "p50" : 0,
              "p95" : 0
            },
            "generationMs" : {
              "max" : 1214.2179012298584,
              "min" : 1017.3549652099609,
              "p50" : 1035.8529090881348,
              "p95" : 1185.1613283157349
            },
            "pasteMs" : {
              "max" : 0.2009868621826172,
              "min" : 0.0400543212890625,
              "p50" : 0.10406970977783203,
              "p95" : 0.1973867416381836
            },
            "rewriteMs" : {
              "max" : 465.85404872894287,
              "min" : 413.92993927001953,
              "p50" : 441.8680667877197,
              "p95" : 462.37123012542725
            },
            "sttMs" : {
              "max" : 790.4229164123535,
              "min" : 585.8159065246582,
              "p50" : 603.0809879302979,
              "p95" : 753.0233383178711
            },
            "totalStageMs" : {
              "max" : 1214.418888092041,
              "min" : 1017.5379514694214,
              "p50" : 1035.9569787979126,
              "p95" : 1185.3301286697388
            }
          },
          "iterations" : 5,
          "level" : "clean",
          "providers" : {
            "rewriteObserved" : [
              {
                "count" : 5,
                "model" : "google/gemini-2.5-flash-lite",
                "path" : "openrouter"
              }
            ],
            "sttMode" : "batch",
            "sttObserved" : [
              {
                "count" : 5,
                "model" : "scribe_v2",
                "provider" : "ElevenLabs"
              }
            ]
          }
        },
        {
          "distributions" : {
            "encodeMs" : {
              "max" : 0,
              "min" : 0,
              "p50" : 0,
              "p95" : 0
            },
            "generationMs" : {
              "max" : 1897.9198932647705,
              "min" : 974.1730690002441,
              "p50" : 999.7818470001221,
              "p95" : 1824.787712097168
            },
            "pasteMs" : {
              "max" : 1.248002052307129,
              "min" : 0.032067298889160156,
              "p50" : 0.12195110321044922,
              "p95" : 1.0266065597534177
            },
            "rewriteMs" : {
              "max" : 831.1690092086792,
              "min" : 396.84104919433594,
              "p50" : 414.7520065307617,
              "p95" : 765.3033971786499
            },
            "sttMs" : {
              "max" : 1396.0789442062378,
              "min" : 577.3320198059082,
              "p50" : 593.6429500579834,
              "p95" : 1257.081151008606
            },
            "totalStageMs" : {
              "max" : 1898.041844367981,
              "min" : 974.2051362991333,
              "p50" : 999.9228715896606,
              "p95" : 1825.1348733901978
            }
          },
          "iterations" : 5,
          "level" : "polish",
          "providers" : {
            "rewriteObserved" : [
              {
                "count" : 5,
                "model" : "x-ai/grok-4.1-fast",
                "path" : "openrouter"
              }
            ],
            "sttMode" : "batch",
            "sttObserved" : [
              {
                "count" : 5,
                "model" : "scribe_v2",
                "provider" : "ElevenLabs"
              }
            ]
          }
        }
      ]
    },
    {
      "audioBytes" : 427630,
      "audioFile" : "fixture-medium.caf",
      "fixtureID" : "fixture-medium",
      "levels" : [
        {
          "distributions" : {
            "encodeMs" : {
              "max" : 60.73188781738281,
              "min" : 30.508041381835938,
              "p50" : 34.75296497344971,
              "p95" : 57.286906242370605
            },
            "generationMs" : {
              "max" : 1422.8640794754028,
              "min" : 1095.4829454421997,
              "p50" : 1130.6968927383423,
              "p95" : 1379.259443283081
            },
            "pasteMs" : {
              "max" : 0.1989603042602539,
              "min" : 0.010967254638671875,
              "p50" : 0.04589557647705078,
              "p95" : 0.1711606979370117
            },
            "rewriteMs" : {
              "max" : 0,
              "min" : 0,
              "p50" : 0,
              "p95" : 0
            },
            "sttMs" : {
              "max" : 1389.5210027694702,
              "min" : 1063.3749961853027,
              "p50" : 1087.1899127960205,
              "p95" : 1340.4386043548584
            },
            "totalStageMs" : {
              "max" : 1422.882080078125,
              "min" : 1095.5288410186768,
              "p50" : 1130.8958530426025,
              "p95" : 1379.2760372161865
            }
          },
          "iterations" : 5,
          "level" : "raw",
          "providers" : {
            "sttMode" : "batch",
            "sttObserved" : [
              {
                "count" : 5,
                "model" : "scribe_v2",
                "provider" : "ElevenLabs"
              }
            ]
          }
        },
        {
          "distributions" : {
            "encodeMs" : {
              "max" : 51.65994167327881,
              "min" : 34.54899787902832,
              "p50" : 40.11392593383789,
              "p95" : 51.022958755493164
            },
            "generationMs" : {
              "max" : 1815.5730962753296,
              "min" : 1628.3838748931885,
              "p50" : 1743.366003036499,
              "p95" : 1801.2698888778687
            },
            "pasteMs" : {
              "max" : 0.10704994201660156,
              "min" : 0.07593631744384766,
              "p50" : 0.08702278137207031,
              "p95" : 0.10364055633544922
            },
            "rewriteMs" : {
              "max" : 617.8160905838013,
              "min" : 448.3400583267212,
              "p50" : 484.1529130935669,
              "p95" : 598.197078704834
            },
            "sttMs" : {
              "max" : 1318.7580108642578,
              "min" : 1074.5810270309448,