{
  "audioBytes" : 558044,
  "audioFile" : "2 fixtures",
  "commitSHA" : "1aa23cc75b19402943c1fb1ed1e55d72a91fa67a",
  "fixtureResults" : [
    {
      "audioBytes" : 130414,
      "audioFile" : "fixture-short.caf",
      "fixtureID" : "fixture-short",
      "levels" : [
        {
          "distributions" : {
            "encodeMs" : {
              "max" : 0,
              "min" : 0,
              "p50" : 0,
              "p95" : 0
            },
            "generationMs" : {
              "max" : 653.878927230835,
              "min" : 500.3429651260376,
              "p50" : 562.2490644454956,
              "p95" : 637.9989385604858
            },
            "pasteMs" : {
              "max" : 0.05805492401123047,
              "min" : 0.03695487976074219,
              "p50" : 0.050067901611328125,
              "p95" : 0.056624412536621094
            },
            "rewriteMs" : {
              "max" : 0,
              "min" : 0,
              "p50" : 0,
              "p95" : 0
            },
            "sttMs" : {
              "max" : 653.878927230835,
              "min" : 500.3429651260376,
              "p50" : 562.2490644454956,
              "p95" : 637.9989385604858
            },
            "totalStageMs" : {
              "max" : 653.9369821548462,
              "min" : 500.3930330276489,
              "p50" : 562.2990131378174,
              "p95" : 638.052773475647
            }
          },
          "iterations" : 5,
          "level" : "raw",
          "providers" : {
            "sttMode" : "batch",
            "sttObserved" : [
              {
                "count" : 5,
                "model" : "scribe_v2",
                "provider" : "ElevenLabs"
              }
            ]
          }
        },
        {
          "distributions" : {
            "encodeMs" : {
              "max" : 0,
              "min" : 0,
              "p50" : 0,
              "p95" : 0
            },
            "generationMs" : {
              "max" : 1495.885968208313,
              "min" : 913.3620262145996,
              "p50" : 1055.8620691299438,
              "p95" : 1433.2273721694946
            },
            "pasteMs" : {
              "max" : 0.1220703125,
              "min" : 0.030994415283203125,
              "p50" : 0.09191036224365234,
              "p95" : 0.12145042419433594
            },
            "rewriteMs" : {
              "max" : 867.8920269012451,
              "min" : 358.3899736404419,
              "p50" : 486.8290424346924,
              "p95" : 817.4526214599609
            },
            "sttMs" : {
              "max" : 627.9939413070679,
              "min" : 535.5739593505859,
              "p50" : 569.0330266952515,
              "p95" : 617.2333478927612
            },
            "totalStageMs" : {
              "max" : 1496.0049390792847,
              "min" : 913.4010076522827,
              "p50" : 1055.893063545227,
              "p95" : 1433.3409309387207
            }
          },
          "iterations" : 5,
          "level" : "clean",
          "providers" : {
            "rewriteObserved" : [
              {
                "count" : 5,
                "model" : "google/gemini-2.5-flash-lite",
                "path" : "openrouter"
              }
            ],
            "sttMode" : "batch",
            "sttObserved" : [
              {
                "count" : 5,
                "model" : "scribe_v2",
                "provider" : "ElevenLabs"
              }
            ]
          }
        },
        {
          "distributions" : {
            "encodeMs" : {
              "max" : 0,
              "min" : 0,
              "p50" : 0,
              "p95" : 0
            },
            "generationMs" : {
              "max" : 1478.9841175079346,
              "min" : 1050.3220558166504,
              "p50" : 1107.4340343475342,
              "p95" : 1428.141474723816
            },
            "pasteMs" : {
              "max" : 0.18393993377685547,
              "min" : 0.03695487976074219,
              "p50" : 0.11098384857177734,
              "p95" : 0.17614364624023438
            },
            "rewriteMs" : {
              "max" : 614.4829988479614,
              "min" : 358.6200475692749,
              "p50" : 483.14905166625977,
              "p95" : 588.8159990310669
            },
            "sttMs" : {
              "max" : 1120.3640699386597,
              "min" : 567.1730041503906,
              "p50" : 610.2879047393799,
              "p95" : 1039.5172595977783
            },
            "totalStageMs" : {
              "max" : 1479.1290760040283,
              "min" : 1050.3590106964111,
              "p50" : 1107.545018196106,
              "p95" : 1428.2942295074463
            }
          },
          "iterations" : 5,
          "level" : "polish",
          "providers" : {
            "rewriteObserved" : [
              {
                "count" : 5,
                "model" : "x-ai/grok-4.1-fast",
                "path" : "openrouter"
              }
            ],
            "sttMode" : "batch",
            "sttObserved" : [
              {
                "count" : 5,
                "model" : "scribe_v2",
                "provider" : "ElevenLabs"
              }
            ]
          }
        }
      ]
    },
    {
      "audioBytes" : 427630,
      "audioFile" : "fixture-medium.caf",
      "fixtureID" : "fixture-medium",
      "levels" : [
        {
          "distributions" : {
            "encodeMs" : {
              "max" : 50.302982330322266,
              "min" : 32.38105773925781,
              "p50" : 32.70602226257324,
              "p95" : 47.55737781524658
            },
            "generationMs" : {
              "max" : 1317.1608448028564,
              "min" : 937.4830722808838,
              "p50" : 1135.546088218689,
              "p95" : 1311.8404865264893
            },
            "pasteMs" : {
              "max" : 0.6660223007202148,
              "min" : 0.010013580322265625,
              "p50" : 0.14889240264892578,
              "p95" : 0.5708217620849608
            },
            "rewriteMs" : {
              "max" : 0,
              "min" : 0,
              "p50" : 0,
              "p95" : 0
            },
            "sttMs" : {
              "max" : 1280.5858850479126,
              "min" : 905.102014541626,
              "p50" : 1102.8400659561157,
              "p95" : 1276.065707206726
            },
            "totalStageMs" : {
              "max" : 1317.3508644104004,
              "min" : 937.527060508728,
              "p50" : 1136.2121105194092,
              "p95" : 1312.0222806930542
            }
          },
          "iterations" : 5,
          "level" : "raw",
          "providers" : {
            "sttMode" : "batch",
            "sttObserved" : [
              {
                "count" : 5,
                "model" : "scribe_v2",
                "provider" : "ElevenLabs"
              }
            ]
          }
        },
        {
          "distributions" : {
            "encodeMs" : {
              "max" : 30.870914459228516,
              "min" : 18.7300443649292,
              "p50" : 21.20804786682129,
              "p95" : 29.62653636932373
            },
            "generationMs" : {
              "max" : 1874.644160270691,
              "min" : 1500.7929801940918,
              "p50" : 1557.083010673523,
              "p95" : 1851.7619132995605
            },
            "pasteMs" : {
              "max" : 0.19097328186035156,
              "min" : 0.03898143768310547,
              "p50" : 0.0699758529663086,
              "p95" : 0.1667976379394531
            },
            "rewriteMs" : {
              "max" : 700.4489898681641,
              "min" : 427.87301540374756,
              "p50" : 557.5220584869385,
              "p95" : 675.0632047653198
            },
            "sttMs" : {
              "max" : 1282.3940515518188,
              "min" : 979.8530340194702,