{
  "audioBytes" : 427630,
  "audioFile" : "fixture.caf",
  "commitSHA" : "b64d4d76efe4262382a68ac9ebf2c0dc7e4d065e",
  "generatedAt" : "2026-02-19T14:34:48Z",
  "iterationsPerLevel" : 2,
  "label" : "ci",
  "levels" : [
    {
      "distributions" : {
        "encodeMs" : {
          "max" : 72.21996784210205,
          "min" : 40.441036224365234,
          "p50" : 56.33050203323364,
          "p95" : 70.63102126121521
        },
        "generationMs" : {
          "max" : 2255.100131034851,
          "min" : 1269.6468830108643,
          "p50" : 1762.3735070228577,
          "p95" : 2205.8274686336517
        },
        "pasteMs" : {
          "max" : 0.48601627349853516,
          "min" : 0.11706352233886719,
          "p50" : 0.30153989791870117,
          "p95" : 0.46756863594055176
        },
        "rewriteMs" : {
          "max" : 0,
          "min" : 0,
          "p50" : 0,
          "p95" : 0
        },
        "sttMs" : {
          "max" : 2214.659094810486,
          "min" : 1197.4269151687622,
          "p50" : 1706.043004989624,
          "p95" : 2163.7974858283997
        },
        "totalStageMs" : {
          "max" : 2255.5861473083496,
          "min" : 1269.7639465332031,
          "p50" : 1762.6750469207764,
          "p95" : 2206.2950372695923
        }
      },
      "iterations" : 2,
      "level" : "raw",
      "providers" : {
        "sttMode" : "batch",
        "sttObserved" : [
          {
            "count" : 2,
            "model" : "scribe_v2",
            "provider" : "ElevenLabs"
          }
        ]
      }
    },
    {
      "distributions" : {
        "encodeMs" : {
          "max" : 41.07201099395752,
          "min" : 18.53501796722412,
          "p50" : 29.80351448059082,
          "p95" : 39.94516134262085
        },
        "generationMs" : {
          "max" : 3006.7198276519775,
          "min" : 1955.02507686615,
          "p50" : 2480.8724522590637,
          "p95" : 2954.135090112686
        },
        "pasteMs" : {
          "max" : 0.11205673217773438,
          "min" : 0.04291534423828125,
          "p50" : 0.07748603820800781,
          "p95" : 0.10859966278076172
        },
        "rewriteMs" : {
          "max" : 1833.9169025421143,
          "min" : 767.8400278091431,
          "p50" : 1300.8784651756287,
          "p95" : 1780.6130588054657
        },
        "sttMs" : {
          "max" : 1154.2679071426392,
          "min" : 1146.1130380630493,
          "p50" : 1150.1904726028442,
          "p95" : 1153.8601636886597
        },
        "totalStageMs" : {
          "max" : 3006.8318843841553,
          "min" : 1955.0679922103882,
          "p50" : 2480.9499382972717,
          "p95" : 2954.243689775467
        }
      },
      "iterations" : 2,
      "level" : "clean",
      "providers" : {
        "rewriteObserved" : [
          {
            "count" : 2,
            "model" : "google/gemini-2.5-flash-lite",
            "path" : "openrouter"
          }
        ],
        "sttMode" : "batch",
        "sttObserved" : [
          {
            "count" : 2,
            "model" : "scribe_v2",
            "provider" : "ElevenLabs"
          }
        ]
      }
    },
    {
      "distributions" : {
        "encodeMs" : {
          "max" : 37.38594055175781,
          "min" : 24.024009704589844,
          "p50" : 30.704975128173828,
          "p95" : 36.717844009399414
        },
        "generationMs" : {
          "max" : 4500.27596950531,
          "min" : 1968.0099487304688,
          "p50" : 3234.1429591178894,
          "p95" : 4373.662668466568
        },
        "pasteMs" : {
          "max" : 0.1779794692993164,
          "min" : 0.12600421905517578,
          "p50" : 0.1519918441772461,
          "p95" : 0.17538070678710938
        },
        "rewriteMs" : {
          "max" : 3214.7520780563354,
          "min" : 807.3279857635498,
          "p50" : 2011.0400319099426,
          "p95" : 3094.380873441696
        },
        "sttMs" : {
          "max" : 1248.1379508972168,
          "min" : 1136.657953262329,
          "p50" : 1192.397952079773,
          "p95" : 1242.5639510154724
        },
        "totalStageMs" : {
          "max" : 4500.401973724365,
          "min" : 1968.187928199768,
          "p50" : 3234.2949509620667,
          "p95" : 4373.791271448135
        }
      },
      "iterations" : 2,
      "level" : "polish",
      "providers" : {
        "rewriteObserved" : [
          {
            "count" : 2,
            "model" : "x-ai/grok-4.1-fast",
            "path" : "openrouter"
          }
        ],
        "sttMode" : "batch",
        "sttObserved" : [
          {
            "count" : 2,
            "model" : "scribe_v2",
            "provider" : "ElevenLabs"
          }
        ]
      }
    }
  ],
  "pullRequestNumber" : 281,
  "rewriteRouting" : "openrouter",
  "schemaVersion" : 2,
  "sttChain" : [
    {
      "model" : "scribe_v2",
      "provider" : "ElevenLabs"
    },
    {
      "model" : "nova-3",
      "provider" : "Deepgram"
    }
  ],
  "sttMode" : "batch",
  "sttSelectionPolicy" : "auto"
}