{
  "audioBytes" : 427630,
  "audioFile" : "fixture.caf",
  "commitSHA" : "e8ff59743a9e27381c74667811546f35df0634c7",
  "generatedAt" : "2026-02-19T15:44:32Z",
  "iterationsPerLevel" : 2,
  "label" : "ci",
  "levels" : [
    {
      "distributions" : {
        "encodeMs" : {
          "max" : 27.897000312805176,
          "min" : 26.79896354675293,
          "p50" : 27.347981929779053,
          "p95" : 27.842098474502563
        },
        "generationMs" : {
          "max" : 1249.1129636764526,
          "min" : 1243.6420917510986,
          "p50" : 1246.3775277137756,
          "p95" : 1248.839420080185
        },
        "pasteMs" : {
          "max" : 0.1480579376220703,
          "min" : 0.0959634780883789,
          "p50" : 0.12201070785522461,
          "p95" : 0.14545321464538574
        },
        "rewriteMs" : {
          "max" : 0,
          "min" : 0,
          "p50" : 0,
          "p95" : 0
        },
        "sttMs" : {
          "max" : 1222.3140001296997,
          "min" : 1215.7450914382935,
          "p50" : 1219.0295457839966,
          "p95" : 1221.9855546951294
        },
        "totalStageMs" : {
          "max" : 1249.208927154541,
          "min" : 1243.7901496887207,
          "p50" : 1246.4995384216309,
          "p95" : 1248.93798828125
        }
      },
      "iterations" : 2,
      "level" : "raw",
      "providers" : {
        "sttMode" : "batch",
        "sttObserved" : [
          {
            "count" : 2,
            "model" : "scribe_v2",
            "provider" : "ElevenLabs"
          }
        ]
      }
    },
    {
      "distributions" : {
        "encodeMs" : {
          "max" : 33.76507759094238,
          "min" : 24.36506748199463,
          "p50" : 29.065072536468506,
          "p95" : 33.295077085494995
        },
        "generationMs" : {
          "max" : 2514.3920183181763,
          "min" : 1593.5760736465454,
          "p50" : 2053.984045982361,
          "p95" : 2468.3512210845947
        },
        "pasteMs" : {
          "max" : 0.8400678634643555,
          "min" : 0.06496906280517578,
          "p50" : 0.4525184631347656,
          "p95" : 0.8013129234313965
        },
        "rewriteMs" : {
          "max" : 717.0529365539551,
          "min" : 464.6819829940796,
          "p50" : 590.8674597740173,
          "p95" : 704.4343888759613
        },
        "sttMs" : {
          "max" : 1763.5740041732788,
          "min" : 1104.5290231704712,
          "p50" : 1434.051513671875,
          "p95" : 1730.6217551231384
        },
        "totalStageMs" : {
          "max" : 2515.2320861816406,
          "min" : 1593.6410427093506,
          "p50" : 2054.4365644454956,
          "p95" : 2469.152534008026
        }
      },
      "iterations" : 2,
      "level" : "clean",
      "providers" : {
        "rewriteObserved" : [
          {
            "count" : 2,
            "model" : "google/gemini-2.5-flash-lite",
            "path" : "openrouter"
          }
        ],
        "sttMode" : "batch",
        "sttObserved" : [
          {
            "count" : 2,
            "model" : "scribe_v2",
            "provider" : "ElevenLabs"
          }
        ]
      }
    },
    {
      "distributions" : {
        "encodeMs" : {
          "max" : 27.50098705291748,
          "min" : 22.745966911315918,
          "p50" : 25.1234769821167,
          "p95" : 27.263236045837402
        },
        "generationMs" : {
          "max" : 3663.59281539917,
          "min" : 2256.8299770355225,
          "p50" : 2960.211396217346,
          "p95" : 3593.2546734809875
        },
        "pasteMs" : {
          "max" : 0.11098384857177734,
          "min" : 0.10704994201660156,
          "p50" : 0.10901689529418945,
          "p95" : 0.11078715324401855
        },
        "rewriteMs" : {
          "max" : 2524.8619318008423,
          "min" : 1051.3349771499634,
          "p50" : 1788.0984544754028,
          "p95" : 2451.1855840682983
        },
        "sttMs" : {
          "max" : 1177.9940128326416,
          "min" : 1115.9849166870117,
          "p50" : 1146.9894647598267,
          "p95" : 1174.89355802536
        },
        "totalStageMs" : {
          "max" : 3663.7037992477417,
          "min" : 2256.937026977539,
          "p50" : 2960.3204131126404,
          "p95" : 3593.3654606342316
        }
      },
      "iterations" : 2,
      "level" : "polish",
      "providers" : {
        "rewriteObserved" : [
          {
            "count" : 2,
            "model" : "x-ai/grok-4.1-fast",
            "path" : "openrouter"
          }
        ],
        "sttMode" : "batch",
        "sttObserved" : [
          {
            "count" : 2,
            "model" : "scribe_v2",
            "provider" : "ElevenLabs"
          }
        ]
      }
    }
  ],
  "pullRequestNumber" : 281,
  "rewriteRouting" : "openrouter",
  "schemaVersion" : 2,
  "sttChain" : [
    {
      "model" : "scribe_v2",
      "provider" : "ElevenLabs"
    },
    {
      "model" : "nova-3",
      "provider" : "Deepgram"
    }
  ],
  "sttMode" : "batch",
  "sttSelectionPolicy" : "auto"
}