{
  "audioBytes" : 558044,
  "audioFile" : "2 fixtures",
  "commitSHA" : "d9ad7ab0f54cf779213823fcb32379ed9790cbfb",
  "fixtureResults" : [
    {
      "audioBytes" : 130414,
      "audioFile" : "fixture-short.caf",
      "fixtureID" : "fixture-short",
      "levels" : [
        {
          "distributions" : {
            "encodeMs" : {
              "max" : 0,
              "min" : 0,
              "p50" : 0,
              "p95" : 0
            },
            "generationMs" : {
              "max" : 713.1479978561401,
              "min" : 556.6740036010742,
              "p50" : 591.588020324707,
              "p95" : 693.0694103240967
            },
            "pasteMs" : {
              "max" : 0.3579854965209961,
              "min" : 0.010013580322265625,
              "p50" : 0.016927719116210938,
              "p95" : 0.32079219818115234
            },
            "rewriteMs" : {
              "max" : 0,
              "min" : 0,
              "p50" : 0,
              "p95" : 0
            },
            "sttMs" : {
              "max" : 713.1479978561401,
              "min" : 556.6740036010742,
              "p50" : 591.588020324707,
              "p95" : 693.0694103240967
            },
            "totalStageMs" : {
              "max" : 713.1649255752563,
              "min" : 556.6860437393188,
              "p50" : 591.5980339050293,
              "p95" : 693.117356300354
            }
          },
          "iterations" : 5,
          "level" : "raw",
          "providers" : {
            "sttMode" : "batch",
            "sttObserved" : [
              {
                "count" : 5,
                "model" : "scribe_v2",
                "provider" : "ElevenLabs"
              }
            ]
          }
        },
        {
          "distributions" : {
            "encodeMs" : {
              "max" : 0,
              "min" : 0,
              "p50" : 0,
              "p95" : 0
            },
            "generationMs" : {
              "max" : 1287.1921062469482,
              "min" : 864.3280267715454,
              "p50" : 1002.4049282073975,
              "p95" : 1233.0836772918701
            },
            "pasteMs" : {
              "max" : 0.13196468353271484,
              "min" : 0.04398822784423828,
              "p50" : 0.10502338409423828,
              "p95" : 0.1273632049560547
            },
            "rewriteMs" : {
              "max" : 639.0950679779053,
              "min" : 296.82302474975586,
              "p50" : 438.19892406463623,
              "p95" : 599.0716457366943
            },
            "sttMs" : {
              "max" : 648.097038269043,
              "min" : 564.2060041427612,
              "p50" : 577.672004699707,
              "p95" : 637.9410266876221
            },
            "totalStageMs" : {
              "max" : 1287.2360944747925,
              "min" : 864.4330501556396,
              "p50" : 1002.5368928909302,
              "p95" : 1233.1356763839722
            }
          },
          "iterations" : 5,
          "level" : "clean",
          "providers" : {
            "rewriteObserved" : [
              {
                "count" : 5,
                "model" : "google/gemini-2.5-flash-lite",
                "path" : "openrouter"
              }
            ],
            "sttMode" : "batch",
            "sttObserved" : [
              {
                "count" : 5,
                "model" : "scribe_v2",
                "provider" : "ElevenLabs"
              }
            ]
          }
        },
        {
          "distributions" : {
            "encodeMs" : {
              "max" : 0,
              "min" : 0,
              "p50" : 0,
              "p95" : 0
            },
            "generationMs" : {
              "max" : 1014.8279666900635,
              "min" : 901.0939598083496,
              "p50" : 957.5841426849365,
              "p95" : 1008.0623626708984
            },
            "pasteMs" : {
              "max" : 0.07700920104980469,
              "min" : 0.03600120544433594,
              "p50" : 0.03993511199951172,
              "p95" : 0.0734090805053711
            },
            "rewriteMs" : {
              "max" : 469.743013381958,
              "min" : 337.9819393157959,
              "p50" : 390.38705825805664,
              "p95" : 457.00979232788086
            },
            "sttMs" : {
              "max" : 591.4140939712524,
              "min" : 545.0849533081055,
              "p50" : 563.1120204925537,
              "p95" : 588.1158828735352
            },
            "totalStageMs" : {
              "max" : 1014.8659944534302,
              "min" : 901.1709690093994,
              "p50" : 957.6431512832642,
              "p95" : 1008.1007719039917
            }
          },
          "iterations" : 5,
          "level" : "polish",
          "providers" : {
            "rewriteObserved" : [
              {
                "count" : 5,
                "model" : "x-ai/grok-4.1-fast",
                "path" : "openrouter"
              }
            ],
            "sttMode" : "batch",
            "sttObserved" : [
              {
                "count" : 5,
                "model" : "scribe_v2",
                "provider" : "ElevenLabs"
              }
            ]
          }
        }
      ]
    },
    {
      "audioBytes" : 427630,
      "audioFile" : "fixture-medium.caf",
      "fixtureID" : "fixture-medium",
      "levels" : [
        {
          "distributions" : {
            "encodeMs" : {
              "max" : 36.3999605178833,
              "min" : 27.732014656066895,
              "p50" : 32.546043395996094,
              "p95" : 35.697174072265625
            },
            "generationMs" : {
              "max" : 1301.7070293426514,
              "min" : 993.5910701751709,
              "p50" : 1167.7610874176025,
              "p95" : 1291.2094116210938
            },
            "pasteMs" : {
              "max" : 0.15592575073242188,
              "min" : 0.03790855407714844,
              "p50" : 0.07605552673339844,
              "p95" : 0.1441478729248047
            },
            "rewriteMs" : {
              "max" : 0,
              "min" : 0,
              "p50" : 0,
              "p95" : 0
            },
            "sttMs" : {
              "max" : 1269.1609859466553,
              "min" : 960.705041885376,
              "p50" : 1139.5900249481201,
              "p95" : 1257.8925848007202
            },
            "totalStageMs" : {
              "max" : 1301.7539978027344,
              "min" : 993.6881065368652,
              "p50" : 1167.7989959716797,
              "p95" : 1291.2621974945068
            }
          },
          "iterations" : 5,
          "level" : "raw",
          "providers" : {
            "sttMode" : "batch",
            "sttObserved" : [
              {
                "count" : 5,
                "model" : "scribe_v2",
                "provider" : "ElevenLabs"
              }
            ]
          }
        },
        {
          "distributions" : {
            "encodeMs" : {
              "max" : 24.706006050109863,
              "min" : 20.021915435791016,
              "p50" : 21.679997444152832,
              "p95" : 24.260783195495605
            },
            "generationMs" : {
              "max" : 1776.547908782959,
              "min" : 1434.608817100525,
              "p50" : 1492.4750328063965,
              "p95" : 1761.8235349655151
            },
            "pasteMs" : {
              "max" : 0.10001659393310547,
              "min" : 0.07903575897216797,
              "p50" : 0.09000301361083984,
              "p95" : 0.10001659393310547
            },
            "rewriteMs" : {
              "max" : 681.4939975738525,
              "min" : 398.0870246887207,
              "p50" : 468.4619903564453,
              "p95" : 653.305196762085
            },
            "sttMs" : {
              "max" : 1211.2919092178345,
              "min" : 943.666934967041,