{
  "audioBytes" : 558044,
  "audioFile" : "2 fixtures",
  "commitSHA" : "9306f9df6bf2a38823363197edca3aedeaaec766",
  "fixtureResults" : [
    {
      "audioBytes" : 130414,
      "audioFile" : "fixture-short.caf",
      "fixtureID" : "fixture-short",
      "levels" : [
        {
          "distributions" : {
            "encodeMs" : {
              "max" : 0,
              "min" : 0,
              "p50" : 0,
              "p95" : 0
            },
            "generationMs" : {
              "max" : 654.1769504547119,
              "min" : 582.8530788421631,
              "p50" : 607.3340177536011,
              "p95" : 652.4771451950073
            },
            "pasteMs" : {
              "max" : 0.02396106719970703,
              "min" : 0.013947486877441406,
              "p50" : 0.015974044799804688,
              "p95" : 0.022983551025390625
            },
            "rewriteMs" : {
              "max" : 0,
              "min" : 0,
              "p50" : 0,
              "p95" : 0
            },
            "sttMs" : {
              "max" : 654.1769504547119,
              "min" : 582.8530788421631,
              "p50" : 607.3340177536011,
              "p95" : 652.4771451950073
            },
            "totalStageMs" : {
              "max" : 654.2009115219116,
              "min" : 582.8680992126465,
              "p50" : 607.3499917984009,
              "p95" : 652.5001287460327
            }
          },
          "iterations" : 5,
          "level" : "raw",
          "providers" : {
            "sttMode" : "batch",
            "sttObserved" : [
              {
                "count" : 5,
                "model" : "scribe_v2",
                "provider" : "ElevenLabs"
              }
            ]
          }
        },
        {
          "distributions" : {
            "encodeMs" : {
              "max" : 0,
              "min" : 0,
              "p50" : 0,
              "p95" : 0
            },
            "generationMs" : {
              "max" : 1652.5061130523682,
              "min" : 1080.4699659347534,
              "p50" : 1274.3768692016602,
              "p95" : 1586.7312908172607
            },
            "pasteMs" : {
              "max" : 0.15497207641601562,
              "min" : 0.09393692016601562,
              "p50" : 0.1399517059326172,
              "p95" : 0.15196800231933594
            },
            "rewriteMs" : {
              "max" : 1025.476098060608,
              "min" : 427.0240068435669,
              "p50" : 619.1469430923462,
              "p95" : 961.6214752197266
            },
            "sttMs" : {
              "max" : 655.229926109314,
              "min" : 549.3379831314087,
              "p50" : 627.0300149917603,
              "p95" : 654.8731327056885
            },
            "totalStageMs" : {
              "max" : 1652.618169784546,
              "min" : 1080.6249380111694,
              "p50" : 1274.4708061218262,
              "p95" : 1586.8489265441895
            }
          },
          "iterations" : 5,
          "level" : "clean",
          "providers" : {
            "rewriteObserved" : [
              {
                "count" : 5,
                "model" : "google/gemini-2.5-flash-lite",
                "path" : "openrouter"
              }
            ],
            "sttMode" : "batch",
            "sttObserved" : [
              {
                "count" : 5,
                "model" : "scribe_v2",
                "provider" : "ElevenLabs"
              }
            ]
          }
        },
        {
          "distributions" : {
            "encodeMs" : {
              "max" : 0,
              "min" : 0,
              "p50" : 0,
              "p95" : 0
            },
            "generationMs" : {
              "max" : 1869.5348501205444,
              "min" : 1045.4109907150269,
              "p50" : 1181.9249391555786,
              "p95" : 1779.0824890136719
            },
            "pasteMs" : {
              "max" : 0.16188621520996094,
              "min" : 0.028014183044433594,
              "p50" : 0.054955482482910156,
              "p95" : 0.1508951187133789
            },
            "rewriteMs" : {
              "max" : 820.3589916229248,
              "min" : 430.7270050048828,
              "p50" : 482.39707946777344,
              "p95" : 765.4867887496948
            },
            "sttMs" : {
              "max" : 1398.250937461853,
              "min" : 581.2059640884399,
              "p50" : 614.683985710144,
              "p95" : 1245.7861423492432
            },
            "totalStageMs" : {
              "max" : 1869.5628643035889,
              "min" : 1045.451045036316,
              "p50" : 1181.9798946380615,
              "p95" : 1779.1262865066528
            }
          },
          "iterations" : 5,
          "level" : "polish",
          "providers" : {
            "rewriteObserved" : [
              {
                "count" : 5,
                "model" : "x-ai/grok-4.1-fast",
                "path" : "openrouter"
              }
            ],
            "sttMode" : "batch",
            "sttObserved" : [
              {
                "count" : 5,
                "model" : "scribe_v2",
                "provider" : "ElevenLabs"
              }
            ]
          }
        }
      ]
    },
    {
      "audioBytes" : 427630,
      "audioFile" : "fixture-medium.caf",
      "fixtureID" : "fixture-medium",
      "levels" : [
        {
          "distributions" : {
            "encodeMs" : {
              "max" : 27.589082717895508,
              "min" : 18.924951553344727,
              "p50" : 22.97508716583252,
              "p95" : 26.81107521057129
            },
            "generationMs" : {
              "max" : 1647.9990482330322,
              "min" : 1143.3439254760742,
              "p50" : 1390.6440734863281,
              "p95" : 1599.8480558395386
            },
            "pasteMs" : {
              "max" : 0.23698806762695312,
              "min" : 0.009059906005859375,
              "p50" : 0.031948089599609375,
              "p95" : 0.21479129791259766
            },
            "rewriteMs" : {
              "max" : 0,
              "min" : 0,
              "p50" : 0,
              "p95" : 0
            },
            "sttMs" : {
              "max" : 1624.3000030517578,
              "min" : 1123.0570077896118,
              "p50" : 1363.0549907684326,
              "p95" : 1576.2938022613525
            },
            "totalStageMs" : {
              "max" : 1648.0309963226318,
              "min" : 1143.35298538208,
              "p50" : 1390.6570672988892,
              "p95" : 1599.9210119247437
            }
          },
          "iterations" : 5,
          "level" : "raw",
          "providers" : {
            "sttMode" : "batch",
            "sttObserved" : [
              {
                "count" : 5,
                "model" : "scribe_v2",
                "provider" : "ElevenLabs"
              }
            ]
          }
        },
        {
          "distributions" : {
            "encodeMs" : {
              "max" : 19.757986068725586,
              "min" : 18.10598373413086,
              "p50" : 18.790006637573242,
              "p95" : 19.655776023864746
            },
            "generationMs" : {
              "max" : 1911.291003227234,
              "min" : 1705.2959203720093,
              "p50" : 1893.9988613128662,
              "p95" : 1910.7776165008545
            },
            "pasteMs" : {
              "max" : 0.10097026824951172,
              "min" : 0.041961669921875,
              "p50" : 0.07796287536621094,
              "p95" : 0.09996891021728516
            },
            "rewriteMs" : {
              "max" : 787.4749898910522,
              "min" : 530.195951461792,
              "p50" : 678.5660982131958,
              "p95" : 786.679196357727
            },
            "sttMs" : {
              "max" : 1300.8869886398315,
              "min" : 1104.058027267456,