{
  "audioBytes" : 558044,
  "audioFile" : "2 fixtures",
  "commitSHA" : "9306f9df6bf2a38823363197edca3aedeaaec766",
  "fixtureResults" : [
    {
      "audioBytes" : 130414,
      "audioFile" : "fixture-short.caf",
      "fixtureID" : "fixture-short",
      "levels" : [
        {
          "distributions" : {
            "encodeMs" : {
              "max" : 0,
              "min" : 0,
              "p50" : 0,
              "p95" : 0
            },
            "generationMs" : {
              "max" : 205.62303066253662,
              "min" : 147.23098278045654,
              "p50" : 198.8450288772583,
              "p95" : 205.28922080993652
            },
            "pasteMs" : {
              "max" : 0.3230571746826172,
              "min" : 0.012993812561035156,
              "p50" : 0.025033950805664062,
              "p95" : 0.2710342407226562
            },
            "rewriteMs" : {
              "max" : 0,
              "min" : 0,
              "p50" : 0,
              "p95" : 0
            },
            "sttMs" : {
              "max" : 205.62303066253662,
              "min" : 147.23098278045654,
              "p50" : 198.8450288772583,
              "p95" : 205.28922080993652
            },
            "totalStageMs" : {
              "max" : 205.68597316741943,
              "min" : 147.2489833831787,
              "p50" : 198.87006282806396,
              "p95" : 205.34217357635498
            }
          },
          "iterations" : 5,
          "level" : "raw",
          "providers" : {
            "sttMode" : "mock",
            "sttObserved" : [
              {
                "count" : 5,
                "model" : "fixed-delay-v1",
                "provider" : "DeterministicSTT"
              }
            ]
          }
        },
        {
          "distributions" : {
            "encodeMs" : {
              "max" : 0,
              "min" : 0,
              "p50" : 0,
              "p95" : 0
            },
            "generationMs" : {
              "max" : 273.8429307937622,
              "min" : 170.66001892089844,
              "p50" : 181.5100908279419,
              "p95" : 263.4425401687622
            },
            "pasteMs" : {
              "max" : 0.053048133850097656,
              "min" : 0.030040740966796875,
              "p50" : 0.030994415283203125,
              "p95" : 0.04863739013671875
            },
            "rewriteMs" : {
              "max" : 208.40990543365479,
              "min" : 103.19507122039795,
              "p50" : 115.86499214172363,
              "p95" : 197.57370948791504
            },
            "sttMs" : {
              "max" : 67.90900230407715,
              "min" : 65.43302536010742,
              "p50" : 67.46494770050049,
              "p95" : 67.84961223602295
            },
            "totalStageMs" : {
              "max" : 273.8739252090454,
              "min" : 170.69005966186523,
              "p50" : 181.5410852432251,
              "p95" : 263.4779453277588
            }
          },
          "iterations" : 5,
          "level" : "clean",
          "providers" : {
            "rewriteObserved" : [
              {
                "count" : 5,
                "model" : "gemini-2.5-flash-lite",
                "path" : "deterministic"
              }
            ],
            "sttMode" : "mock",
            "sttObserved" : [
              {
                "count" : 5,
                "model" : "fixed-delay-v1",
                "provider" : "DeterministicSTT"
              }
            ]
          }
        },
        {
          "distributions" : {
            "encodeMs" : {
              "max" : 0,
              "min" : 0,
              "p50" : 0,
              "p95" : 0
            },
            "generationMs" : {
              "max" : 407.82296657562256,
              "min" : 276.14402770996094,
              "p50" : 295.2890396118164,
              "p95" : 387.7001762390137
            },
            "pasteMs" : {
              "max" : 0.034928321838378906,
              "min" : 0.027060508728027344,
              "p50" : 0.030040740966796875,
              "p95" : 0.034165382385253906
            },
            "rewriteMs" : {
              "max" : 306.6999912261963,
              "min" : 185.53590774536133,
              "p50" : 206.91406726837158,
              "p95" : 291.0952091217041
            },
            "sttMs" : {
              "max" : 103.34205627441406,
              "min" : 66.61295890808105,
              "p50" : 100.29494762420654,
              "p95" : 102.8982400894165
            },
            "totalStageMs" : {
              "max" : 407.8500270843506,
              "min" : 276.17204189300537,
              "p50" : 295.3239679336548,
              "p95" : 387.72783279418945
            }
          },
          "iterations" : 5,
          "level" : "polish",
          "providers" : {
            "rewriteObserved" : [
              {
                "count" : 5,
                "model" : "x-ai/grok-4.1-fast",
                "path" : "deterministic"
              }
            ],
            "sttMode" : "mock",
            "sttObserved" : [
              {
                "count" : 5,
                "model" : "fixed-delay-v1",
                "provider" : "DeterministicSTT"
              }
            ]
          }
        }
      ]
    },
    {
      "audioBytes" : 427630,
      "audioFile" : "fixture-medium.caf",
      "fixtureID" : "fixture-medium",
      "levels" : [
        {
          "distributions" : {
            "encodeMs" : {
              "max" : 0,
              "min" : 0,
              "p50" : 0,
              "p95" : 0
            },
            "generationMs" : {
              "max" : 206.0389518737793,
              "min" : 69.02706623077393,
              "p50" : 101.67098045349121,
              "p95" : 202.0061731338501
            },
            "pasteMs" : {
              "max" : 0.11098384857177734,
              "min" : 0.012993812561035156,
              "p50" : 0.01609325408935547,
              "p95" : 0.09217262268066405
            },
            "rewriteMs" : {
              "max" : 0,
              "min" : 0,
              "p50" : 0,
              "p95" : 0
            },
            "sttMs" : {
              "max" : 206.0389518737793,
              "min" : 69.02706623077393,
              "p50" : 101.67098045349121,
              "p95" : 202.0061731338501
            },
            "totalStageMs" : {
              "max" : 206.0549259185791,
              "min" : 69.04399394989014,
              "p50" : 101.68707370758057,
              "p95" : 202.0411491394043
            }
          },
          "iterations" : 5,
          "level" : "raw",
          "providers" : {
            "sttMode" : "mock",
            "sttObserved" : [
              {
                "count" : 5,
                "model" : "fixed-delay-v1",
                "provider" : "DeterministicSTT"
              }
            ]
          }
        },
        {
          "distributions" : {
            "encodeMs" : {
              "max" : 0,
              "min" : 0,
              "p50" : 0,
              "p95" : 0
            },
            "generationMs" : {
              "max" : 288.95092010498047,
              "min" : 170.1110601425171,
              "p50" : 235.40103435516357,
              "p95" : 282.4805498123169
            },
            "pasteMs" : {
              "max" : 0.04398822784423828,
              "min" : 0.025987625122070312,
              "p50" : 0.029921531677246094,
              "p95" : 0.0415802001953125
            },
            "rewriteMs" : {
              "max" : 136.20400428771973,
              "min" : 109.84504222869873,
              "p50" : 112.43999004364014,
              "p95" : 135.28399467468262
            },
            "sttMs" : {
              "max" : 157.3469638824463,
              "min" : 60.26601791381836,
              "p50" : 120.39506435394287,