{
  "audioBytes" : 558044,
  "audioFile" : "2 fixtures",
  "commitSHA" : "9787af2e303ddd46fc7df5a5d0d5b1f4da56cd86",
  "fixtureResults" : [
    {
      "audioBytes" : 130414,
      "audioFile" : "fixture-short.caf",
      "fixtureID" : "fixture-short",
      "levels" : [
        {
          "distributions" : {
            "encodeMs" : {
              "max" : 0,
              "min" : 0,
              "p50" : 0,
              "p95" : 0
            },
            "generationMs" : {
              "max" : 663.8510227203369,
              "min" : 561.6469383239746,
              "p50" : 588.2889032363892,
              "p95" : 661.4786148071289
            },
            "pasteMs" : {
              "max" : 0.09799003601074219,
              "min" : 0.016927719116210938,
              "p50" : 0.03802776336669922,
              "p95" : 0.0947713851928711
            },
            "rewriteMs" : {
              "max" : 0,
              "min" : 0,
              "p50" : 0,
              "p95" : 0
            },
            "sttMs" : {
              "max" : 663.8510227203369,
              "min" : 561.6469383239746,
              "p50" : 588.2889032363892,
              "p95" : 661.4786148071289
            },
            "totalStageMs" : {
              "max" : 663.8679504394531,
              "min" : 561.728835105896,
              "p50" : 588.3128643035889,
              "p95" : 661.511754989624
            }
          },
          "iterations" : 5,
          "level" : "raw",
          "providers" : {
            "sttMode" : "batch",
            "sttObserved" : [
              {
                "count" : 5,
                "model" : "scribe_v2",
                "provider" : "ElevenLabs"
              }
            ]
          }
        },
        {
          "distributions" : {
            "encodeMs" : {
              "max" : 0,
              "min" : 0,
              "p50" : 0,
              "p95" : 0
            },
            "generationMs" : {
              "max" : 1391.2479877471924,
              "min" : 874.858021736145,
              "p50" : 944.5401430130005,
              "p95" : 1334.9622011184692
            },
            "pasteMs" : {
              "max" : 0.08893013000488281,
              "min" : 0.02002716064453125,
              "p50" : 0.04100799560546875,
              "p95" : 0.08053779602050781
            },
            "rewriteMs" : {
              "max" : 485.7569932937622,
              "min" : 285.6180667877197,
              "p50" : 297.2280979156494,
              "p95" : 481.37738704681396
            },
            "sttMs" : {
              "max" : 927.3890256881714,
              "min" : 588.2329940795898,
              "p50" : 624.0620613098145,
              "p95" : 871.3736295700073
            },
            "totalStageMs" : {
              "max" : 1391.2749290466309,
              "min" : 874.904990196228,
              "p50" : 944.560170173645,
              "p95" : 1334.991955757141
            }
          },
          "iterations" : 5,
          "level" : "clean",
          "providers" : {
            "rewriteObserved" : [
              {
                "count" : 5,
                "model" : "google/gemini-2.5-flash-lite",
                "path" : "openrouter"
              }
            ],
            "sttMode" : "batch",
            "sttObserved" : [
              {
                "count" : 5,
                "model" : "scribe_v2",
                "provider" : "ElevenLabs"
              }
            ]
          }
        },
        {
          "distributions" : {
            "encodeMs" : {
              "max" : 0,
              "min" : 0,
              "p50" : 0,
              "p95" : 0
            },
            "generationMs" : {
              "max" : 4383.4298849105835,
              "min" : 933.3949089050293,
              "p50" : 1209.0749740600586,
              "p95" : 3846.179127693176
            },
            "pasteMs" : {
              "max" : 0.186920166015625,
              "min" : 0.02300739288330078,
              "p50" : 0.17499923706054688,
              "p95" : 0.18494129180908203
            },
            "rewriteMs" : {
              "max" : 3849.837899208069,
              "min" : 383.1179141998291,
              "p50" : 605.7718992233276,
              "p95" : 3280.5009365081783
            },
            "sttMs" : {
              "max" : 694.0230131149292,
              "min" : 533.5919857025146,
              "p50" : 601.6199588775635,
              "p95" : 675.8790254592896
            },
            "totalStageMs" : {
              "max" : 4383.452892303467,
              "min" : 933.5818290710449,
              "p50" : 1209.2499732971191,
              "p95" : 3846.217536926269
            }
          },
          "iterations" : 5,
          "level" : "polish",
          "providers" : {
            "rewriteObserved" : [
              {
                "count" : 5,
                "model" : "x-ai/grok-4.1-fast",
                "path" : "openrouter"
              }
            ],
            "sttMode" : "batch",
            "sttObserved" : [
              {
                "count" : 5,
                "model" : "scribe_v2",
                "provider" : "ElevenLabs"
              }
            ]
          }
        }
      ]
    },
    {
      "audioBytes" : 427630,
      "audioFile" : "fixture-medium.caf",
      "fixtureID" : "fixture-medium",
      "levels" : [
        {
          "distributions" : {
            "encodeMs" : {
              "max" : 50.530076026916504,
              "min" : 36.04400157928467,
              "p50" : 49.25405979156494,
              "p95" : 50.313448905944824
            },
            "generationMs" : {
              "max" : 1091.507911682129,
              "min" : 998.0170726776123,
              "p50" : 1058.9548349380493,
              "p95" : 1086.932349205017
            },
            "pasteMs" : {
              "max" : 0.2980232238769531,
              "min" : 0.07700920104980469,
              "p50" : 0.1989603042602539,
              "p95" : 0.287628173828125
            },
            "rewriteMs" : {
              "max" : 0,
              "min" : 0,
              "p50" : 0,
              "p95" : 0
            },
            "sttMs" : {
              "max" : 1042.3059463500977,
              "min" : 961.9730710983276,
              "p50" : 1009.5078945159912,
              "p95" : 1037.719964981079
            },
            "totalStageMs" : {
              "max" : 1091.8059349060059,
              "min" : 998.0940818786621,
              "p50" : 1059.1537952423096,
              "p95" : 1087.1983766555786
            }
          },
          "iterations" : 5,
          "level" : "raw",
          "providers" : {
            "sttMode" : "batch",
            "sttObserved" : [
              {
                "count" : 5,
                "model" : "scribe_v2",
                "provider" : "ElevenLabs"
              }
            ]
          }
        },
        {
          "distributions" : {
            "encodeMs" : {
              "max" : 54.1759729385376,
              "min" : 49.44503307342529,
              "p50" : 51.75304412841797,
              "p95" : 53.76238822937012
            },
            "generationMs" : {
              "max" : 1536.4750623703003,
              "min" : 1426.3060092926025,
              "p50" : 1467.7671194076538,
              "p95" : 1528.9278745651245
            },
            "pasteMs" : {
              "max" : 0.18095970153808594,
              "min" : 0.07796287536621094,
              "p50" : 0.1729726791381836,
              "p95" : 0.18017292022705078
            },
            "rewriteMs" : {
              "max" : 470.1089859008789,
              "min" : 370.77510356903076,
              "p50" : 418.91300678253174,
              "p95" : 468.79398822784424
            },
            "sttMs" : {
              "max" : 1076.2109756469727,
              "min" : 922.199010848999,