{
  "audioBytes" : 558044,
  "audioFile" : "2 fixtures",
  "commitSHA" : "b08d77e2155eed333af188f9b5ec923c696caa1c",
  "fixtureResults" : [
    {
      "audioBytes" : 130414,
      "audioFile" : "fixture-short.caf",
      "fixtureID" : "fixture-short",
      "levels" : [
        {
          "distributions" : {
            "encodeMs" : {
              "max" : 0,
              "min" : 0,
              "p50" : 0,
              "p95" : 0
            },
            "generationMs" : {
              "max" : 702.0070552825928,
              "min" : 572.1710920333862,
              "p50" : 581.3720226287842,
              "p95" : 679.671835899353
            },
            "pasteMs" : {
              "max" : 0.053048133850097656,
              "min" : 0.012993812561035156,
              "p50" : 0.029921531677246094,
              "p95" : 0.052428245544433594
            },
            "rewriteMs" : {
              "max" : 0,
              "min" : 0,
              "p50" : 0,
              "p95" : 0
            },
            "sttMs" : {
              "max" : 702.0070552825928,
              "min" : 572.1710920333862,
              "p50" : 581.3720226287842,
              "p95" : 679.671835899353
            },
            "totalStageMs" : {
              "max" : 702.0200490951538,
              "min" : 572.2010135650635,
              "p50" : 581.4250707626343,
              "p95" : 679.6922206878662
            }
          },
          "iterations" : 5,
          "level" : "raw",
          "providers" : {
            "sttMode" : "batch",
            "sttObserved" : [
              {
                "count" : 5,
                "model" : "scribe_v2",
                "provider" : "ElevenLabs"
              }
            ]
          }
        },
        {
          "distributions" : {
            "encodeMs" : {
              "max" : 0,
              "min" : 0,
              "p50" : 0,
              "p95" : 0
            },
            "generationMs" : {
              "max" : 1113.4560108184814,
              "min" : 919.3689823150635,
              "p50" : 1016.7719125747681,
              "p95" : 1098.008418083191
            },
            "pasteMs" : {
              "max" : 0.13196468353271484,
              "min" : 0.02491474151611328,
              "p50" : 0.049948692321777344,
              "p95" : 0.1317739486694336
            },
            "rewriteMs" : {
              "max" : 542.5100326538086,
              "min" : 330.657958984375,
              "p50" : 364.7899627685547,
              "p95" : 523.8316297531128
            },
            "sttMs" : {
              "max" : 651.9819498062134,
              "min" : 570.9459781646729,
              "p50" : 588.7110233306885,
              "p95" : 640.1609659194946
            },
            "totalStageMs" : {
              "max" : 1113.5879755020142,
              "min" : 919.4999933242798,
              "p50" : 1016.806960105896,
              "p95" : 1098.1239795684814
            }
          },
          "iterations" : 5,
          "level" : "clean",
          "providers" : {
            "rewriteObserved" : [
              {
                "count" : 5,
                "model" : "google/gemini-2.5-flash-lite",
                "path" : "openrouter"
              }
            ],
            "sttMode" : "batch",
            "sttObserved" : [
              {
                "count" : 5,
                "model" : "scribe_v2",
                "provider" : "ElevenLabs"
              }
            ]
          }
        },
        {
          "distributions" : {
            "encodeMs" : {
              "max" : 0,
              "min" : 0,
              "p50" : 0,
              "p95" : 0
            },
            "generationMs" : {
              "max" : 1143.041968345642,
              "min" : 1054.3750524520874,
              "p50" : 1089.0889167785645,
              "p95" : 1139.118766784668
            },
            "pasteMs" : {
              "max" : 0.8589029312133789,
              "min" : 0.048995018005371094,
              "p50" : 0.102996826171875,
              "p95" : 0.7087230682373046
            },
            "rewriteMs" : {
              "max" : 562.9439353942871,
              "min" : 434.08501148223877,
              "p50" : 513.7369632720947,
              "p95" : 555.5013418197632
            },
            "sttMs" : {
              "max" : 620.2900409698486,
              "min" : 575.3519535064697,
              "p50" : 597.694993019104,
              "p95" : 617.2298431396484
            },
            "totalStageMs" : {
              "max" : 1143.9008712768555,
              "min" : 1054.4240474700928,
              "p50" : 1089.1969203948975,
              "p95" : 1139.8176908493042
            }
          },
          "iterations" : 5,
          "level" : "polish",
          "providers" : {
            "rewriteObserved" : [
              {
                "count" : 5,
                "model" : "x-ai/grok-4.1-fast",
                "path" : "openrouter"
              }
            ],
            "sttMode" : "batch",
            "sttObserved" : [
              {
                "count" : 5,
                "model" : "scribe_v2",
                "provider" : "ElevenLabs"
              }
            ]
          }
        }
      ]
    },
    {
      "audioBytes" : 427630,
      "audioFile" : "fixture-medium.caf",
      "fixtureID" : "fixture-medium",
      "levels" : [
        {
          "distributions" : {
            "encodeMs" : {
              "max" : 18.282055854797363,
              "min" : 17.27306842803955,
              "p50" : 17.62998104095459,
              "p95" : 18.262457847595215
            },
            "generationMs" : {
              "max" : 1489.719033241272,
              "min" : 996.5521097183228,
              "p50" : 1124.5269775390625,
              "p95" : 1436.6130352020264
            },
            "pasteMs" : {
              "max" : 0.03600120544433594,
              "min" : 0.008940696716308594,
              "p50" : 0.01704692840576172,
              "p95" : 0.034809112548828125
            },
            "rewriteMs" : {
              "max" : 0,
              "min" : 0,
              "p50" : 0,
              "p95" : 0
            },
            "sttMs" : {
              "max" : 1471.5349674224854,
              "min" : 979.1470766067505,
              "p50" : 1106.896996498108,
              "p95" : 1418.4093713760376
            },
            "totalStageMs" : {
              "max" : 1489.7359609603882,
              "min" : 996.5610504150391,
              "p50" : 1124.5629787445068,
              "p95" : 1436.6299867630005
            }
          },
          "iterations" : 5,
          "level" : "raw",
          "providers" : {
            "sttMode" : "batch",
            "sttObserved" : [
              {
                "count" : 5,
                "model" : "scribe_v2",
                "provider" : "ElevenLabs"
              }
            ]
          }
        },
        {
          "distributions" : {
            "encodeMs" : {
              "max" : 37.08195686340332,
              "min" : 16.780972480773926,
              "p50" : 18.65208148956299,
              "p95" : 33.85176658630371
            },
            "generationMs" : {
              "max" : 1844.4229364395142,
              "min" : 1318.3419704437256,
              "p50" : 1508.3270072937012,
              "p95" : 1780.0113439559937
            },
            "pasteMs" : {
              "max" : 0.06604194641113281,
              "min" : 0.024080276489257812,
              "p50" : 0.03504753112792969,
              "p95" : 0.06022453308105469
            },
            "rewriteMs" : {
              "max" : 489.7109270095825,
              "min" : 331.5579891204834,
              "p50" : 411.7469787597656,
              "p95" : 475.35972595214844
            },
            "sttMs" : {
              "max" : 1415.8949851989746,
              "min" : 965.8529758453369,