{
  "audioBytes" : 558044,
  "audioFile" : "2 fixtures",
  "commitSHA" : "f6e4e2570dd3715ec8d3ed5be877b9b1a42d68c0",
  "fixtureResults" : [
    {
      "audioBytes" : 130414,
      "audioFile" : "fixture-short.caf",
      "fixtureID" : "fixture-short",
      "levels" : [
        {
          "distributions" : {
            "encodeMs" : {
              "max" : 0,
              "min" : 0,
              "p50" : 0,
              "p95" : 0
            },
            "generationMs" : {
              "max" : 1977.1230220794678,
              "min" : 586.279034614563,
              "p50" : 634.4000101089478,
              "p95" : 1735.7048273086546
            },
            "pasteMs" : {
              "max" : 0.031948089599609375,
              "min" : 0.012040138244628906,
              "p50" : 0.016927719116210938,
              "p95" : 0.029754638671875
            },
            "rewriteMs" : {
              "max" : 0,
              "min" : 0,
              "p50" : 0,
              "p95" : 0
            },
            "sttMs" : {
              "max" : 1977.1230220794678,
              "min" : 586.279034614563,
              "p50" : 634.4000101089478,
              "p95" : 1735.7048273086546
            },
            "totalStageMs" : {
              "max" : 1977.139949798584,
              "min" : 586.29310131073,
              "p50" : 634.4209909439087,
              "p95" : 1735.7207775115965
            }
          },
          "iterations" : 5,
          "level" : "raw",
          "providers" : {
            "sttMode" : "batch",
            "sttObserved" : [
              {
                "count" : 5,
                "model" : "scribe_v2",
                "provider" : "ElevenLabs"
              }
            ]
          }
        },
        {
          "distributions" : {
            "encodeMs" : {
              "max" : 0,
              "min" : 0,
              "p50" : 0,
              "p95" : 0
            },
            "generationMs" : {
              "max" : 2534.0449810028076,
              "min" : 901.5079736709595,
              "p50" : 1345.5770015716553,
              "p95" : 2399.899983406067
            },
            "pasteMs" : {
              "max" : 0.1289844512939453,
              "min" : 0.026106834411621094,
              "p50" : 0.03600120544433594,
              "p95" : 0.1121997833251953
            },
            "rewriteMs" : {
              "max" : 1747.0070123672485,
              "min" : 325.24895668029785,
              "p50" : 761.8999481201172,
              "p95" : 1650.8395910263062
            },
            "sttMs" : {
              "max" : 787.0379686355591,
              "min" : 576.2590169906616,
              "p50" : 597.1500873565674,
              "p95" : 749.1829633712769
            },
            "totalStageMs" : {
              "max" : 2534.0750217437744,
              "min" : 901.6369581222534,
              "p50" : 1345.6220626831055,
              "p95" : 2399.9292373657227
            }
          },
          "iterations" : 5,
          "level" : "clean",
          "providers" : {
            "rewriteObserved" : [
              {
                "count" : 5,
                "model" : "google/gemini-2.5-flash-lite",
                "path" : "openrouter"
              }
            ],
            "sttMode" : "batch",
            "sttObserved" : [
              {
                "count" : 5,
                "model" : "scribe_v2",
                "provider" : "ElevenLabs"
              }
            ]
          }
        },
        {
          "distributions" : {
            "encodeMs" : {
              "max" : 0,
              "min" : 0,
              "p50" : 0,
              "p95" : 0
            },
            "generationMs" : {
              "max" : 1410.0000858306885,
              "min" : 1089.3758535385132,
              "p50" : 1162.909984588623,
              "p95" : 1374.4274854660034
            },
            "pasteMs" : {
              "max" : 0.10406970977783203,
              "min" : 0.024080276489257812,
              "p50" : 0.03707408905029297,
              "p95" : 0.09546279907226562
            },
            "rewriteMs" : {
              "max" : 643.7920331954956,
              "min" : 466.43292903900146,
              "p50" : 549.2219924926758,
              "p95" : 632.377028465271
            },
            "sttMs" : {
              "max" : 766.2080526351929,
              "min" : 613.6879920959473,
              "p50" : 624.9890327453613,
              "p95" : 742.0504570007324
            },
            "totalStageMs" : {
              "max" : 1410.1041555404663,
              "min" : 1089.3999338150024,
              "p50" : 1162.971019744873,
              "p95" : 1374.5181560516357
            }
          },
          "iterations" : 5,
          "level" : "polish",
          "providers" : {
            "rewriteObserved" : [
              {
                "count" : 5,
                "model" : "google/gemini-2.5-flash-lite",
                "path" : "openrouter"
              }
            ],
            "sttMode" : "batch",
            "sttObserved" : [
              {
                "count" : 5,
                "model" : "scribe_v2",
                "provider" : "ElevenLabs"
              }
            ]
          }
        }
      ]
    },
    {
      "audioBytes" : 427630,
      "audioFile" : "fixture-medium.caf",
      "fixtureID" : "fixture-medium",
      "levels" : [
        {
          "distributions" : {
            "encodeMs" : {
              "max" : 39.62302207946777,
              "min" : 22.566914558410645,
              "p50" : 26.419997215270996,
              "p95" : 38.1420373916626
            },
            "generationMs" : {
              "max" : 1190.7811164855957,
              "min" : 1039.350986480713,
              "p50" : 1097.878098487854,
              "p95" : 1187.9356861114502
            },
            "pasteMs" : {
              "max" : 0.08797645568847656,
              "min" : 0.015020370483398438,
              "p50" : 0.030040740966796875,
              "p95" : 0.08556842803955078
            },
            "rewriteMs" : {
              "max" : 0,
              "min" : 0,
              "p50" : 0,
              "p95" : 0
            },
            "sttMs" : {
              "max" : 1158.5630178451538,
              "min" : 1012.9309892654419,
              "p50" : 1072.4540948867798,
              "p95" : 1157.6478242874146
            },
            "totalStageMs" : {
              "max" : 1190.8570528030396,
              "min" : 1039.3660068511963,
              "p50" : 1097.8950262069702,
              "p95" : 1188.014030456543
            }
          },
          "iterations" : 5,
          "level" : "raw",
          "providers" : {
            "sttMode" : "batch",
            "sttObserved" : [
              {
                "count" : 5,
                "model" : "scribe_v2",
                "provider" : "ElevenLabs"
              }
            ]
          }
        },
        {
          "distributions" : {
            "encodeMs" : {
              "max" : 36.653995513916016,
              "min" : 19.759058952331543,
              "p50" : 21.267056465148926,
              "p95" : 34.046006202697754
            },
            "generationMs" : {
              "max" : 3016.8521404266357,
              "min" : 1561.5060329437256,
              "p50" : 2132.741093635559,
              "p95" : 2846.701502799988
            },
            "pasteMs" : {
              "max" : 0.17595291137695312,
              "min" : 0.028014183044433594,
              "p50" : 0.033020973205566406,
              "p95" : 0.15037059783935544
            },
            "rewriteMs" : {
              "max" : 944.9989795684814,
              "min" : 472.13196754455566,
              "p50" : 622.575044631958,
              "p95" : 904.8649787902832
            },
            "sttMs" : {
              "max" : 2387.2710466384888,