{
  "audioBytes" : 558044,
  "audioFile" : "2 fixtures",
  "commitSHA" : "69a7ab99ad1bc1b0b246b4a76a6fc1a66729b201",
  "fixtureResults" : [
    {
      "audioBytes" : 130414,
      "audioFile" : "fixture-short.caf",
      "fixtureID" : "fixture-short",
      "levels" : [
        {
          "distributions" : {
            "encodeMs" : {
              "max" : 0,
              "min" : 0,
              "p50" : 0,
              "p95" : 0
            },
            "generationMs" : {
              "max" : 1637.9709243774414,
              "min" : 570.605993270874,
              "p50" : 725.538969039917,
              "p95" : 1462.1951341629028
            },
            "pasteMs" : {
              "max" : 0.3720521926879883,
              "min" : 0.013947486877441406,
              "p50" : 0.03695487976074219,
              "p95" : 0.3142595291137695
            },
            "rewriteMs" : {
              "max" : 0,
              "min" : 0,
              "p50" : 0,
              "p95" : 0
            },
            "sttMs" : {
              "max" : 1637.9709243774414,
              "min" : 570.605993270874,
              "p50" : 725.538969039917,
              "p95" : 1462.1951341629028
            },
            "totalStageMs" : {
              "max" : 1638.3429765701294,
              "min" : 570.6360340118408,
              "p50" : 725.6220579147339,
              "p95" : 1462.5001668930054
            }
          },
          "iterations" : 5,
          "level" : "raw",
          "providers" : {
            "sttMode" : "batch",
            "sttObserved" : [
              {
                "count" : 5,
                "model" : "scribe_v2",
                "provider" : "ElevenLabs"
              }
            ]
          }
        },
        {
          "distributions" : {
            "encodeMs" : {
              "max" : 0,
              "min" : 0,
              "p50" : 0,
              "p95" : 0
            },
            "generationMs" : {
              "max" : 1338.4491205215454,
              "min" : 967.3750400543213,
              "p50" : 1054.9238920211792,
              "p95" : 1336.527705192566
            },
            "pasteMs" : {
              "max" : 0.15497207641601562,
              "min" : 0.06604194641113281,
              "p50" : 0.08702278137207031,
              "p95" : 0.14495849609375
            },
            "rewriteMs" : {
              "max" : 735.3980541229248,
              "min" : 374.55201148986816,
              "p50" : 459.09297466278076,
              "p95" : 684.8194360733032
            },
            "sttMs" : {
              "max" : 869.7490692138672,
              "min" : 572.4189281463623,
              "p50" : 603.0510663986206,
              "p95" : 829.9524545669556
            },
            "totalStageMs" : {
              "max" : 1338.6040925979614,
              "min" : 967.4410820007324,
              "p50" : 1054.9978017807007,
              "p95" : 1336.6726636886597
            }
          },
          "iterations" : 5,
          "level" : "clean",
          "providers" : {
            "rewriteObserved" : [
              {
                "count" : 5,
                "model" : "google/gemini-2.5-flash-lite",
                "path" : "openrouter"
              }
            ],
            "sttMode" : "batch",
            "sttObserved" : [
              {
                "count" : 5,
                "model" : "scribe_v2",
                "provider" : "ElevenLabs"
              }
            ]
          }
        },
        {
          "distributions" : {
            "encodeMs" : {
              "max" : 0,
              "min" : 0,
              "p50" : 0,
              "p95" : 0
            },
            "generationMs" : {
              "max" : 1476.855993270874,
              "min" : 1190.1271343231201,
              "p50" : 1259.874939918518,
              "p95" : 1444.6555852890015
            },
            "pasteMs" : {
              "max" : 0.04506111145019531,
              "min" : 0.028967857360839844,
              "p50" : 0.030994415283203125,
              "p95" : 0.04305839538574219
            },
            "rewriteMs" : {
              "max" : 889.672040939331,
              "min" : 503.9410591125488,
              "p50" : 658.5779190063477,
              "p95" : 857.472038269043
            },
            "sttMs" : {
              "max" : 686.1860752105713,
              "min" : 587.1819257736206,
              "p50" : 601.2970209121704,
              "p95" : 673.3644723892212
            },
            "totalStageMs" : {
              "max" : 1476.891040802002,
              "min" : 1190.1562213897705,
              "p50" : 1259.9200010299683,
              "p95" : 1444.689416885376
            }
          },
          "iterations" : 5,
          "level" : "polish",
          "providers" : {
            "rewriteObserved" : [
              {
                "count" : 5,
                "model" : "x-ai/grok-4.1-fast",
                "path" : "openrouter"
              }
            ],
            "sttMode" : "batch",
            "sttObserved" : [
              {
                "count" : 5,
                "model" : "scribe_v2",
                "provider" : "ElevenLabs"
              }
            ]
          }
        }
      ]
    },
    {
      "audioBytes" : 427630,
      "audioFile" : "fixture-medium.caf",
      "fixtureID" : "fixture-medium",
      "levels" : [
        {
          "distributions" : {
            "encodeMs" : {
              "max" : 51.38897895812988,
              "min" : 30.860066413879395,
              "p50" : 47.62399196624756,
              "p95" : 50.890183448791504
            },
            "generationMs" : {
              "max" : 1212.5279903411865,
              "min" : 1082.7780961990356,
              "p50" : 1086.129069328308,
              "p95" : 1190.427803993225
            },
            "pasteMs" : {
              "max" : 0.09298324584960938,
              "min" : 0.029087066650390625,
              "p50" : 0.049948692321777344,
              "p95" : 0.08897781372070312
            },
            "rewriteMs" : {
              "max" : 0,
              "min" : 0,
              "p50" : 0,
              "p95" : 0
            },
            "sttMs" : {
              "max" : 1161.1390113830566,
              "min" : 1037.2340679168701,
              "p50" : 1052.7859926223755,
              "p95" : 1139.7918224334717
            },
            "totalStageMs" : {
              "max" : 1212.6009464263916,
              "min" : 1082.807183265686,
              "p50" : 1086.1660242080688,
              "p95" : 1190.504765510559
            }
          },
          "iterations" : 5,
          "level" : "raw",
          "providers" : {
            "sttMode" : "batch",
            "sttObserved" : [
              {
                "count" : 5,
                "model" : "scribe_v2",
                "provider" : "ElevenLabs"
              }
            ]
          }
        },
        {
          "distributions" : {
            "encodeMs" : {
              "max" : 33.15889835357666,
              "min" : 18.7380313873291,
              "p50" : 30.755996704101562,
              "p95" : 33.08053016662598
            },
            "generationMs" : {
              "max" : 11883.944034576416,
              "min" : 1461.8730545043945,
              "p50" : 1747.0529079437256,
              "p95" : 9881.132650375364
            },
            "pasteMs" : {
              "max" : 0.13494491577148438,
              "min" : 0.03600120544433594,
              "p50" : 0.04494190216064453,
              "p95" : 0.12176036834716795
            },
            "rewriteMs" : {
              "max" : 10815.898060798645,
              "min" : 380.3720474243164,
              "p50" : 654.6880006790161,
              "p95" : 8789.76945877075
            },
            "sttMs" : {
              "max" : 1165.8940315246582,
              "min" : 1034.8870754241943,