{
  "audioBytes" : 558044,
  "audioFile" : "2 fixtures",
  "commitSHA" : "69a7ab99ad1bc1b0b246b4a76a6fc1a66729b201",
  "fixtureResults" : [
    {
      "audioBytes" : 130414,
      "audioFile" : "fixture-short.caf",
      "fixtureID" : "fixture-short",
      "levels" : [
        {
          "distributions" : {
            "encodeMs" : {
              "max" : 0,
              "min" : 0,
              "p50" : 0,
              "p95" : 0
            },
            "generationMs" : {
              "max" : 113.87598514556885,
              "min" : 61.462998390197754,
              "p50" : 82.37504959106445,
              "p95" : 112.85579204559326
            },
            "pasteMs" : {
              "max" : 0.20599365234375,
              "min" : 0.01800060272216797,
              "p50" : 0.051021575927734375,
              "p95" : 0.175786018371582
            },
            "rewriteMs" : {
              "max" : 0,
              "min" : 0,
              "p50" : 0,
              "p95" : 0
            },
            "sttMs" : {
              "max" : 113.87598514556885,
              "min" : 61.462998390197754,
              "p50" : 82.37504959106445,
              "p95" : 112.85579204559326
            },
            "totalStageMs" : {
              "max" : 113.92104625701904,
              "min" : 61.517953872680664,
              "p50" : 82.5810432434082,
              "p95" : 112.90204524993896
            }
          },
          "iterations" : 5,
          "level" : "raw",
          "providers" : {
            "sttMode" : "mock",
            "sttObserved" : [
              {
                "count" : 5,
                "model" : "fixed-delay-v1",
                "provider" : "DeterministicSTT"
              }
            ]
          }
        },
        {
          "distributions" : {
            "encodeMs" : {
              "max" : 0,
              "min" : 0,
              "p50" : 0,
              "p95" : 0
            },
            "generationMs" : {
              "max" : 235.4050874710083,
              "min" : 166.0161018371582,
              "p50" : 174.96907711029053,
              "p95" : 231.02107048034668
            },
            "pasteMs" : {
              "max" : 0.0890493392944336,
              "min" : 0.05996227264404297,
              "p50" : 0.06496906280517578,
              "p95" : 0.08683204650878906
            },
            "rewriteMs" : {
              "max" : 121.81806564331055,
              "min" : 102.89108753204346,
              "p50" : 106.74703121185303,
              "p95" : 119.52505111694336
            },
            "sttMs" : {
              "max" : 132.0739984512329,
              "min" : 61.190009117126465,
              "p50" : 68.2220458984375,
              "p95" : 123.99258613586426
            },
            "totalStageMs" : {
              "max" : 235.49413681030273,
              "min" : 166.07606410980225,
              "p50" : 175.0321388244629,
              "p95" : 231.10790252685547
            }
          },
          "iterations" : 5,
          "level" : "clean",
          "providers" : {
            "rewriteObserved" : [
              {
                "count" : 5,
                "model" : "gemini-2.5-flash-lite",
                "path" : "deterministic"
              }
            ],
            "sttMode" : "mock",
            "sttObserved" : [
              {
                "count" : 5,
                "model" : "fixed-delay-v1",
                "provider" : "DeterministicSTT"
              }
            ]
          }
        },
        {
          "distributions" : {
            "encodeMs" : {
              "max" : 0,
              "min" : 0,
              "p50" : 0,
              "p95" : 0
            },
            "generationMs" : {
              "max" : 278.46789360046387,
              "min" : 225.91805458068848,
              "p50" : 255.44703006744385,
              "p95" : 275.48913955688477
            },
            "pasteMs" : {
              "max" : 0.10704994201660156,
              "min" : 0.07104873657226562,
              "p50" : 0.09202957153320312,
              "p95" : 0.10623931884765625
            },
            "rewriteMs" : {
              "max" : 200.72293281555176,
              "min" : 164.3810272216797,
              "p50" : 183.15303325653076,
              "p95" : 198.32334518432617
            },
            "sttMs" : {
              "max" : 83.61196517944336,
              "min" : 61.53702735900879,
              "p50" : 77.74496078491211,
              "p95" : 82.9737901687622
            },
            "totalStageMs" : {
              "max" : 278.57494354248047,
              "min" : 225.98910331726074,
              "p50" : 255.53905963897705,
              "p95" : 275.5915641784668
            }
          },
          "iterations" : 5,
          "level" : "polish",
          "providers" : {
            "rewriteObserved" : [
              {
                "count" : 5,
                "model" : "x-ai/grok-4.1-fast",
                "path" : "deterministic"
              }
            ],
            "sttMode" : "mock",
            "sttObserved" : [
              {
                "count" : 5,
                "model" : "fixed-delay-v1",
                "provider" : "DeterministicSTT"
              }
            ]
          }
        }
      ]
    },
    {
      "audioBytes" : 427630,
      "audioFile" : "fixture-medium.caf",
      "fixtureID" : "fixture-medium",
      "levels" : [
        {
          "distributions" : {
            "encodeMs" : {
              "max" : 0,
              "min" : 0,
              "p50" : 0,
              "p95" : 0
            },
            "generationMs" : {
              "max" : 117.48111248016357,
              "min" : 80.06095886230469,
              "p50" : 103.64603996276855,
              "p95" : 115.26010036468506
            },
            "pasteMs" : {
              "max" : 0.03695487976074219,
              "min" : 0.015974044799804688,
              "p50" : 0.025987625122070312,
              "p95" : 0.036144256591796875
            },
            "rewriteMs" : {
              "max" : 0,
              "min" : 0,
              "p50" : 0,
              "p95" : 0
            },
            "sttMs" : {
              "max" : 117.48111248016357,
              "min" : 80.06095886230469,
              "p50" : 103.64603996276855,
              "p95" : 115.26010036468506
            },
            "totalStageMs" : {
              "max" : 117.50710010528564,
              "min" : 80.08003234863281,
              "p50" : 103.66201400756836,
              "p95" : 115.28747081756592
            }
          },
          "iterations" : 5,
          "level" : "raw",
          "providers" : {
            "sttMode" : "mock",
            "sttObserved" : [
              {
                "count" : 5,
                "model" : "fixed-delay-v1",
                "provider" : "DeterministicSTT"
              }
            ]
          }
        },
        {
          "distributions" : {
            "encodeMs" : {
              "max" : 0,
              "min" : 0,
              "p50" : 0,
              "p95" : 0
            },
            "generationMs" : {
              "max" : 235.12697219848633,
              "min" : 177.3381233215332,
              "p50" : 205.26790618896484,
              "p95" : 230.61838150024414
            },
            "pasteMs" : {
              "max" : 0.12993812561035156,
              "min" : 0.05900859832763672,
              "p50" : 0.0699758529663086,
              "p95" : 0.12335777282714844
            },
            "rewriteMs" : {
              "max" : 126.56998634338379,
              "min" : 103.12390327453613,
              "p50" : 116.2710189819336,
              "p95" : 124.56200122833252
            },
            "sttMs" : {
              "max" : 132.0030689239502,
              "min" : 61.06710433959961,
              "p50" : 86.0140323638916,