{
  "audioBytes" : 558044,
  "audioFile" : "2 fixtures",
  "commitSHA" : "72e87272ae9ac1ee40c36b6b8786338c34650a5c",
  "fixtureResults" : [
    {
      "audioBytes" : 130414,
      "audioFile" : "fixture-short.caf",
      "fixtureID" : "fixture-short",
      "levels" : [
        {
          "distributions" : {
            "encodeMs" : {
              "max" : 0,
              "min" : 0,
              "p50" : 0,
              "p95" : 0
            },
            "generationMs" : {
              "max" : 1600.0829935073853,
              "min" : 602.9239892959595,
              "p50" : 606.7379713058472,
              "p95" : 1411.0440015792847
            },
            "pasteMs" : {
              "max" : 0.12695789337158203,
              "min" : 0.024080276489257812,
              "p50" : 0.10395050048828125,
              "p95" : 0.12576580047607422
            },
            "rewriteMs" : {
              "max" : 0,
              "min" : 0,
              "p50" : 0,
              "p95" : 0
            },
            "sttMs" : {
              "max" : 1600.0829935073853,
              "min" : 602.9239892959595,
              "p50" : 606.7379713058472,
              "p95" : 1411.0440015792847
            },
            "totalStageMs" : {
              "max" : 1600.2099514007568,
              "min" : 603.0279397964478,
              "p50" : 606.7620515823364,
              "p95" : 1411.1615657806396
            }
          },
          "iterations" : 5,
          "level" : "raw",
          "providers" : {
            "sttMode" : "batch",
            "sttObserved" : [
              {
                "count" : 5,
                "model" : "scribe_v2",
                "provider" : "ElevenLabs"
              }
            ]
          }
        },
        {
          "distributions" : {
            "encodeMs" : {
              "max" : 0,
              "min" : 0,
              "p50" : 0,
              "p95" : 0
            },
            "generationMs" : {
              "max" : 5216.5950536727905,
              "min" : 812.048077583313,
              "p50" : 1036.2720489501953,
              "p95" : 4385.380434989928
            },
            "pasteMs" : {
              "max" : 0.40793418884277344,
              "min" : 0.051975250244140625,
              "p50" : 0.07903575897216797,
              "p95" : 0.3467321395874023
            },
            "rewriteMs" : {
              "max" : 4602.984070777893,
              "min" : 230.6610345840454,
              "p50" : 355.91697692871094,
              "p95" : 3757.3808670043936
            },
            "sttMs" : {
              "max" : 712.2659683227539,
              "min" : 581.3870429992676,
              "p50" : 613.6109828948975,
              "p95" : 705.8837890625
            },
            "totalStageMs" : {
              "max" : 5217.002987861633,
              "min" : 812.1500015258789,
              "p50" : 1036.3240242004395,
              "p95" : 4385.722589492797
            }
          },
          "iterations" : 5,
          "level" : "clean",
          "providers" : {
            "rewriteObserved" : [
              {
                "count" : 5,
                "model" : "inception/mercury",
                "path" : "openrouter"
              }
            ],
            "sttMode" : "batch",
            "sttObserved" : [
              {
                "count" : 5,
                "model" : "scribe_v2",
                "provider" : "ElevenLabs"
              }
            ]
          }
        },
        {
          "distributions" : {
            "encodeMs" : {
              "max" : 0,
              "min" : 0,
              "p50" : 0,
              "p95" : 0
            },
            "generationMs" : {
              "max" : 4068.826913833618,
              "min" : 1085.1800441741943,
              "p50" : 3115.6930923461914,
              "p95" : 3917.8603172302246
            },
            "pasteMs" : {
              "max" : 0.43201446533203125,
              "min" : 0.08296966552734375,
              "p50" : 0.09989738464355469,
              "p95" : 0.36680698394775385
            },
            "rewriteMs" : {
              "max" : 3461.9799852371216,
              "min" : 470.51703929901123,
              "p50" : 2523.029088973999,
              "p95" : 3314.7913932800293
            },
            "sttMs" : {
              "max" : 628.7460327148438,
              "min" : 587.9569053649902,
              "p50" : 606.8469285964966,
              "p95" : 625.9294271469116
            },
            "totalStageMs" : {
              "max" : 4068.92192363739,
              "min" : 1085.286021232605,
              "p50" : 3116.1251068115234,
              "p95" : 3917.956304550171
            }
          },
          "iterations" : 5,
          "level" : "polish",
          "providers" : {
            "rewriteObserved" : [
              {
                "count" : 5,
                "model" : "inception/mercury",
                "path" : "openrouter"
              }
            ],
            "sttMode" : "batch",
            "sttObserved" : [
              {
                "count" : 5,
                "model" : "scribe_v2",
                "provider" : "ElevenLabs"
              }
            ]
          }
        }
      ]
    },
    {
      "audioBytes" : 427630,
      "audioFile" : "fixture-medium.caf",
      "fixtureID" : "fixture-medium",
      "levels" : [
        {
          "distributions" : {
            "encodeMs" : {
              "max" : 0.007033348083496094,
              "min" : 0.0020265579223632812,
              "p50" : 0.0050067901611328125,
              "p95" : 0.0068187713623046875
            },
            "generationMs" : {
              "max" : 1097.5700616836548,
              "min" : 971.1540937423706,
              "p50" : 1031.967043876648,
              "p95" : 1095.4448699951172
            },
            "pasteMs" : {
              "max" : 0.558018684387207,
              "min" : 0.009894371032714844,
              "p50" : 0.06592273712158203,
              "p95" : 0.46679973602294916
            },
            "rewriteMs" : {
              "max" : 0,
              "min" : 0,
              "p50" : 0,
              "p95" : 0
            },
            "sttMs" : {
              "max" : 1097.5630283355713,
              "min" : 971.1509943008423,
              "p50" : 1031.9650173187256,
              "p95" : 1095.4382419586182
            },
            "totalStageMs" : {
              "max" : 1097.5821018218994,
              "min" : 971.2200164794922,
              "p50" : 1032.0689678192139,
              "p95" : 1095.4564809799194
            }
          },
          "iterations" : 5,
          "level" : "raw",
          "providers" : {
            "sttMode" : "batch",
            "sttObserved" : [
              {
                "count" : 5,
                "model" : "scribe_v2",
                "provider" : "ElevenLabs"
              }
            ]
          }
        },
        {
          "distributions" : {
            "encodeMs" : {
              "max" : 0.0059604644775390625,
              "min" : 0.0020265579223632812,
              "p50" : 0.0050067901611328125,
              "p95" : 0.0057697296142578125
            },
            "generationMs" : {
              "max" : 3977.012038230896,
              "min" : 1486.6619110107422,
              "p50" : 1699.5620727539062,
              "p95" : 3865.2812480926514
            },
            "pasteMs" : {
              "max" : 0.1169443130493164,
              "min" : 0.047087669372558594,
              "p50" : 0.10395050048828125,
              "p95" : 0.1165628433227539
            },
            "rewriteMs" : {
              "max" : 2836.4890813827515,
              "min" : 359.6879243850708,
              "p50" : 606.2999963760376,
              "p95" : 2738.4442806243896
            },
            "sttMs" : {
              "max" : 1140.5199766159058,