{
  "audioBytes" : 558044,
  "audioFile" : "2 fixtures",
  "commitSHA" : "72e87272ae9ac1ee40c36b6b8786338c34650a5c",
  "fixtureResults" : [
    {
      "audioBytes" : 130414,
      "audioFile" : "fixture-short.caf",
      "fixtureID" : "fixture-short",
      "levels" : [
        {
          "distributions" : {
            "encodeMs" : {
              "max" : 0,
              "min" : 0,
              "p50" : 0,
              "p95" : 0
            },
            "generationMs" : {
              "max" : 202.76999473571777,
              "min" : 103.1559705734253,
              "p50" : 166.18406772613525,
              "p95" : 199.73318576812744
            },
            "pasteMs" : {
              "max" : 0.14400482177734375,
              "min" : 0.010013580322265625,
              "p50" : 0.03504753112792969,
              "p95" : 0.12600421905517578
            },
            "rewriteMs" : {
              "max" : 0,
              "min" : 0,
              "p50" : 0,
              "p95" : 0
            },
            "sttMs" : {
              "max" : 202.76999473571777,
              "min" : 103.1559705734253,
              "p50" : 166.18406772613525,
              "p95" : 199.73318576812744
            },
            "totalStageMs" : {
              "max" : 202.8050422668457,
              "min" : 103.2099723815918,
              "p50" : 166.3280725479126,
              "p95" : 199.76322650909424
            }
          },
          "iterations" : 5,
          "level" : "raw",
          "providers" : {
            "sttMode" : "mock",
            "sttObserved" : [
              {
                "count" : 5,
                "model" : "fixed-delay-v1",
                "provider" : "DeterministicSTT"
              }
            ]
          }
        },
        {
          "distributions" : {
            "encodeMs" : {
              "max" : 0,
              "min" : 0,
              "p50" : 0,
              "p95" : 0
            },
            "generationMs" : {
              "max" : 408.9611768722534,
              "min" : 240.6529188156128,
              "p50" : 348.0989933013916,
              "p95" : 401.5381336212158
            },
            "pasteMs" : {
              "max" : 0.43892860412597656,
              "min" : 0.04601478576660156,
              "p50" : 0.1100301742553711,
              "p95" : 0.3949403762817383
            },
            "rewriteMs" : {
              "max" : 230.58605194091797,
              "min" : 101.99892520904541,
              "p50" : 186.47503852844238,
              "p95" : 224.277663230896
            },
            "sttMs" : {
              "max" : 209.9170684814453,
              "min" : 94.1389799118042,
              "p50" : 138.65399360656738,
              "p95" : 205.00783920288086
            },
            "totalStageMs" : {
              "max" : 409.00719165802,
              "min" : 240.72587490081787,
              "p50" : 348.3179807662964,
              "p95" : 401.5969514846802
            }
          },
          "iterations" : 5,
          "level" : "clean",
          "providers" : {
            "rewriteObserved" : [
              {
                "count" : 5,
                "model" : "inception/mercury",
                "path" : "deterministic"
              }
            ],
            "sttMode" : "mock",
            "sttObserved" : [
              {
                "count" : 5,
                "model" : "fixed-delay-v1",
                "provider" : "DeterministicSTT"
              }
            ]
          }
        },
        {
          "distributions" : {
            "encodeMs" : {
              "max" : 0,
              "min" : 0,
              "p50" : 0,
              "p95" : 0
            },
            "generationMs" : {
              "max" : 502.3930072784424,
              "min" : 274.59704875946045,
              "p50" : 371.52302265167236,
              "p95" : 483.60300064086914
            },
            "pasteMs" : {
              "max" : 0.27501583099365234,
              "min" : 0.025033950805664062,
              "p50" : 0.1800060272216797,
              "p95" : 0.2563953399658203
            },
            "rewriteMs" : {
              "max" : 320.8019733428955,
              "min" : 201.1740207672119,
              "p50" : 241.1249876022339,
              "p95" : 312.6277685165405
            },
            "sttMs" : {
              "max" : 181.59103393554688,
              "min" : 67.91603565216064,
              "p50" : 128.51202487945557,
              "p95" : 179.3426275253296
            },
            "totalStageMs" : {
              "max" : 502.5749206542969,
              "min" : 274.8720645904541,
              "p50" : 371.70302867889404,
              "p95" : 483.7541341781616
            }
          },
          "iterations" : 5,
          "level" : "polish",
          "providers" : {
            "rewriteObserved" : [
              {
                "count" : 5,
                "model" : "inception/mercury",
                "path" : "deterministic"
              }
            ],
            "sttMode" : "mock",
            "sttObserved" : [
              {
                "count" : 5,
                "model" : "fixed-delay-v1",
                "provider" : "DeterministicSTT"
              }
            ]
          }
        }
      ]
    },
    {
      "audioBytes" : 427630,
      "audioFile" : "fixture-medium.caf",
      "fixtureID" : "fixture-medium",
      "levels" : [
        {
          "distributions" : {
            "encodeMs" : {
              "max" : 0,
              "min" : 0,
              "p50" : 0,
              "p95" : 0
            },
            "generationMs" : {
              "max" : 200.33395290374756,
              "min" : 118.83699893951416,
              "p50" : 136.92998886108398,
              "p95" : 189.34755325317383
            },
            "pasteMs" : {
              "max" : 0.06604194641113281,
              "min" : 0.009059906005859375,
              "p50" : 0.027060508728027344,
              "p95" : 0.060820579528808594
            },
            "rewriteMs" : {
              "max" : 0,
              "min" : 0,
              "p50" : 0,
              "p95" : 0
            },
            "sttMs" : {
              "max" : 200.33395290374756,
              "min" : 118.83699893951416,
              "p50" : 136.92998886108398,
              "p95" : 189.34755325317383
            },
            "totalStageMs" : {
              "max" : 200.34301280975342,
              "min" : 118.86405944824219,
              "p50" : 136.94894313812256,
              "p95" : 189.36278820037842
            }
          },
          "iterations" : 5,
          "level" : "raw",
          "providers" : {
            "sttMode" : "mock",
            "sttObserved" : [
              {
                "count" : 5,
                "model" : "fixed-delay-v1",
                "provider" : "DeterministicSTT"
              }
            ]
          }
        },
        {
          "distributions" : {
            "encodeMs" : {
              "max" : 0,
              "min" : 0,
              "p50" : 0,
              "p95" : 0
            },
            "generationMs" : {
              "max" : 457.9489231109619,
              "min" : 277.3629426956177,
              "p50" : 306.6200017929077,
              "p95" : 441.3843631744385
            },
            "pasteMs" : {
              "max" : 0.5470514297485352,
              "min" : 0.03802776336669922,
              "p50" : 0.34308433532714844,
              "p95" : 0.5224466323852539
            },
            "rewriteMs" : {
              "max" : 252.7930736541748,
              "min" : 103.80399227142334,
              "p50" : 138.02599906921387,
              "p95" : 252.18284130096436
            },
            "sttMs" : {
              "max" : 208.20701122283936,
              "min" : 122.33304977416992,
              "p50" : 160.03000736236572,
              "p95" : 207.12881088256836
            },