{
  "audioBytes" : 558044,
  "audioFile" : "2 fixtures",
  "commitSHA" : "23bda295c44555b5d17cd3eb7cc2ade25191c78c",
  "fixtureResults" : [
    {
      "audioBytes" : 130414,
      "audioFile" : "fixture-short.caf",
      "fixtureID" : "fixture-short",
      "levels" : [
        {
          "distributions" : {
            "encodeMs" : {
              "max" : 0,
              "min" : 0,
              "p50" : 0,
              "p95" : 0
            },
            "generationMs" : {
              "max" : 607.3139905929565,
              "min" : 494.0049648284912,
              "p50" : 537.0090007781982,
              "p95" : 593.8851833343506
            },
            "pasteMs" : {
              "max" : 0.05602836608886719,
              "min" : 0.01609325408935547,
              "p50" : 0.0209808349609375,
              "p95" : 0.05481243133544922
            },
            "rewriteMs" : {
              "max" : 0,
              "min" : 0,
              "p50" : 0,
              "p95" : 0
            },
            "sttMs" : {
              "max" : 607.3139905929565,
              "min" : 494.0049648284912,
              "p50" : 537.0090007781982,
              "p95" : 593.8851833343506
            },
            "totalStageMs" : {
              "max" : 607.3300838470459,
              "min" : 494.054913520813,
              "p50" : 537.0650291442871,
              "p95" : 593.9014434814453
            }
          },
          "iterations" : 5,
          "level" : "raw",
          "providers" : {
            "sttMode" : "batch",
            "sttObserved" : [
              {
                "count" : 5,
                "model" : "scribe_v2",
                "provider" : "ElevenLabs"
              }
            ]
          }
        },
        {
          "distributions" : {
            "encodeMs" : {
              "max" : 0,
              "min" : 0,
              "p50" : 0,
              "p95" : 0
            },
            "generationMs" : {
              "max" : 1049.875020980835,
              "min" : 853.3509969711304,
              "p50" : 868.0449724197388,
              "p95" : 1034.0188026428223
            },
            "pasteMs" : {
              "max" : 0.8019208908081055,
              "min" : 0.09608268737792969,
              "p50" : 0.11599063873291016,
              "p95" : 0.7253170013427734
            },
            "rewriteMs" : {
              "max" : 474.43199157714844,
              "min" : 313.2619857788086,
              "p50" : 342.91696548461914,
              "p95" : 457.46657848358154
            },
            "sttMs" : {
              "max" : 580.9890031814575,
              "min" : 525.1280069351196,
              "p50" : 540.0890111923218,
              "p95" : 579.8798084259033
            },
            "totalStageMs" : {
              "max" : 1049.9910116195679,
              "min" : 853.7698984146118,
              "p50" : 868.1429624557495,
              "p95" : 1034.2719793319702
            }
          },
          "iterations" : 5,
          "level" : "clean",
          "providers" : {
            "rewriteObserved" : [
              {
                "count" : 5,
                "model" : "inception/mercury",
                "path" : "openrouter"
              }
            ],
            "sttMode" : "batch",
            "sttObserved" : [
              {
                "count" : 5,
                "model" : "scribe_v2",
                "provider" : "ElevenLabs"
              }
            ]
          }
        },
        {
          "distributions" : {
            "encodeMs" : {
              "max" : 0,
              "min" : 0,
              "p50" : 0,
              "p95" : 0
            },
            "generationMs" : {
              "max" : 1468.187928199768,
              "min" : 1043.225884437561,
              "p50" : 1212.1050357818604,
              "p95" : 1444.2419528961182
            },
            "pasteMs" : {
              "max" : 0.7139444351196289,
              "min" : 0.052094459533691406,
              "p50" : 0.11408329010009766,
              "p95" : 0.5985498428344725
            },
            "rewriteMs" : {
              "max" : 928.0499219894409,
              "min" : 491.12391471862793,
              "p50" : 685.5050325393677,
              "p95" : 904.1249513626099
            },
            "sttMs" : {
              "max" : 552.1019697189331,
              "min" : 526.6000032424927,
              "p50" : 540.1380062103271,
              "p95" : 550.8465766906738
            },
            "totalStageMs" : {
              "max" : 1468.3020114898682,
              "min" : 1043.2779788970947,
              "p50" : 1212.2420072555542,
              "p95" : 1444.3560123443604
            }
          },
          "iterations" : 5,
          "level" : "polish",
          "providers" : {
            "rewriteObserved" : [
              {
                "count" : 5,
                "model" : "inception/mercury",
                "path" : "openrouter"
              }
            ],
            "sttMode" : "batch",
            "sttObserved" : [
              {
                "count" : 5,
                "model" : "scribe_v2",
                "provider" : "ElevenLabs"
              }
            ]
          }
        }
      ]
    },
    {
      "audioBytes" : 427630,
      "audioFile" : "fixture-medium.caf",
      "fixtureID" : "fixture-medium",
      "levels" : [
        {
          "distributions" : {
            "encodeMs" : {
              "max" : 0.033974647521972656,
              "min" : 0.004887580871582031,
              "p50" : 0.0069141387939453125,
              "p95" : 0.032782554626464844
            },
            "generationMs" : {
              "max" : 971.1668491363525,
              "min" : 898.0419635772705,
              "p50" : 920.38893699646,
              "p95" : 964.3836975097656
            },
            "pasteMs" : {
              "max" : 0.26404857635498047,
              "min" : 0.07593631744384766,
              "p50" : 0.10704994201660156,
              "p95" : 0.2366542816162109
            },
            "rewriteMs" : {
              "max" : 0,
              "min" : 0,
              "p50" : 0,
              "p95" : 0
            },
            "sttMs" : {
              "max" : 971.1599349975586,
              "min" : 898.0079889297485,
              "p50" : 920.3840494155884,
              "p95" : 964.3725633621216
            },
            "totalStageMs" : {
              "max" : 971.4308977127075,
              "min" : 898.1490135192871,
              "p50" : 920.5160140991211,
              "p95" : 964.6101236343384
            }
          },
          "iterations" : 5,
          "level" : "raw",
          "providers" : {
            "sttMode" : "batch",
            "sttObserved" : [
              {
                "count" : 5,
                "model" : "scribe_v2",
                "provider" : "ElevenLabs"
              }
            ]
          }
        },
        {
          "distributions" : {
            "encodeMs" : {
              "max" : 0.007987022399902344,
              "min" : 0.0029802322387695312,
              "p50" : 0.0050067901611328125,
              "p95" : 0.007605552673339844
            },
            "generationMs" : {
              "max" : 1872.7059364318848,
              "min" : 1428.6569356918335,
              "p50" : 1659.7020626068115,
              "p95" : 1862.8365278244019
            },
            "pasteMs" : {
              "max" : 0.3770589828491211,
              "min" : 0.08893013000488281,
              "p50" : 0.10406970977783203,
              "p95" : 0.3592491149902344
            },
            "rewriteMs" : {
              "max" : 934.9910020828247,
              "min" : 512.4369859695435,
              "p50" : 734.2000007629395,
              "p95" : 898.1935977935791
            },
            "sttMs" : {
              "max" : 1089.1549587249756,
              "min" : 864.1819953918457,