{
  "audioBytes" : 558044,
  "audioFile" : "2 fixtures",
  "commitSHA" : "23bda295c44555b5d17cd3eb7cc2ade25191c78c",
  "fixtureResults" : [
    {
      "audioBytes" : 130414,
      "audioFile" : "fixture-short.caf",
      "fixtureID" : "fixture-short",
      "levels" : [
        {
          "distributions" : {
            "encodeMs" : {
              "max" : 0,
              "min" : 0,
              "p50" : 0,
              "p95" : 0
            },
            "generationMs" : {
              "max" : 111.87005043029785,
              "min" : 101.50909423828125,
              "p50" : 106.781005859375,
              "p95" : 111.26585006713867
            },
            "pasteMs" : {
              "max" : 0.12409687042236328,
              "min" : 0.02002716064453125,
              "p50" : 0.048995018005371094,
              "p95" : 0.11227130889892577
            },
            "rewriteMs" : {
              "max" : 0,
              "min" : 0,
              "p50" : 0,
              "p95" : 0
            },
            "sttMs" : {
              "max" : 111.87005043029785,
              "min" : 101.50909423828125,
              "p50" : 106.781005859375,
              "p95" : 111.26585006713867
            },
            "totalStageMs" : {
              "max" : 111.99414730072021,
              "min" : 101.52912139892578,
              "p50" : 106.83000087738037,
              "p95" : 111.3701343536377
            }
          },
          "iterations" : 5,
          "level" : "raw",
          "providers" : {
            "sttMode" : "mock",
            "sttObserved" : [
              {
                "count" : 5,
                "model" : "fixed-delay-v1",
                "provider" : "DeterministicSTT"
              }
            ]
          }
        },
        {
          "distributions" : {
            "encodeMs" : {
              "max" : 0,
              "min" : 0,
              "p50" : 0,
              "p95" : 0
            },
            "generationMs" : {
              "max" : 470.7599878311157,
              "min" : 246.5219497680664,
              "p50" : 320.7430839538574,
              "p95" : 469.2254066467285
            },
            "pasteMs" : {
              "max" : 0.3230571746826172,
              "min" : 0.08392333984375,
              "p50" : 0.12195110321044922,
              "p95" : 0.2938508987426758
            },
            "rewriteMs" : {
              "max" : 251.7709732055664,
              "min" : 110.56005954742432,
              "p50" : 129.5320987701416,
              "p95" : 249.94738101959229
            },
            "sttMs" : {
              "max" : 220.4340696334839,
              "min" : 132.1169137954712,
              "p50" : 210.1830244064331,
              "p95" : 220.14505863189697
            },
            "totalStageMs" : {
              "max" : 470.84689140319824,
              "min" : 246.64390087127686,
              "p50" : 320.92010974884033,
              "p95" : 469.35954093933105
            }
          },
          "iterations" : 5,
          "level" : "clean",
          "providers" : {
            "rewriteObserved" : [
              {
                "count" : 5,
                "model" : "inception/mercury",
                "path" : "deterministic"
              }
            ],
            "sttMode" : "mock",
            "sttObserved" : [
              {
                "count" : 5,
                "model" : "fixed-delay-v1",
                "provider" : "DeterministicSTT"
              }
            ]
          }
        },
        {
          "distributions" : {
            "encodeMs" : {
              "max" : 0,
              "min" : 0,
              "p50" : 0,
              "p95" : 0
            },
            "generationMs" : {
              "max" : 442.5441026687622,
              "min" : 230.61788082122803,
              "p50" : 407.39190578460693,
              "p95" : 438.72790336608887
            },
            "pasteMs" : {
              "max" : 1.2459754943847656,
              "min" : 0.09000301361083984,
              "p50" : 0.23496150970458984,
              "p95" : 1.1951684951782227
            },
            "rewriteMs" : {
              "max" : 291.11194610595703,
              "min" : 162.74690628051758,
              "p50" : 211.55095100402832,
              "p95" : 282.2979688644409
            },
            "sttMs" : {
              "max" : 214.43700790405273,
              "min" : 67.87097454071045,
              "p50" : 195.50204277038574,
              "p95" : 210.7177972793579
            },
            "totalStageMs" : {
              "max" : 442.6780939102173,
              "min" : 231.8638563156128,
              "p50" : 407.4819087982178,
              "p95" : 439.03348445892334
            }
          },
          "iterations" : 5,
          "level" : "polish",
          "providers" : {
            "rewriteObserved" : [
              {
                "count" : 5,
                "model" : "inception/mercury",
                "path" : "deterministic"
              }
            ],
            "sttMode" : "mock",
            "sttObserved" : [
              {
                "count" : 5,
                "model" : "fixed-delay-v1",
                "provider" : "DeterministicSTT"
              }
            ]
          }
        }
      ]
    },
    {
      "audioBytes" : 427630,
      "audioFile" : "fixture-medium.caf",
      "fixtureID" : "fixture-medium",
      "levels" : [
        {
          "distributions" : {
            "encodeMs" : {
              "max" : 0,
              "min" : 0,
              "p50" : 0,
              "p95" : 0
            },
            "generationMs" : {
              "max" : 142.27592945098877,
              "min" : 72.3339319229126,
              "p50" : 105.85403442382812,
              "p95" : 135.1689338684082
            },
            "pasteMs" : {
              "max" : 0.06902217864990234,
              "min" : 0.01704692840576172,
              "p50" : 0.051021575927734375,
              "p95" : 0.06623268127441406
            },
            "rewriteMs" : {
              "max" : 0,
              "min" : 0,
              "p50" : 0,
              "p95" : 0
            },
            "sttMs" : {
              "max" : 142.27592945098877,
              "min" : 72.3339319229126,
              "p50" : 105.85403442382812,
              "p95" : 135.1689338684082
            },
            "totalStageMs" : {
              "max" : 142.34495162963867,
              "min" : 72.38900661468506,
              "p50" : 105.90004920959473,
              "p95" : 135.23435592651367
            }
          },
          "iterations" : 5,
          "level" : "raw",
          "providers" : {
            "sttMode" : "mock",
            "sttObserved" : [
              {
                "count" : 5,
                "model" : "fixed-delay-v1",
                "provider" : "DeterministicSTT"
              }
            ]
          }
        },
        {
          "distributions" : {
            "encodeMs" : {
              "max" : 0,
              "min" : 0,
              "p50" : 0,
              "p95" : 0
            },
            "generationMs" : {
              "max" : 390.5789852142334,
              "min" : 191.79201126098633,
              "p50" : 376.615047454834,
              "p95" : 389.56079483032227
            },
            "pasteMs" : {
              "max" : 2.236008644104004,
              "min" : 0.102996826171875,
              "p50" : 0.1399517059326172,
              "p95" : 1.821827888488769
            },
            "rewriteMs" : {
              "max" : 251.7160177230835,
              "min" : 110.19206047058105,
              "p50" : 215.44599533081055,
              "p95" : 251.67741775512695
            },
            "sttMs" : {
              "max" : 175.13298988342285,
              "min" : 75.6070613861084,
              "p50" : 133.77201557159424,
              "p95" : 171.13358974456787
            },