{
  "audioBytes" : 558044,
  "audioFile" : "2 fixtures",
  "commitSHA" : "e13484a3f354a18a32c1d59ce283408dc995f59a",
  "fixtureResults" : [
    {
      "audioBytes" : 130414,
      "audioFile" : "fixture-short.caf",
      "fixtureID" : "fixture-short",
      "levels" : [
        {
          "distributions" : {
            "encodeMs" : {
              "max" : 0,
              "min" : 0,
              "p50" : 0,
              "p95" : 0
            },
            "generationMs" : {
              "max" : 791.5940284729004,
              "min" : 576.0480165481567,
              "p50" : 580.955982208252,
              "p95" : 750.5988121032715
            },
            "pasteMs" : {
              "max" : 0.07796287536621094,
              "min" : 0.010967254638671875,
              "p50" : 0.041961669921875,
              "p95" : 0.07777214050292969
            },
            "rewriteMs" : {
              "max" : 0,
              "min" : 0,
              "p50" : 0,
              "p95" : 0
            },
            "sttMs" : {
              "max" : 791.5940284729004,
              "min" : 576.0480165481567,
              "p50" : 580.955982208252,
              "p95" : 750.5988121032715
            },
            "totalStageMs" : {
              "max" : 791.6710376739502,
              "min" : 576.0589838027954,
              "p50" : 581.0339450836182,
              "p95" : 750.6688117980957
            }
          },
          "iterations" : 5,
          "level" : "raw",
          "providers" : {
            "sttMode" : "batch",
            "sttObserved" : [
              {
                "count" : 5,
                "model" : "scribe_v2",
                "provider" : "ElevenLabs"
              }
            ]
          }
        },
        {
          "distributions" : {
            "encodeMs" : {
              "max" : 0,
              "min" : 0,
              "p50" : 0,
              "p95" : 0
            },
            "generationMs" : {
              "max" : 1000.2999305725098,
              "min" : 858.3588600158691,
              "p50" : 931.5040111541748,
              "p95" : 995.2247381210327
            },
            "pasteMs" : {
              "max" : 0.2830028533935547,
              "min" : 0.026941299438476562,
              "p50" : 0.030994415283203125,
              "p95" : 0.249791145324707
            },
            "rewriteMs" : {
              "max" : 436.6140365600586,
              "min" : 291.53692722320557,
              "p50" : 375.9850263595581,
              "p95" : 434.89601612091064
            },
            "sttMs" : {
              "max" : 572.2759962081909,
              "min" : 538.3099317550659,
              "p50" : 566.8219327926636,
              "p95" : 572.0203876495361
            },
            "totalStageMs" : {
              "max" : 1000.5829334259033,
              "min" : 858.3898544311523,
              "p50" : 931.6209554672241,
              "p95" : 995.4565286636353
            }
          },
          "iterations" : 5,
          "level" : "clean",
          "providers" : {
            "rewriteObserved" : [
              {
                "count" : 5,
                "model" : "inception/mercury",
                "path" : "openrouter"
              }
            ],
            "sttMode" : "batch",
            "sttObserved" : [
              {
                "count" : 5,
                "model" : "scribe_v2",
                "provider" : "ElevenLabs"
              }
            ]
          }
        },
        {
          "distributions" : {
            "encodeMs" : {
              "max" : 0,
              "min" : 0,
              "p50" : 0,
              "p95" : 0
            },
            "generationMs" : {
              "max" : 2023.1479406356812,
              "min" : 1028.1829833984375,
              "p50" : 1211.008071899414,
              "p95" : 1869.079351425171
            },
            "pasteMs" : {
              "max" : 0.14007091522216797,
              "min" : 0.06699562072753906,
              "p50" : 0.1360177993774414,
              "p95" : 0.13926029205322266
            },
            "rewriteMs" : {
              "max" : 1421.5929508209229,
              "min" : 447.2479820251465,
              "p50" : 595.2080488204956,
              "p95" : 1263.80136013031
            },
            "sttMs" : {
              "max" : 620.169997215271,
              "min" : 566.0589933395386,
              "p50" : 601.5549898147583,
              "p95" : 619.2960023880005
            },
            "totalStageMs" : {
              "max" : 2023.2839584350586,
              "min" : 1028.319001197815,
              "p50" : 1211.1481428146362,
              "p95" : 1869.2015647888184
            }
          },
          "iterations" : 5,
          "level" : "polish",
          "providers" : {
            "rewriteObserved" : [
              {
                "count" : 5,
                "model" : "inception/mercury",
                "path" : "openrouter"
              }
            ],
            "sttMode" : "batch",
            "sttObserved" : [
              {
                "count" : 5,
                "model" : "scribe_v2",
                "provider" : "ElevenLabs"
              }
            ]
          }
        }
      ]
    },
    {
      "audioBytes" : 427630,
      "audioFile" : "fixture-medium.caf",
      "fixtureID" : "fixture-medium",
      "levels" : [
        {
          "distributions" : {
            "encodeMs" : {
              "max" : 0.23305416107177734,
              "min" : 0.11706352233886719,
              "p50" : 0.1900196075439453,
              "p95" : 0.2284526824951172
            },
            "generationMs" : {
              "max" : 1213.1600379943848,
              "min" : 1002.020001411438,
              "p50" : 1019.9060440063477,
              "p95" : 1188.2298469543457
            },
            "pasteMs" : {
              "max" : 1.7769336700439453,
              "min" : 0.04100799560546875,
              "p50" : 0.16307830810546875,
              "p95" : 1.5383243560791013
            },
            "rewriteMs" : {
              "max" : 0,
              "min" : 0,
              "p50" : 0,
              "p95" : 0
            },
            "sttMs" : {
              "max" : 1212.926983833313,
              "min" : 1001.9029378890991,
              "p50" : 1019.6959972381592,
              "p95" : 1188.0053997039795
            },
            "totalStageMs" : {
              "max" : 1213.7439250946045,
              "min" : 1003.7969350814819,
              "p50" : 1020.0691223144531,
              "p95" : 1188.7051582336426
            }
          },
          "iterations" : 5,
          "level" : "raw",
          "providers" : {
            "sttMode" : "batch",
            "sttObserved" : [
              {
                "count" : 5,
                "model" : "scribe_v2",
                "provider" : "ElevenLabs"
              }
            ]
          }
        },
        {
          "distributions" : {
            "encodeMs" : {
              "max" : 0.17201900482177734,
              "min" : 0.033974647521972656,
              "p50" : 0.12099742889404297,
              "p95" : 0.1716136932373047
            },
            "generationMs" : {
              "max" : 3461.1799716949463,
              "min" : 1823.836088180542,
              "p50" : 1948.2200145721436,
              "p95" : 3171.7297792434692
            },
            "pasteMs" : {
              "max" : 0.15497207641601562,
              "min" : 0.06699562072753906,
              "p50" : 0.07903575897216797,
              "p95" : 0.1493692398071289
            },
            "rewriteMs" : {
              "max" : 1000.167965888977,
              "min" : 669.4250106811523,
              "p50" : 737.4880313873291,
              "p95" : 985.9473705291748
            },
            "sttMs" : {
              "max" : 2777.232050895691,
              "min" : 1013.6400461196899,