{
  "audioBytes" : 558044,
  "audioFile" : "2 fixtures",
  "commitSHA" : "67b10786141b378b986c4138c077261d4c9b8319",
  "fixtureResults" : [
    {
      "audioBytes" : 130414,
      "audioFile" : "fixture-short.caf",
      "fixtureID" : "fixture-short",
      "levels" : [
        {
          "distributions" : {
            "encodeMs" : {
              "max" : 0,
              "min" : 0,
              "p50" : 0,
              "p95" : 0
            },
            "generationMs" : {
              "max" : 625.6040334701538,
              "min" : 576.2939453125,
              "p50" : 583.9899778366089,
              "p95" : 625.3834247589111
            },
            "pasteMs" : {
              "max" : 0.052928924560546875,
              "min" : 0.009059906005859375,
              "p50" : 0.02193450927734375,
              "p95" : 0.047135353088378906
            },
            "rewriteMs" : {
              "max" : 0,
              "min" : 0,
              "p50" : 0,
              "p95" : 0
            },
            "sttMs" : {
              "max" : 625.6040334701538,
              "min" : 576.2939453125,
              "p50" : 583.9899778366089,
              "p95" : 625.3834247589111
            },
            "totalStageMs" : {
              "max" : 625.6279945373535,
              "min" : 576.3158798217773,
              "p50" : 583.9990377426147,
              "p95" : 625.413179397583
            }
          },
          "iterations" : 5,
          "level" : "raw",
          "providers" : {
            "sttMode" : "batch",
            "sttObserved" : [
              {
                "count" : 5,
                "model" : "scribe_v2",
                "provider" : "ElevenLabs"
              }
            ]
          }
        },
        {
          "distributions" : {
            "encodeMs" : {
              "max" : 0,
              "min" : 0,
              "p50" : 0,
              "p95" : 0
            },
            "generationMs" : {
              "max" : 5622.262001037598,
              "min" : 965.912938117981,
              "p50" : 1074.0090608596802,
              "p95" : 4737.682008743285
            },
            "pasteMs" : {
              "max" : 0.2110004425048828,
              "min" : 0.028967857360839844,
              "p50" : 0.17702579498291016,
              "p95" : 0.20780563354492188
            },
            "rewriteMs" : {
              "max" : 4825.063943862915,
              "min" : 376.5299320220947,
              "p50" : 520.8790302276611,
              "p95" : 3967.2799587249747
            },
            "sttMs" : {
              "max" : 797.1980571746826,
              "min" : 553.130030632019,
              "p50" : 596.9460010528564,
              "p95" : 770.4020500183105
            },
            "totalStageMs" : {
              "max" : 5622.457027435303,
              "min" : 965.9600257873535,
              "p50" : 1074.038028717041,
              "p95" : 4737.88022994995
            }
          },
          "iterations" : 5,
          "level" : "clean",
          "providers" : {
            "rewriteObserved" : [
              {
                "count" : 5,
                "model" : "inception/mercury",
                "path" : "openrouter"
              }
            ],
            "sttMode" : "batch",
            "sttObserved" : [
              {
                "count" : 5,
                "model" : "scribe_v2",
                "provider" : "ElevenLabs"
              }
            ]
          }
        },
        {
          "distributions" : {
            "encodeMs" : {
              "max" : 0,
              "min" : 0,
              "p50" : 0,
              "p95" : 0
            },
            "generationMs" : {
              "max" : 11163.453936576843,
              "min" : 1146.328091621399,
              "p50" : 2664.051055908203,
              "p95" : 9790.662956237793
            },
            "pasteMs" : {
              "max" : 0.18107891082763672,
              "min" : 0.041961669921875,
              "p50" : 0.05602836608886719,
              "p95" : 0.1680612564086914
            },
            "rewriteMs" : {
              "max" : 10563.65692615509,
              "min" : 564.8000240325928,
              "p50" : 2088.1710052490234,
              "p95" : 9196.391344070435
            },
            "sttMs" : {
              "max" : 629.0130615234375,
              "min" : 572.1700191497803,
              "p50" : 581.5280675888062,
              "p95" : 623.1698513031006
            },
            "totalStageMs" : {
              "max" : 11163.509964942932,
              "min" : 1146.3700532913208,
              "p50" : 2664.167046546936,
              "p95" : 9790.716576576233
            }
          },
          "iterations" : 5,
          "level" : "polish",
          "providers" : {
            "rewriteObserved" : [
              {
                "count" : 5,
                "model" : "inception/mercury",
                "path" : "openrouter"
              }
            ],
            "sttMode" : "batch",
            "sttObserved" : [
              {
                "count" : 5,
                "model" : "scribe_v2",
                "provider" : "ElevenLabs"
              }
            ]
          }
        }
      ]
    },
    {
      "audioBytes" : 427630,
      "audioFile" : "fixture-medium.caf",
      "fixtureID" : "fixture-medium",
      "levels" : [
        {
          "distributions" : {
            "encodeMs" : {
              "max" : 0.18405914306640625,
              "min" : 0.032067298889160156,
              "p50" : 0.17499923706054688,
              "p95" : 0.1836538314819336
            },
            "generationMs" : {
              "max" : 1238.286018371582,
              "min" : 1031.973958015442,
              "p50" : 1168.7589883804321,
              "p95" : 1236.6076231002808
            },
            "pasteMs" : {
              "max" : 0.24199485778808594,
              "min" : 0.08094310760498047,
              "p50" : 0.13899803161621094,
              "p95" : 0.23260116577148438
            },
            "rewriteMs" : {
              "max" : 0,
              "min" : 0,
              "p50" : 0,
              "p95" : 0
            },
            "sttMs" : {
              "max" : 1238.103985786438,
              "min" : 1031.7898988723755,
              "p50" : 1168.726921081543,
              "p95" : 1236.4269971847534
            },
            "totalStageMs" : {
              "max" : 1238.3900880813599,
              "min" : 1032.112956047058,
              "p50" : 1168.839931488037,
              "p95" : 1236.729884147644
            }
          },
          "iterations" : 5,
          "level" : "raw",
          "providers" : {
            "sttMode" : "batch",
            "sttObserved" : [
              {
                "count" : 5,
                "model" : "scribe_v2",
                "provider" : "ElevenLabs"
              }
            ]
          }
        },
        {
          "distributions" : {
            "encodeMs" : {
              "max" : 0.1800060272216797,
              "min" : 0.030040740966796875,
              "p50" : 0.1760721206665039,
              "p95" : 0.1796245574951172
            },
            "generationMs" : {
              "max" : 2043.0580377578735,
              "min" : 1478.1299829483032,
              "p50" : 1714.421033859253,
              "p95" : 1992.5424337387085
            },
            "pasteMs" : {
              "max" : 0.1779794692993164,
              "min" : 0.0400543212890625,
              "p50" : 0.15997886657714844,
              "p95" : 0.17557144165039062
            },
            "rewriteMs" : {
              "max" : 984.9050045013428,
              "min" : 501.39689445495605,
              "p50" : 616.940975189209,
              "p95" : 935.5050086975098
            },
            "sttMs" : {
              "max" : 1097.3039865493774,
              "min" : 957.306981086731,