{
  "audioBytes" : 558044,
  "audioFile" : "2 fixtures",
  "commitSHA" : "ce27eb3f82893f96348234cae831774397f179da",
  "fixtureResults" : [
    {
      "audioBytes" : 130414,
      "audioFile" : "fixture-short.caf",
      "fixtureID" : "fixture-short",
      "levels" : [
        {
          "distributions" : {
            "encodeMs" : {
              "max" : 0,
              "min" : 0,
              "p50" : 0,
              "p95" : 0
            },
            "generationMs" : {
              "max" : 579.3319940567017,
              "min" : 556.1379194259644,
              "p50" : 574.7509002685547,
              "p95" : 578.8056135177612
            },
            "pasteMs" : {
              "max" : 0.2219676971435547,
              "min" : 0.01704692840576172,
              "p50" : 0.025987625122070312,
              "p95" : 0.20859241485595703
            },
            "rewriteMs" : {
              "max" : 0,
              "min" : 0,
              "p50" : 0,
              "p95" : 0
            },
            "sttMs" : {
              "max" : 579.3319940567017,
              "min" : 556.1379194259644,
              "p50" : 574.7509002685547,
              "p95" : 578.8056135177612
            },
            "totalStageMs" : {
              "max" : 579.5539617538452,
              "min" : 556.1549663543701,
              "p50" : 574.9059915542603,
              "p95" : 578.9883852005005
            }
          },
          "iterations" : 5,
          "level" : "raw",
          "providers" : {
            "sttMode" : "batch",
            "sttObserved" : [
              {
                "count" : 5,
                "model" : "scribe_v2",
                "provider" : "ElevenLabs"
              }
            ]
          }
        },
        {
          "distributions" : {
            "encodeMs" : {
              "max" : 0,
              "min" : 0,
              "p50" : 0,
              "p95" : 0
            },
            "generationMs" : {
              "max" : 1064.4720792770386,
              "min" : 790.2880907058716,
              "p50" : 968.1869745254517,
              "p95" : 1058.2606554031372
            },
            "pasteMs" : {
              "max" : 0.08296966552734375,
              "min" : 0.026941299438476562,
              "p50" : 0.051975250244140625,
              "p95" : 0.07939338684082031
            },
            "rewriteMs" : {
              "max" : 457.6479196548462,
              "min" : 255.00905513763428,
              "p50" : 299.35503005981445,
              "p95" : 445.116925239563
            },
            "sttMs" : {
              "max" : 765.1170492172241,
              "min" : 535.2790355682373,
              "p50" : 573.1940269470215,
              "p95" : 727.2470474243164
            },
            "totalStageMs" : {
              "max" : 1064.500093460083,
              "min" : 790.3531789779663,
              "p50" : 968.2389497756958,
              "p95" : 1058.2996606826782
            }
          },
          "iterations" : 5,
          "level" : "clean",
          "providers" : {
            "rewriteObserved" : [
              {
                "count" : 5,
                "model" : "inception/mercury",
                "path" : "openrouter"
              }
            ],
            "sttMode" : "batch",
            "sttObserved" : [
              {
                "count" : 5,
                "model" : "scribe_v2",
                "provider" : "ElevenLabs"
              }
            ]
          }
        },
        {
          "distributions" : {
            "encodeMs" : {
              "max" : 0,
              "min" : 0,
              "p50" : 0,
              "p95" : 0
            },
            "generationMs" : {
              "max" : 1367.8851127624512,
              "min" : 1068.2650804519653,
              "p50" : 1198.7240314483643,
              "p95" : 1351.832103729248
            },
            "pasteMs" : {
              "max" : 0.06496906280517578,
              "min" : 0.028014183044433594,
              "p50" : 0.03504753112792969,
              "p95" : 0.06117820739746094
            },
            "rewriteMs" : {
              "max" : 793.1170463562012,
              "min" : 466.0691022872925,
              "p50" : 653.717041015625,
              "p95" : 780.3750514984131
            },
            "sttMs" : {
              "max" : 615.7009601593018,
              "min" : 545.0069904327393,
              "p50" : 568.816065788269,
              "p95" : 607.5143814086914
            },
            "totalStageMs" : {
              "max" : 1367.9311275482178,
              "min" : 1068.3300495147705,
              "p50" : 1198.7590789794922,
              "p95" : 1351.8745183944702
            }
          },
          "iterations" : 5,
          "level" : "polish",
          "providers" : {
            "rewriteObserved" : [
              {
                "count" : 5,
                "model" : "inception/mercury",
                "path" : "openrouter"
              }
            ],
            "sttMode" : "batch",
            "sttObserved" : [
              {
                "count" : 5,
                "model" : "scribe_v2",
                "provider" : "ElevenLabs"
              }
            ]
          }
        }
      ]
    },
    {
      "audioBytes" : 427630,
      "audioFile" : "fixture-medium.caf",
      "fixtureID" : "fixture-medium",
      "levels" : [
        {
          "distributions" : {
            "encodeMs" : {
              "max" : 0.08094310760498047,
              "min" : 0.033974647521972656,
              "p50" : 0.03993511199951172,
              "p95" : 0.07317066192626953
            },
            "generationMs" : {
              "max" : 1077.383041381836,
              "min" : 917.9139137268066,
              "p50" : 1031.4401388168335,
              "p95" : 1074.0612030029297
            },
            "pasteMs" : {
              "max" : 0.048041343688964844,
              "min" : 0.015020370483398438,
              "p50" : 0.016927719116210938,
              "p95" : 0.045037269592285156
            },
            "rewriteMs" : {
              "max" : 0,
              "min" : 0,
              "p50" : 0,
              "p95" : 0
            },
            "sttMs" : {
              "max" : 1077.349066734314,
              "min" : 917.8329706192017,
              "p50" : 1031.398057937622,
              "p95" : 1074.0260362625122
            },
            "totalStageMs" : {
              "max" : 1077.4160623550415,
              "min" : 917.92893409729,
              "p50" : 1031.455159187317,
              "p95" : 1074.097228050232
            }
          },
          "iterations" : 5,
          "level" : "raw",
          "providers" : {
            "sttMode" : "batch",
            "sttObserved" : [
              {
                "count" : 5,
                "model" : "scribe_v2",
                "provider" : "ElevenLabs"
              }
            ]
          }
        },
        {
          "distributions" : {
            "encodeMs" : {
              "max" : 0.049948692321777344,
              "min" : 0.031948089599609375,
              "p50" : 0.03504753112792969,
              "p95" : 0.04756450653076172
            },
            "generationMs" : {
              "max" : 1900.033950805664,
              "min" : 1510.9440088272095,
              "p50" : 1638.2919549942017,
              "p95" : 1883.7657451629639
            },
            "pasteMs" : {
              "max" : 0.05900859832763672,
              "min" : 0.028014183044433594,
              "p50" : 0.0400543212890625,
              "p95" : 0.05741119384765625
            },
            "rewriteMs" : {
              "max" : 830.0759792327881,
              "min" : 464.79809284210205,
              "p50" : 629.3909549713135,
              "p95" : 828.8227796554565
            },
            "sttMs" : {
              "max" : 1076.185941696167,
              "min" : 952.8670310974121,