{
  "audioBytes" : 558044,
  "audioFile" : "2 fixtures",
  "commitSHA" : "0de992832bd06035294f38f263c5c4a8d347d0e5",
  "fixtureResults" : [
    {
      "audioBytes" : 130414,
      "audioFile" : "fixture-short.caf",
      "fixtureID" : "fixture-short",
      "levels" : [
        {
          "distributions" : {
            "encodeMs" : {
              "max" : 0,
              "min" : 0,
              "p50" : 0,
              "p95" : 0
            },
            "generationMs" : {
              "max" : 642.0589685440063,
              "min" : 586.5340232849121,
              "p50" : 611.0459566116333,
              "p95" : 640.6025648117065
            },
            "pasteMs" : {
              "max" : 0.4900693893432617,
              "min" : 0.03600120544433594,
              "p50" : 0.11205673217773438,
              "p95" : 0.4436492919921875
            },
            "rewriteMs" : {
              "max" : 0,
              "min" : 0,
              "p50" : 0,
              "p95" : 0
            },
            "sttMs" : {
              "max" : 642.0589685440063,
              "min" : 586.5340232849121,
              "p50" : 611.0459566116333,
              "p95" : 640.6025648117065
            },
            "totalStageMs" : {
              "max" : 642.3169374465942,
              "min" : 586.6460800170898,
              "p50" : 611.0819578170776,
              "p95" : 640.9069538116455
            }
          },
          "iterations" : 5,
          "level" : "raw",
          "providers" : {
            "sttMode" : "batch",
            "sttObserved" : [
              {
                "count" : 5,
                "model" : "scribe_v2",
                "provider" : "ElevenLabs"
              }
            ]
          }
        },
        {
          "distributions" : {
            "encodeMs" : {
              "max" : 0,
              "min" : 0,
              "p50" : 0,
              "p95" : 0
            },
            "generationMs" : {
              "max" : 1098.0840921401978,
              "min" : 830.7449817657471,
              "p50" : 914.4541025161743,
              "p95" : 1061.9242906570435
            },
            "pasteMs" : {
              "max" : 0.20194053649902344,
              "min" : 0.02300739288330078,
              "p50" : 0.0400543212890625,
              "p95" : 0.17435550689697263
            },
            "rewriteMs" : {
              "max" : 351.9730567932129,
              "min" : 225.99196434020996,
              "p50" : 301.7430305480957,
              "p95" : 343.6108589172363
            },
            "sttMs" : {
              "max" : 746.1110353469849,
              "min" : 604.2920351028442,
              "p50" : 608.8069677352905,
              "p95" : 722.2038269042969
            },
            "totalStageMs" : {
              "max" : 1098.107099533081,
              "min" : 830.7850360870361,
              "p50" : 914.6560430526733,
              "p95" : 1061.9554996490479
            }
          },
          "iterations" : 5,
          "level" : "clean",
          "providers" : {
            "rewriteObserved" : [
              {
                "count" : 5,
                "model" : "inception/mercury",
                "path" : "openrouter"
              }
            ],
            "sttMode" : "batch",
            "sttObserved" : [
              {
                "count" : 5,
                "model" : "scribe_v2",
                "provider" : "ElevenLabs"
              }
            ]
          }
        },
        {
          "distributions" : {
            "encodeMs" : {
              "max" : 0,
              "min" : 0,
              "p50" : 0,
              "p95" : 0
            },
            "generationMs" : {
              "max" : 1611.699938774109,
              "min" : 1004.7289133071899,
              "p50" : 1144.389033317566,
              "p95" : 1533.042335510254
            },
            "pasteMs" : {
              "max" : 0.3260374069213867,
              "min" : 0.028014183044433594,
              "p50" : 0.06592273712158203,
              "p95" : 0.2978324890136719
            },
            "rewriteMs" : {
              "max" : 850.5189418792725,
              "min" : 423.04491996765137,
              "p50" : 493.6408996582031,
              "p95" : 795.2681541442871
            },
            "sttMs" : {
              "max" : 761.1809968948364,
              "min" : 570.1240301132202,
              "p50" : 622.2909688949585,
              "p95" : 753.8990020751953
            },
            "totalStageMs" : {
              "max" : 1611.7279529571533,
              "min" : 1004.7858953475952,
              "p50" : 1144.4549560546875,
              "p95" : 1533.101749420166
            }
          },
          "iterations" : 5,
          "level" : "polish",
          "providers" : {
            "rewriteObserved" : [
              {
                "count" : 5,
                "model" : "inception/mercury",
                "path" : "openrouter"
              }
            ],
            "sttMode" : "batch",
            "sttObserved" : [
              {
                "count" : 5,
                "model" : "scribe_v2",
                "provider" : "ElevenLabs"
              }
            ]
          }
        }
      ]
    },
    {
      "audioBytes" : 427630,
      "audioFile" : "fixture-medium.caf",
      "fixtureID" : "fixture-medium",
      "levels" : [
        {
          "distributions" : {
            "encodeMs" : {
              "max" : 0.16796588897705078,
              "min" : 0.033020973205566406,
              "p50" : 0.08392333984375,
              "p95" : 0.15497207641601562
            },
            "generationMs" : {
              "max" : 1839.9488925933838,
              "min" : 968.5949087142944,
              "p50" : 1130.3709745407104,
              "p95" : 1706.5055131912231
            },
            "pasteMs" : {
              "max" : 0.3319978713989258,
              "min" : 0.015974044799804688,
              "p50" : 0.041961669921875,
              "p95" : 0.27759075164794916
            },
            "rewriteMs" : {
              "max" : 0,
              "min" : 0,
              "p50" : 0,
              "p95" : 0
            },
            "sttMs" : {
              "max" : 1839.8659229278564,
              "min" : 968.5109853744507,
              "p50" : 1130.2030086517334,
              "p95" : 1706.4325332641602
            },
            "totalStageMs" : {
              "max" : 1839.9648666381836,
              "min" : 968.6368703842163,
              "p50" : 1130.4099559783936,
              "p95" : 1706.5302848815918
            }
          },
          "iterations" : 5,
          "level" : "raw",
          "providers" : {
            "sttMode" : "batch",
            "sttObserved" : [
              {
                "count" : 5,
                "model" : "scribe_v2",
                "provider" : "ElevenLabs"
              }
            ]
          }
        },
        {
          "distributions" : {
            "encodeMs" : {
              "max" : 0.18107891082763672,
              "min" : 0.04398822784423828,
              "p50" : 0.07903575897216797,
              "p95" : 0.17845630645751953
            },
            "generationMs" : {
              "max" : 1758.647084236145,
              "min" : 1346.629023551941,
              "p50" : 1542.8050756454468,
              "p95" : 1743.7310457229614
            },
            "pasteMs" : {
              "max" : 0.14901161193847656,
              "min" : 0.05996227264404297,
              "p50" : 0.10097026824951172,
              "p95" : 0.14541149139404297
            },
            "rewriteMs" : {
              "max" : 634.0199708938599,
              "min" : 328.5069465637207,
              "p50" : 535.8260869979858,
              "p95" : 618.2847738265991
            },
            "sttMs" : {
              "max" : 1128.5549402236938,
              "min" : 1006.9350004196167,