{
  "audioBytes" : 558044,
  "audioFile" : "2 fixtures",
  "commitSHA" : "0de992832bd06035294f38f263c5c4a8d347d0e5",
  "fixtureResults" : [
    {
      "audioBytes" : 130414,
      "audioFile" : "fixture-short.caf",
      "fixtureID" : "fixture-short",
      "levels" : [
        {
          "distributions" : {
            "encodeMs" : {
              "max" : 0,
              "min" : 0,
              "p50" : 0,
              "p95" : 0
            },
            "generationMs" : {
              "max" : 157.52899646759033,
              "min" : 63.27807903289795,
              "p50" : 124.5579719543457,
              "p95" : 157.50880241394043
            },
            "pasteMs" : {
              "max" : 0.0209808349609375,
              "min" : 0.015020370483398438,
              "p50" : 0.015974044799804688,
              "p95" : 0.020575523376464844
            },
            "rewriteMs" : {
              "max" : 0,
              "min" : 0,
              "p50" : 0,
              "p95" : 0
            },
            "sttMs" : {
              "max" : 157.52899646759033,
              "min" : 63.27807903289795,
              "p50" : 124.5579719543457,
              "p95" : 157.50880241394043
            },
            "totalStageMs" : {
              "max" : 157.54401683807373,
              "min" : 63.29309940338135,
              "p50" : 124.57692623138428,
              "p95" : 157.52501487731934
            }
          },
          "iterations" : 5,
          "level" : "raw",
          "providers" : {
            "sttMode" : "mock",
            "sttObserved" : [
              {
                "count" : 5,
                "model" : "fixed-delay-v1",
                "provider" : "DeterministicSTT"
              }
            ]
          }
        },
        {
          "distributions" : {
            "encodeMs" : {
              "max" : 0,
              "min" : 0,
              "p50" : 0,
              "p95" : 0
            },
            "generationMs" : {
              "max" : 348.5919237136841,
              "min" : 186.59305572509766,
              "p50" : 220.8399772644043,
              "p95" : 333.70893001556396
            },
            "pasteMs" : {
              "max" : 0.26297569274902344,
              "min" : 0.06604194641113281,
              "p50" : 0.12195110321044922,
              "p95" : 0.23577213287353513
            },
            "rewriteMs" : {
              "max" : 239.14694786071777,
              "min" : 107.25700855255127,
              "p50" : 116.00899696350098,
              "p95" : 223.3755588531494
            },
            "sttMs" : {
              "max" : 158.16795825958252,
              "min" : 60.54997444152832,
              "p50" : 81.43103122711182,
              "p95" : 148.42336177825928
            },
            "totalStageMs" : {
              "max" : 348.6579656600952,
              "min" : 186.70403957366943,
              "p50" : 220.96693515777588,
              "p95" : 333.8143587112427
            }
          },
          "iterations" : 5,
          "level" : "clean",
          "providers" : {
            "rewriteObserved" : [
              {
                "count" : 5,
                "model" : "inception/mercury",
                "path" : "deterministic"
              }
            ],
            "sttMode" : "mock",
            "sttObserved" : [
              {
                "count" : 5,
                "model" : "fixed-delay-v1",
                "provider" : "DeterministicSTT"
              }
            ]
          }
        },
        {
          "distributions" : {
            "encodeMs" : {
              "max" : 0,
              "min" : 0,
              "p50" : 0,
              "p95" : 0
            },
            "generationMs" : {
              "max" : 365.52512645721436,
              "min" : 237.76209354400635,
              "p50" : 325.4060745239258,
              "p95" : 358.80751609802246
            },
            "pasteMs" : {
              "max" : 0.2200603485107422,
              "min" : 0.0909566879272461,
              "p50" : 0.16498565673828125,
              "p95" : 0.217437744140625
            },
            "rewriteMs" : {
              "max" : 233.09195041656494,
              "min" : 171.84698581695557,
              "p50" : 212.5720977783203,
              "p95" : 232.22637176513672
            },
            "sttMs" : {
              "max" : 136.76106929779053,
              "min" : 65.91510772705078,
              "p50" : 119.36497688293457,
              "p95" : 133.5282564163208
            },
            "totalStageMs" : {
              "max" : 365.6740188598633,
              "min" : 237.9821538925171,
              "p50" : 325.497031211853,
              "p95" : 358.95962715148926
            }
          },
          "iterations" : 5,
          "level" : "polish",
          "providers" : {
            "rewriteObserved" : [
              {
                "count" : 5,
                "model" : "inception/mercury",
                "path" : "deterministic"
              }
            ],
            "sttMode" : "mock",
            "sttObserved" : [
              {
                "count" : 5,
                "model" : "fixed-delay-v1",
                "provider" : "DeterministicSTT"
              }
            ]
          }
        }
      ]
    },
    {
      "audioBytes" : 427630,
      "audioFile" : "fixture-medium.caf",
      "fixtureID" : "fixture-medium",
      "levels" : [
        {
          "distributions" : {
            "encodeMs" : {
              "max" : 0,
              "min" : 0,
              "p50" : 0,
              "p95" : 0
            },
            "generationMs" : {
              "max" : 154.9370288848877,
              "min" : 60.30690670013428,
              "p50" : 99.72095489501953,
              "p95" : 154.05802726745605
            },
            "pasteMs" : {
              "max" : 0.11599063873291016,
              "min" : 0.015974044799804688,
              "p50" : 0.08392333984375,
              "p95" : 0.11057853698730469
            },
            "rewriteMs" : {
              "max" : 0,
              "min" : 0,
              "p50" : 0,
              "p95" : 0
            },
            "sttMs" : {
              "max" : 154.9370288848877,
              "min" : 60.30690670013428,
              "p50" : 99.72095489501953,
              "p95" : 154.05802726745605
            },
            "totalStageMs" : {
              "max" : 155.02095222473145,
              "min" : 60.39583683013916,
              "p50" : 99.73692893981934,
              "p95" : 154.13296222686768
            }
          },
          "iterations" : 5,
          "level" : "raw",
          "providers" : {
            "sttMode" : "mock",
            "sttObserved" : [
              {
                "count" : 5,
                "model" : "fixed-delay-v1",
                "provider" : "DeterministicSTT"
              }
            ]
          }
        },
        {
          "distributions" : {
            "encodeMs" : {
              "max" : 0,
              "min" : 0,
              "p50" : 0,
              "p95" : 0
            },
            "generationMs" : {
              "max" : 353.3090353012085,
              "min" : 191.93506240844727,
              "p50" : 282.1669578552246,
              "p95" : 352.3200511932373
            },
            "pasteMs" : {
              "max" : 0.21600723266601562,
              "min" : 0.0680685043334961,
              "p50" : 0.1800060272216797,
              "p95" : 0.21140575408935547
            },
            "rewriteMs" : {
              "max" : 247.28000164031982,
              "min" : 104.15506362915039,
              "p50" : 201.05993747711182,
              "p95" : 239.4308090209961
            },
            "sttMs" : {
              "max" : 145.27499675750732,
              "min" : 78.70399951934814,
              "p50" : 87.77999877929688,
              "p95" : 136.4368200302124
            },