{
  "audioBytes" : 558044,
  "audioFile" : "2 fixtures",
  "commitSHA" : "4325b3883e680b68fe4a7f692835979214db4549",
  "fixtureResults" : [
    {
      "audioBytes" : 130414,
      "audioFile" : "fixture-short.caf",
      "fixtureID" : "fixture-short",
      "levels" : [
        {
          "distributions" : {
            "encodeMs" : {
              "max" : 0,
              "min" : 0,
              "p50" : 0,
              "p95" : 0
            },
            "generationMs" : {
              "max" : 547.2480058670044,
              "min" : 506.48200511932373,
              "p50" : 522.3280191421509,
              "p95" : 543.9334154129028
            },
            "pasteMs" : {
              "max" : 0.32711029052734375,
              "min" : 0.01800060272216797,
              "p50" : 0.07104873657226562,
              "p95" : 0.3094911575317383
            },
            "rewriteMs" : {
              "max" : 0,
              "min" : 0,
              "p50" : 0,
              "p95" : 0
            },
            "sttMs" : {
              "max" : 547.2480058670044,
              "min" : 506.48200511932373,
              "p50" : 522.3280191421509,
              "p95" : 543.9334154129028
            },
            "totalStageMs" : {
              "max" : 547.4870204925537,
              "min" : 506.5000057220459,
              "p50" : 522.3469734191895,
              "p95" : 544.1900491714478
            }
          },
          "iterations" : 5,
          "level" : "raw",
          "providers" : {
            "sttMode" : "batch",
            "sttObserved" : [
              {
                "count" : 5,
                "model" : "scribe_v2",
                "provider" : "ElevenLabs"
              }
            ]
          }
        },
        {
          "distributions" : {
            "encodeMs" : {
              "max" : 0,
              "min" : 0,
              "p50" : 0,
              "p95" : 0
            },
            "generationMs" : {
              "max" : 1250.9580850601196,
              "min" : 890.5119895935059,
              "p50" : 929.9899339675903,
              "p95" : 1217.6772832870483
            },
            "pasteMs" : {
              "max" : 1.4989376068115234,
              "min" : 0.14698505401611328,
              "p50" : 0.6229877471923828,
              "p95" : 1.3561725616455078
            },
            "rewriteMs" : {
              "max" : 743.4800863265991,
              "min" : 380.748987197876,
              "p50" : 424.2149591445923,
              "p95" : 712.2606754302979
            },
            "sttMs" : {
              "max" : 538.6450290679932,
              "min" : 497.1710443496704,
              "p50" : 507.4779987335205,
              "p95" : 532.8686237335205
            },
            "totalStageMs" : {
              "max" : 1251.743197441101,
              "min" : 890.658974647522,
              "p50" : 931.4888715744019,
              "p95" : 1218.3369874954224
            }
          },
          "iterations" : 5,
          "level" : "clean",
          "providers" : {
            "rewriteObserved" : [
              {
                "count" : 5,
                "model" : "inception/mercury",
                "path" : "openrouter"
              }
            ],
            "sttMode" : "batch",
            "sttObserved" : [
              {
                "count" : 5,
                "model" : "scribe_v2",
                "provider" : "ElevenLabs"
              }
            ]
          }
        },
        {
          "distributions" : {
            "encodeMs" : {
              "max" : 0,
              "min" : 0,
              "p50" : 0,
              "p95" : 0
            },
            "generationMs" : {
              "max" : 1678.3379316329956,
              "min" : 1031.4279794692993,
              "p50" : 1283.9219570159912,
              "p95" : 1608.0437183380127
            },
            "pasteMs" : {
              "max" : 0.21398067474365234,
              "min" : 0.07104873657226562,
              "p50" : 0.1310110092163086,
              "p95" : 0.19919872283935547
            },
            "rewriteMs" : {
              "max" : 809.6859455108643,
              "min" : 510.0979804992676,
              "p50" : 606.92298412323,
              "p95" : 790.7345533370972
            },
            "sttMs" : {
              "max" : 1071.4149475097656,
              "min" : 517.1809196472168,
              "p50" : 543.0699586868286,
              "p95" : 970.9305524826049
            },
            "totalStageMs" : {
              "max" : 1678.4780025482178,
              "min" : 1031.4990282058716,
              "p50" : 1284.0529680252075,
              "p95" : 1608.1985712051392
            }
          },
          "iterations" : 5,
          "level" : "polish",
          "providers" : {
            "rewriteObserved" : [
              {
                "count" : 5,
                "model" : "inception/mercury",
                "path" : "openrouter"
              }
            ],
            "sttMode" : "batch",
            "sttObserved" : [
              {
                "count" : 5,
                "model" : "scribe_v2",
                "provider" : "ElevenLabs"
              }
            ]
          }
        }
      ]
    },
    {
      "audioBytes" : 427630,
      "audioFile" : "fixture-medium.caf",
      "fixtureID" : "fixture-medium",
      "levels" : [
        {
          "distributions" : {
            "encodeMs" : {
              "max" : 0.43392181396484375,
              "min" : 0.03993511199951172,
              "p50" : 0.1800060272216797,
              "p95" : 0.3889322280883789
            },
            "generationMs" : {
              "max" : 1125.8729696273804,
              "min" : 954.8150300979614,
              "p50" : 1011.5269422531128,
              "p95" : 1116.3387537002563
            },
            "pasteMs" : {
              "max" : 0.1150369644165039,
              "min" : 0.02205371856689453,
              "p50" : 0.09298324584960938,
              "p95" : 0.1108407974243164
            },
            "rewriteMs" : {
              "max" : 0,
              "min" : 0,
              "p50" : 0,
              "p95" : 0
            },
            "sttMs" : {
              "max" : 1125.736951828003,
              "min" : 954.6350240707397,
              "p50" : 1011.093020439148,
              "p95" : 1116.188144683838
            },
            "totalStageMs" : {
              "max" : 1125.8950233459473,
              "min" : 954.909086227417,
              "p50" : 1011.6419792175293,
              "p95" : 1116.3683891296387
            }
          },
          "iterations" : 5,
          "level" : "raw",
          "providers" : {
            "sttMode" : "batch",
            "sttObserved" : [
              {
                "count" : 5,
                "model" : "scribe_v2",
                "provider" : "ElevenLabs"
              }
            ]
          }
        },
        {
          "distributions" : {
            "encodeMs" : {
              "max" : 0.1989603042602539,
              "min" : 0.0400543212890625,
              "p50" : 0.102996826171875,
              "p95" : 0.18837451934814453
            },
            "generationMs" : {
              "max" : 1980.3500175476074,
              "min" : 1652.9121398925781,
              "p50" : 1831.771969795227,
              "p95" : 1976.6784191131592
            },
            "pasteMs" : {
              "max" : 0.1850128173828125,
              "min" : 0.031948089599609375,
              "p50" : 0.102996826171875,
              "p95" : 0.1806020736694336
            },
            "rewriteMs" : {
              "max" : 1026.3010263442993,
              "min" : 743.8920736312866,
              "p50" : 922.9989051818848,
              "p95" : 1015.4200315475464
            },
            "sttMs" : {
              "max" : 989.9499416351318,
              "min" : 908.7330102920532,