{
  "audioBytes" : 558044,
  "audioFile" : "2 fixtures",
  "commitSHA" : "2cdca432e1b6e8ad3edbc9c7c212caa5b104b244",
  "fixtureResults" : [
    {
      "audioBytes" : 130414,
      "audioFile" : "fixture-short.caf",
      "fixtureID" : "fixture-short",
      "levels" : [
        {
          "distributions" : {
            "encodeMs" : {
              "max" : 0,
              "min" : 0,
              "p50" : 0,
              "p95" : 0
            },
            "generationMs" : {
              "max" : 125.84590911865234,
              "min" : 106.45794868469238,
              "p50" : 109.54606533050537,
              "p95" : 125.1399278640747
            },
            "pasteMs" : {
              "max" : 0.06604194641113281,
              "min" : 0.015020370483398438,
              "p50" : 0.034928321838378906,
              "p95" : 0.06282329559326172
            },
            "rewriteMs" : {
              "max" : 0,
              "min" : 0,
              "p50" : 0,
              "p95" : 0
            },
            "sttMs" : {
              "max" : 125.84590911865234,
              "min" : 106.45794868469238,
              "p50" : 109.54606533050537,
              "p95" : 125.1399278640747
            },
            "totalStageMs" : {
              "max" : 125.89585781097412,
              "min" : 106.52399063110352,
              "p50" : 109.58099365234375,
              "p95" : 125.18289089202881
            }
          },
          "iterations" : 5,
          "level" : "raw",
          "providers" : {
            "sttMode" : "mock",
            "sttObserved" : [
              {
                "count" : 5,
                "model" : "fixed-delay-v1",
                "provider" : "DeterministicSTT"
              }
            ]
          }
        },
        {
          "distributions" : {
            "encodeMs" : {
              "max" : 0,
              "min" : 0,
              "p50" : 0,
              "p95" : 0
            },
            "generationMs" : {
              "max" : 199.58794116973877,
              "min" : 172.98007011413574,
              "p50" : 178.32696437835693,
              "p95" : 195.96774578094482
            },
            "pasteMs" : {
              "max" : 0.17309188842773438,
              "min" : 0.054955482482910156,
              "p50" : 0.15497207641601562,
              "p95" : 0.1710653305053711
            },
            "rewriteMs" : {
              "max" : 112.60998249053955,
              "min" : 102.90801525115967,
              "p50" : 108.00600051879883,
              "p95" : 111.7891788482666
            },
            "sttMs" : {
              "max" : 91.08197689056396,
              "min" : 64.97406959533691,
              "p50" : 70.82700729370117,
              "p95" : 87.94937133789062
            },
            "totalStageMs" : {
              "max" : 199.7610330581665,
              "min" : 173.03502559661865,
              "p50" : 178.4799098968506,
              "p95" : 196.13721370697021
            }
          },
          "iterations" : 5,
          "level" : "clean",
          "providers" : {
            "rewriteObserved" : [
              {
                "count" : 5,
                "model" : "inception/mercury",
                "path" : "deterministic"
              }
            ],
            "sttMode" : "mock",
            "sttObserved" : [
              {
                "count" : 5,
                "model" : "fixed-delay-v1",
                "provider" : "DeterministicSTT"
              }
            ]
          }
        },
        {
          "distributions" : {
            "encodeMs" : {
              "max" : 0,
              "min" : 0,
              "p50" : 0,
              "p95" : 0
            },
            "generationMs" : {
              "max" : 321.186900138855,
              "min" : 234.27999019622803,
              "p50" : 288.18607330322266,
              "p95" : 316.81511402130127
            },
            "pasteMs" : {
              "max" : 0.2130270004272461,
              "min" : 0.09191036224365234,
              "p50" : 0.14603137969970703,
              "p95" : 0.2010345458984375
            },
            "rewriteMs" : {
              "max" : 217.0100212097168,
              "min" : 164.342999458313,
              "p50" : 195.43898105621338,
              "p95" : 216.07820987701416
            },
            "sttMs" : {
              "max" : 108.83593559265137,
              "min" : 69.86701488494873,
              "p50" : 90.7289981842041,
              "p95" : 107.8465461730957
            },
            "totalStageMs" : {
              "max" : 321.27881050109863,
              "min" : 234.43305492401123,
              "p50" : 288.3991003036499,
              "p95" : 316.91784858703613
            }
          },
          "iterations" : 5,
          "level" : "polish",
          "providers" : {
            "rewriteObserved" : [
              {
                "count" : 5,
                "model" : "inception/mercury",
                "path" : "deterministic"
              }
            ],
            "sttMode" : "mock",
            "sttObserved" : [
              {
                "count" : 5,
                "model" : "fixed-delay-v1",
                "provider" : "DeterministicSTT"
              }
            ]
          }
        }
      ]
    },
    {
      "audioBytes" : 427630,
      "audioFile" : "fixture-medium.caf",
      "fixtureID" : "fixture-medium",
      "levels" : [
        {
          "distributions" : {
            "encodeMs" : {
              "max" : 0,
              "min" : 0,
              "p50" : 0,
              "p95" : 0
            },
            "generationMs" : {
              "max" : 108.77299308776855,
              "min" : 87.13996410369873,
              "p50" : 104.27999496459961,
              "p95" : 108.64999294281006
            },
            "pasteMs" : {
              "max" : 0.102996826171875,
              "min" : 0.03600120544433594,
              "p50" : 0.09191036224365234,
              "p95" : 0.10159015655517578
            },
            "rewriteMs" : {
              "max" : 0,
              "min" : 0,
              "p50" : 0,
              "p95" : 0
            },
            "sttMs" : {
              "max" : 108.77299308776855,
              "min" : 87.13996410369873,
              "p50" : 104.27999496459961,
              "p95" : 108.64999294281006
            },
            "totalStageMs" : {
              "max" : 108.87598991394043,
              "min" : 87.17596530914307,
              "p50" : 104.35295104980469,
              "p95" : 108.75077247619629
            }
          },
          "iterations" : 5,
          "level" : "raw",
          "providers" : {
            "sttMode" : "mock",
            "sttObserved" : [
              {
                "count" : 5,
                "model" : "fixed-delay-v1",
                "provider" : "DeterministicSTT"
              }
            ]
          }
        },
        {
          "distributions" : {
            "encodeMs" : {
              "max" : 0,
              "min" : 0,
              "p50" : 0,
              "p95" : 0
            },
            "generationMs" : {
              "max" : 214.77198600769043,
              "min" : 177.7329444885254,
              "p50" : 178.75897884368896,
              "p95" : 207.67276287078857
            },
            "pasteMs" : {
              "max" : 0.06103515625,
              "min" : 0.04494190216064453,
              "p50" : 0.048041343688964844,
              "p95" : 0.05843639373779297
            },
            "rewriteMs" : {
              "max" : 108.18803310394287,
              "min" : 105.5079698562622,
              "p50" : 107.04505443572998,
              "p95" : 107.97703266143799
            },
            "sttMs" : {
              "max" : 107.72693157196045,
              "min" : 70.16801834106445,
              "p50" : 71.62594795227051,
              "p95" : 100.93512535095215
            },