{
  "audioBytes" : 558044,
  "audioFile" : "2 fixtures",
  "commitSHA" : "2cdca432e1b6e8ad3edbc9c7c212caa5b104b244",
  "fixtureResults" : [
    {
      "audioBytes" : 130414,
      "audioFile" : "fixture-short.caf",
      "fixtureID" : "fixture-short",
      "levels" : [
        {
          "distributions" : {
            "encodeMs" : {
              "max" : 0,
              "min" : 0,
              "p50" : 0,
              "p95" : 0
            },
            "generationMs" : {
              "max" : 625.9850263595581,
              "min" : 546.0879802703857,
              "p50" : 617.1929836273193,
              "p95" : 625.9092092514038
            },
            "pasteMs" : {
              "max" : 0.09799003601074219,
              "min" : 0.048041343688964844,
              "p50" : 0.07796287536621094,
              "p95" : 0.0949859619140625
            },
            "rewriteMs" : {
              "max" : 0,
              "min" : 0,
              "p50" : 0,
              "p95" : 0
            },
            "sttMs" : {
              "max" : 625.9850263595581,
              "min" : 546.0879802703857,
              "p50" : 617.1929836273193,
              "p95" : 625.9092092514038
            },
            "totalStageMs" : {
              "max" : 626.0629892349243,
              "min" : 546.1639165878296,
              "p50" : 617.2410249710083,
              "p95" : 625.9881734848022
            }
          },
          "iterations" : 5,
          "level" : "raw",
          "providers" : {
            "sttMode" : "batch",
            "sttObserved" : [
              {
                "count" : 5,
                "model" : "scribe_v2",
                "provider" : "ElevenLabs"
              }
            ]
          }
        },
        {
          "distributions" : {
            "encodeMs" : {
              "max" : 0,
              "min" : 0,
              "p50" : 0,
              "p95" : 0
            },
            "generationMs" : {
              "max" : 1761.2640857696533,
              "min" : 926.4039993286133,
              "p50" : 984.0090274810791,
              "p95" : 1613.0910634994507
            },
            "pasteMs" : {
              "max" : 0.13005733489990234,
              "min" : 0.051021575927734375,
              "p50" : 0.10097026824951172,
              "p95" : 0.12483596801757812
            },
            "rewriteMs" : {
              "max" : 530.7170152664185,
              "min" : 318.52400302886963,
              "p50" : 399.05500411987305,
              "p95" : 513.1200075149536
            },
            "sttMs" : {
              "max" : 1230.5470705032349,
              "min" : 567.2580003738403,
              "p50" : 607.8799962997437,
              "p95" : 1108.4932565689087
            },
            "totalStageMs" : {
              "max" : 1761.3941431045532,
              "min" : 926.455020904541,
              "p50" : 984.0841293334961,
              "p95" : 1613.2153034210205
            }
          },
          "iterations" : 5,
          "level" : "clean",
          "providers" : {
            "rewriteObserved" : [
              {
                "count" : 5,
                "model" : "inception/mercury",
                "path" : "openrouter"
              }
            ],
            "sttMode" : "batch",
            "sttObserved" : [
              {
                "count" : 5,
                "model" : "scribe_v2",
                "provider" : "ElevenLabs"
              }
            ]
          }
        },
        {
          "distributions" : {
            "encodeMs" : {
              "max" : 0,
              "min" : 0,
              "p50" : 0,
              "p95" : 0
            },
            "generationMs" : {
              "max" : 1216.657042503357,
              "min" : 962.0120525360107,
              "p50" : 1142.8580284118652,
              "p95" : 1216.3098335266113
            },
            "pasteMs" : {
              "max" : 0.14293193817138672,
              "min" : 0.03802776336669922,
              "p50" : 0.10597705841064453,
              "p95" : 0.13773441314697266
            },
            "rewriteMs" : {
              "max" : 610.7519865036011,
              "min" : 420.40300369262695,
              "p50" : 515.8979892730713,
              "p95" : 603.5193920135498
            },
            "sttMs" : {
              "max" : 699.0230083465576,
              "min" : 541.6090488433838,
              "p50" : 595.4699516296387,
              "p95" : 680.3994178771973
            },
            "totalStageMs" : {
              "max" : 1216.7330980300903,
              "min" : 962.0500802993774,
              "p50" : 1142.9640054702759,
              "p95" : 1216.394066810608
            }
          },
          "iterations" : 5,
          "level" : "polish",
          "providers" : {
            "rewriteObserved" : [
              {
                "count" : 5,
                "model" : "inception/mercury",
                "path" : "openrouter"
              }
            ],
            "sttMode" : "batch",
            "sttObserved" : [
              {
                "count" : 5,
                "model" : "scribe_v2",
                "provider" : "ElevenLabs"
              }
            ]
          }
        }
      ]
    },
    {
      "audioBytes" : 427630,
      "audioFile" : "fixture-medium.caf",
      "fixtureID" : "fixture-medium",
      "levels" : [
        {
          "distributions" : {
            "encodeMs" : {
              "max" : 0.17702579498291016,
              "min" : 0.032901763916015625,
              "p50" : 0.16701221466064453,
              "p95" : 0.17502307891845703
            },
            "generationMs" : {
              "max" : 1243.5379028320312,
              "min" : 1072.4539756774902,
              "p50" : 1120.995044708252,
              "p95" : 1240.9907341003418
            },
            "pasteMs" : {
              "max" : 0.22101402282714844,
              "min" : 0.012993812561035156,
              "p50" : 0.1380443572998047,
              "p95" : 0.2190113067626953
            },
            "rewriteMs" : {
              "max" : 0,
              "min" : 0,
              "p50" : 0,
              "p95" : 0
            },
            "sttMs" : {
              "max" : 1243.5050010681152,
              "min" : 1072.2869634628296,
              "p50" : 1120.818018913269,
              "p95" : 1240.9310102462769
            },
            "totalStageMs" : {
              "max" : 1243.675947189331,
              "min" : 1072.6649761199951,
              "p50" : 1121.216058731079,
              "p95" : 1241.1093711853027
            }
          },
          "iterations" : 5,
          "level" : "raw",
          "providers" : {
            "sttMode" : "batch",
            "sttObserved" : [
              {
                "count" : 5,
                "model" : "scribe_v2",
                "provider" : "ElevenLabs"
              }
            ]
          }
        },
        {
          "distributions" : {
            "encodeMs" : {
              "max" : 0.25093555450439453,
              "min" : 0.033020973205566406,
              "p50" : 0.19598007202148438,
              "p95" : 0.24254322052001953
            },
            "generationMs" : {
              "max" : 1918.6599254608154,
              "min" : 1453.2349109649658,
              "p50" : 1747.040033340454,
              "p95" : 1904.44974899292
            },
            "pasteMs" : {
              "max" : 0.27000904083251953,
              "min" : 0.026106834411621094,
              "p50" : 0.10800361633300781,
              "p95" : 0.24359226226806638
            },
            "rewriteMs" : {
              "max" : 670.7689762115479,
              "min" : 425.72903633117676,
              "p50" : 473.8349914550781,
              "p95" : 652.2731781005859
            },
            "sttMs" : {
              "max" : 1444.6289539337158,
              "min" : 988.2500171661377,