{
  "audioBytes" : 558044,
  "audioFile" : "2 fixtures",
  "commitSHA" : "4045446077b892b5450a7875414acc50b377e54e",
  "fixtureResults" : [
    {
      "audioBytes" : 130414,
      "audioFile" : "fixture-short.caf",
      "fixtureID" : "fixture-short",
      "levels" : [
        {
          "distributions" : {
            "encodeMs" : {
              "max" : 0,
              "min" : 0,
              "p50" : 0,
              "p95" : 0
            },
            "generationMs" : {
              "max" : 188.8120174407959,
              "min" : 99.75206851959229,
              "p50" : 101.88400745391846,
              "p95" : 171.50561809539795
            },
            "pasteMs" : {
              "max" : 0.0209808349609375,
              "min" : 0.007987022399902344,
              "p50" : 0.01800060272216797,
              "p95" : 0.020575523376464844
            },
            "rewriteMs" : {
              "max" : 0,
              "min" : 0,
              "p50" : 0,
              "p95" : 0
            },
            "sttMs" : {
              "max" : 188.8120174407959,
              "min" : 99.75206851959229,
              "p50" : 101.88400745391846,
              "p95" : 171.50561809539795
            },
            "totalStageMs" : {
              "max" : 188.83299827575684,
              "min" : 99.77006912231445,
              "p50" : 101.89199447631836,
              "p95" : 171.52440547943115
            }
          },
          "iterations" : 5,
          "level" : "raw",
          "providers" : {
            "sttMode" : "mock",
            "sttObserved" : [
              {
                "count" : 5,
                "model" : "fixed-delay-v1",
                "provider" : "DeterministicSTT"
              }
            ]
          }
        },
        {
          "distributions" : {
            "encodeMs" : {
              "max" : 0,
              "min" : 0,
              "p50" : 0,
              "p95" : 0
            },
            "generationMs" : {
              "max" : 295.41099071502686,
              "min" : 212.17012405395508,
              "p50" : 218.59002113342285,
              "p95" : 291.4599895477295
            },
            "pasteMs" : {
              "max" : 0.16701221466064453,
              "min" : 0.12505054473876953,
              "p50" : 0.15294551849365234,
              "p95" : 0.16639232635498047
            },
            "rewriteMs" : {
              "max" : 224.70390796661377,
              "min" : 109.28606986999512,
              "p50" : 111.96291446685791,
              "p95" : 214.07232284545898
            },
            "sttMs" : {
              "max" : 108.27803611755371,
              "min" : 70.70708274841309,
              "p50" : 104.1100025177002,
              "p95" : 107.66823291778564
            },
            "totalStageMs" : {
              "max" : 295.5780029296875,
              "min" : 212.29517459869385,
              "p50" : 218.7429666519165,
              "p95" : 291.6263818740845
            }
          },
          "iterations" : 5,
          "level" : "clean",
          "providers" : {
            "rewriteObserved" : [
              {
                "count" : 5,
                "model" : "inception/mercury",
                "path" : "deterministic"
              }
            ],
            "sttMode" : "mock",
            "sttObserved" : [
              {
                "count" : 5,
                "model" : "fixed-delay-v1",
                "provider" : "DeterministicSTT"
              }
            ]
          }
        },
        {
          "distributions" : {
            "encodeMs" : {
              "max" : 0,
              "min" : 0,
              "p50" : 0,
              "p95" : 0
            },
            "generationMs" : {
              "max" : 438.8519525527954,
              "min" : 241.44697189331055,
              "p50" : 383.56292247772217,
              "p95" : 438.77415657043457
            },
            "pasteMs" : {
              "max" : 0.20802021026611328,
              "min" : 0.14197826385498047,
              "p50" : 0.1590251922607422,
              "p95" : 0.2006053924560547
            },
            "rewriteMs" : {
              "max" : 268.74589920043945,
              "min" : 166.81396961212158,
              "p50" : 262.2770071029663,
              "p95" : 268.7305212020874
            },
            "sttMs" : {
              "max" : 202.35490798950195,
              "min" : 66.27404689788818,
              "p50" : 169.71707344055176,
              "p95" : 197.19891548156738
            },
            "totalStageMs" : {
              "max" : 439.0599727630615,
              "min" : 241.58895015716553,
              "p50" : 383.733868598938,
              "p95" : 438.9723777770996
            }
          },
          "iterations" : 5,
          "level" : "polish",
          "providers" : {
            "rewriteObserved" : [
              {
                "count" : 5,
                "model" : "inception/mercury",
                "path" : "deterministic"
              }
            ],
            "sttMode" : "mock",
            "sttObserved" : [
              {
                "count" : 5,
                "model" : "fixed-delay-v1",
                "provider" : "DeterministicSTT"
              }
            ]
          }
        }
      ]
    },
    {
      "audioBytes" : 427630,
      "audioFile" : "fixture-medium.caf",
      "fixtureID" : "fixture-medium",
      "levels" : [
        {
          "distributions" : {
            "encodeMs" : {
              "max" : 0,
              "min" : 0,
              "p50" : 0,
              "p95" : 0
            },
            "generationMs" : {
              "max" : 203.58705520629883,
              "min" : 86.88294887542725,
              "p50" : 101.593017578125,
              "p95" : 183.22906494140625
            },
            "pasteMs" : {
              "max" : 0.09906291961669922,
              "min" : 0.015974044799804688,
              "p50" : 0.01895427703857422,
              "p95" : 0.08525848388671874
            },
            "rewriteMs" : {
              "max" : 0,
              "min" : 0,
              "p50" : 0,
              "p95" : 0
            },
            "sttMs" : {
              "max" : 203.58705520629883,
              "min" : 86.88294887542725,
              "p50" : 101.593017578125,
              "p95" : 183.22906494140625
            },
            "totalStageMs" : {
              "max" : 203.60302925109863,
              "min" : 86.91298961639404,
              "p50" : 101.6920804977417,
              "p95" : 183.2456350326538
            }
          },
          "iterations" : 5,
          "level" : "raw",
          "providers" : {
            "sttMode" : "mock",
            "sttObserved" : [
              {
                "count" : 5,
                "model" : "fixed-delay-v1",
                "provider" : "DeterministicSTT"
              }
            ]
          }
        },
        {
          "distributions" : {
            "encodeMs" : {
              "max" : 0,
              "min" : 0,
              "p50" : 0,
              "p95" : 0
            },
            "generationMs" : {
              "max" : 474.4079113006592,
              "min" : 211.77399158477783,
              "p50" : 312.0959997177124,
              "p95" : 459.360933303833
            },
            "pasteMs" : {
              "max" : 0.15497207641601562,
              "min" : 0.06699562072753906,
              "p50" : 0.1379251480102539,
              "p95" : 0.1517772674560547
            },
            "rewriteMs" : {
              "max" : 254.4999122619629,
              "min" : 103.93095016479492,
              "p50" : 207.7779769897461,
              "p95" : 251.19073390960693
            },
            "sttMs" : {
              "max" : 219.9079990386963,
              "min" : 101.5559434890747,
              "p50" : 107.84304141998291,
              "p95" : 208.17019939422607
            },