{
  "audioBytes" : 558044,
  "audioFile" : "2 fixtures",
  "commitSHA" : "4045446077b892b5450a7875414acc50b377e54e",
  "fixtureResults" : [
    {
      "audioBytes" : 130414,
      "audioFile" : "fixture-short.caf",
      "fixtureID" : "fixture-short",
      "levels" : [
        {
          "distributions" : {
            "encodeMs" : {
              "max" : 0,
              "min" : 0,
              "p50" : 0,
              "p95" : 0
            },
            "generationMs" : {
              "max" : 1045.6699132919312,
              "min" : 576.8990516662598,
              "p50" : 642.3640251159668,
              "p95" : 973.0443239212036
            },
            "pasteMs" : {
              "max" : 0.24700164794921875,
              "min" : 0.015020370483398438,
              "p50" : 0.05900859832763672,
              "p95" : 0.21359920501708982
            },
            "rewriteMs" : {
              "max" : 0,
              "min" : 0,
              "p50" : 0,
              "p95" : 0
            },
            "sttMs" : {
              "max" : 1045.6699132919312,
              "min" : 576.8990516662598,
              "p50" : 642.3640251159668,
              "p95" : 973.0443239212036
            },
            "totalStageMs" : {
              "max" : 1045.7499027252197,
              "min" : 577.146053314209,
              "p50" : 642.4230337142944,
              "p95" : 973.1113195419312
            }
          },
          "iterations" : 5,
          "level" : "raw",
          "providers" : {
            "sttMode" : "batch",
            "sttObserved" : [
              {
                "count" : 5,
                "model" : "scribe_v2",
                "provider" : "ElevenLabs"
              }
            ]
          }
        },
        {
          "distributions" : {
            "encodeMs" : {
              "max" : 0,
              "min" : 0,
              "p50" : 0,
              "p95" : 0
            },
            "generationMs" : {
              "max" : 1023.9390134811401,
              "min" : 868.8809871673584,
              "p50" : 886.9800567626953,
              "p95" : 1004.7290086746216
            },
            "pasteMs" : {
              "max" : 0.23698806762695312,
              "min" : 0.04303455352783203,
              "p50" : 0.0749826431274414,
              "p95" : 0.226593017578125
            },
            "rewriteMs" : {
              "max" : 427.35397815704346,
              "min" : 285.16197204589844,
              "p50" : 326.5000581741333,
              "p95" : 412.4469757080078
            },
            "sttMs" : {
              "max" : 596.5850353240967,
              "min" : 560.479998588562,
              "p50" : 582.381010055542,
              "p95" : 594.1200256347656
            },
            "totalStageMs" : {
              "max" : 1024.0139961242676,
              "min" : 869.1179752349854,
              "p50" : 887.1650695800781,
              "p95" : 1004.7996044158936
            }
          },
          "iterations" : 5,
          "level" : "clean",
          "providers" : {
            "rewriteObserved" : [
              {
                "count" : 5,
                "model" : "inception/mercury",
                "path" : "openrouter"
              }
            ],
            "sttMode" : "batch",
            "sttObserved" : [
              {
                "count" : 5,
                "model" : "scribe_v2",
                "provider" : "ElevenLabs"
              }
            ]
          }
        },
        {
          "distributions" : {
            "encodeMs" : {
              "max" : 0,
              "min" : 0,
              "p50" : 0,
              "p95" : 0
            },
            "generationMs" : {
              "max" : 1440.6579732894897,
              "min" : 941.1228895187378,
              "p50" : 1160.68696975708,
              "p95" : 1394.7253704071045
            },
            "pasteMs" : {
              "max" : 0.2759695053100586,
              "min" : 0.02396106719970703,
              "p50" : 0.1360177993774414,
              "p95" : 0.24816989898681638
            },
            "rewriteMs" : {
              "max" : 847.4869728088379,
              "min" : 381.09898567199707,
              "p50" : 564.3550157546997,
              "p95" : 800.0779867172241
            },
            "sttMs" : {
              "max" : 634.550929069519,
              "min" : 560.0239038467407,
              "p50" : 596.3319540023804,
              "p95" : 627.7513265609741
            },
            "totalStageMs" : {
              "max" : 1440.6819343566895,
              "min" : 941.3988590240479,
              "p50" : 1160.823941230774,
              "p95" : 1394.7697401046753
            }
          },
          "iterations" : 5,
          "level" : "polish",
          "providers" : {
            "rewriteObserved" : [
              {
                "count" : 5,
                "model" : "inception/mercury",
                "path" : "openrouter"
              }
            ],
            "sttMode" : "batch",
            "sttObserved" : [
              {
                "count" : 5,
                "model" : "scribe_v2",
                "provider" : "ElevenLabs"
              }
            ]
          }
        }
      ]
    },
    {
      "audioBytes" : 427630,
      "audioFile" : "fixture-medium.caf",
      "fixtureID" : "fixture-medium",
      "levels" : [
        {
          "distributions" : {
            "encodeMs" : {
              "max" : 0.21207332611083984,
              "min" : 0.08106231689453125,
              "p50" : 0.12004375457763672,
              "p95" : 0.20246505737304688
            },
            "generationMs" : {
              "max" : 1458.2599401474,
              "min" : 1014.3301486968994,
              "p50" : 1113.9681339263916,
              "p95" : 1446.4213609695435
            },
            "pasteMs" : {
              "max" : 0.42998790740966797,
              "min" : 0.050902366638183594,
              "p50" : 0.13399124145507812,
              "p95" : 0.41840076446533203
            },
            "rewriteMs" : {
              "max" : 0,
              "min" : 0,
              "p50" : 0,
              "p95" : 0
            },
            "sttMs" : {
              "max" : 1458.169937133789,
              "min" : 1014.2490863800049,
              "p50" : 1113.7560606002808,
              "p95" : 1446.3253498077393
            },
            "totalStageMs" : {
              "max" : 1458.631992340088,
              "min" : 1014.7601366043091,
              "p50" : 1114.1021251678467,
              "p95" : 1446.7291831970215
            }
          },
          "iterations" : 5,
          "level" : "raw",
          "providers" : {
            "sttMode" : "batch",
            "sttObserved" : [
              {
                "count" : 5,
                "model" : "scribe_v2",
                "provider" : "ElevenLabs"
              }
            ]
          }
        },
        {
          "distributions" : {
            "encodeMs" : {
              "max" : 0.1709461212158203,
              "min" : 0.07796287536621094,
              "p50" : 0.1659393310546875,
              "p95" : 0.17037391662597656
            },
            "generationMs" : {
              "max" : 1833.4739208221436,
              "min" : 1516.3730382919312,
              "p50" : 1607.3741912841797,
              "p95" : 1800.7983207702637
            },
            "pasteMs" : {
              "max" : 0.13506412506103516,
              "min" : 0.0629425048828125,
              "p50" : 0.13005733489990234,
              "p95" : 0.1348733901977539
            },
            "rewriteMs" : {
              "max" : 648.9559412002563,
              "min" : 424.2510795593262,
              "p50" : 504.938006401062,
              "p95" : 633.4023714065552
            },
            "sttMs" : {
              "max" : 1328.4579515457153,
              "min" : 1020.969033241272,