{
  "audioBytes" : 558044,
  "audioFile" : "2 fixtures",
  "commitSHA" : "5f9267b04e66fd49ff51a44975c4f5eb78b7007e",
  "fixtureResults" : [
    {
      "audioBytes" : 130414,
      "audioFile" : "fixture-short.caf",
      "fixtureID" : "fixture-short",
      "levels" : [
        {
          "distributions" : {
            "encodeMs" : {
              "max" : 0,
              "min" : 0,
              "p50" : 0,
              "p95" : 0
            },
            "generationMs" : {
              "max" : 692.7299499511719,
              "min" : 585.677981376648,
              "p50" : 591.0999774932861,
              "p95" : 673.7095594406128
            },
            "pasteMs" : {
              "max" : 0.09703636169433594,
              "min" : 0.03504753112792969,
              "p50" : 0.05805492401123047,
              "p95" : 0.0936269760131836
            },
            "rewriteMs" : {
              "max" : 0,
              "min" : 0,
              "p50" : 0,
              "p95" : 0
            },
            "sttMs" : {
              "max" : 692.7299499511719,
              "min" : 585.677981376648,
              "p50" : 591.0999774932861,
              "p95" : 673.7095594406128
            },
            "totalStageMs" : {
              "max" : 692.8099393844604,
              "min" : 585.7750177383423,
              "p50" : 591.1580324172974,
              "p95" : 673.7805604934692
            }
          },
          "iterations" : 5,
          "level" : "raw",
          "providers" : {
            "sttMode" : "batch",
            "sttObserved" : [
              {
                "count" : 5,
                "model" : "scribe_v2",
                "provider" : "ElevenLabs"
              }
            ]
          }
        },
        {
          "distributions" : {
            "encodeMs" : {
              "max" : 0,
              "min" : 0,
              "p50" : 0,
              "p95" : 0
            },
            "generationMs" : {
              "max" : 2349.406123161316,
              "min" : 908.3659648895264,
              "p50" : 929.527997970581,
              "p95" : 2152.586507797241
            },
            "pasteMs" : {
              "max" : 0.3631114959716797,
              "min" : 0.026106834411621094,
              "p50" : 0.10693073272705078,
              "p95" : 0.31669139862060547
            },
            "rewriteMs" : {
              "max" : 358.5989475250244,
              "min" : 270.6700563430786,
              "p50" : 328.732967376709,
              "p95" : 353.95214557647705
            },
            "sttMs" : {
              "max" : 2078.7360668182373,
              "min" : 570.9290504455566,
              "p50" : 589.7239446640015,
              "p95" : 1876.0612726211546
            },
            "totalStageMs" : {
              "max" : 2349.506139755249,
              "min" : 908.4969758987427,
              "p50" : 929.5541048049927,
              "p95" : 2152.687907218933
            }
          },
          "iterations" : 5,
          "level" : "clean",
          "providers" : {
            "rewriteObserved" : [
              {
                "count" : 5,
                "model" : "google/gemini-2.5-flash-lite",
                "path" : "openrouter"
              }
            ],
            "sttMode" : "batch",
            "sttObserved" : [
              {
                "count" : 5,
                "model" : "scribe_v2",
                "provider" : "ElevenLabs"
              }
            ]
          }
        },
        {
          "distributions" : {
            "encodeMs" : {
              "max" : 0,
              "min" : 0,
              "p50" : 0,
              "p95" : 0
            },
            "generationMs" : {
              "max" : 1485.90886592865,
              "min" : 996.6418743133545,
              "p50" : 1305.4859638214111,
              "p95" : 1475.9339094161987
            },
            "pasteMs" : {
              "max" : 0.1239776611328125,
              "min" : 0.028014183044433594,
              "p50" : 0.09608268737792969,
              "p95" : 0.11997222900390625
            },
            "rewriteMs" : {
              "max" : 908.0429077148438,
              "min" : 366.8628931045532,
              "p50" : 693.7680244445801,
              "p95" : 873.8783121109009
            },
            "sttMs" : {
              "max" : 786.6040468215942,
              "min" : 568.2660341262817,
              "p50" : 629.7789812088013,
              "p95" : 777.7364492416382
            },
            "totalStageMs" : {
              "max" : 1485.9368801116943,
              "min" : 996.7379570007324,
              "p50" : 1305.609941482544,
              "p95" : 1475.9641408920288
            }
          },
          "iterations" : 5,
          "level" : "polish",
          "providers" : {
            "rewriteObserved" : [
              {
                "count" : 5,
                "model" : "x-ai/grok-4.1-fast",
                "path" : "openrouter"
              }
            ],
            "sttMode" : "batch",
            "sttObserved" : [
              {
                "count" : 5,
                "model" : "scribe_v2",
                "provider" : "ElevenLabs"
              }
            ]
          }
        }
      ]
    },
    {
      "audioBytes" : 427630,
      "audioFile" : "fixture-medium.caf",
      "fixtureID" : "fixture-medium",
      "levels" : [
        {
          "distributions" : {
            "encodeMs" : {
              "max" : 49.923062324523926,
              "min" : 29.14106845855713,
              "p50" : 44.69501972198486,
              "p95" : 49.90105628967285
            },
            "generationMs" : {
              "max" : 1239.5321130752563,
              "min" : 984.5020771026611,
              "p50" : 1092.2590494155884,
              "p95" : 1220.8448886871338
            },
            "pasteMs" : {
              "max" : 0.14603137969970703,
              "min" : 0.030994415283203125,
              "p50" : 0.0959634780883789,
              "p95" : 0.1444101333618164
            },
            "rewriteMs" : {
              "max" : 0,
              "min" : 0,
              "p50" : 0,
              "p95" : 0
            },
            "sttMs" : {
              "max" : 1189.6090507507324,
              "min" : 955.361008644104,
              "p50" : 1060.130000114441,
              "p95" : 1170.943832397461
            },
            "totalStageMs" : {
              "max" : 1239.678144454956,
              "min" : 984.5980405807495,
              "p50" : 1092.339038848877,
              "p95" : 1220.9679126739502
            }
          },
          "iterations" : 5,
          "level" : "raw",
          "providers" : {
            "sttMode" : "batch",
            "sttObserved" : [
              {
                "count" : 5,
                "model" : "scribe_v2",
                "provider" : "ElevenLabs"
              }
            ]
          }
        },
        {
          "distributions" : {
            "encodeMs" : {
              "max" : 41.23806953430176,
              "min" : 17.544984817504883,
              "p50" : 28.873085975646973,
              "p95" : 40.932655334472656
            },
            "generationMs" : {
              "max" : 1789.0379428863525,
              "min" : 1441.2709474563599,
              "p50" : 1539.5939350128174,
              "p95" : 1762.1265411376953
            },
            "pasteMs" : {
              "max" : 0.14495849609375,
              "min" : 0.03504753112792969,
              "p50" : 0.06699562072753906,
              "p95" : 0.14276504516601562
            },
            "rewriteMs" : {
              "max" : 496.5869188308716,
              "min" : 373.0529546737671,
              "p50" : 430.51600456237793,
              "p95" : 493.0725336074829
            },
            "sttMs" : {
              "max" : 1270.311951637268,
              "min" : 1050.500988960266,