{
  "audioBytes" : 558044,
  "audioFile" : "2 fixtures",
  "commitSHA" : "fdc8be10c82982afbfda631dfb3f5029e316451a",
  "fixtureResults" : [
    {
      "audioBytes" : 130414,
      "audioFile" : "fixture-short.caf",
      "fixtureID" : "fixture-short",
      "levels" : [
        {
          "distributions" : {
            "encodeMs" : {
              "max" : 0,
              "min" : 0,
              "p50" : 0,
              "p95" : 0
            },
            "generationMs" : {
              "max" : 679.8299551010132,
              "min" : 557.4029684066772,
              "p50" : 565.688967704773,
              "p95" : 662.2755765914917
            },
            "pasteMs" : {
              "max" : 0.09799003601074219,
              "min" : 0.02396106719970703,
              "p50" : 0.0768899917602539,
              "p95" : 0.09379386901855469
            },
            "rewriteMs" : {
              "max" : 0,
              "min" : 0,
              "p50" : 0,
              "p95" : 0
            },
            "sttMs" : {
              "max" : 679.8299551010132,
              "min" : 557.4029684066772,
              "p50" : 565.688967704773,
              "p95" : 662.2755765914917
            },
            "totalStageMs" : {
              "max" : 679.8539161682129,
              "min" : 557.479977607727,
              "p50" : 565.7869577407837,
              "p95" : 662.3101234436035
            }
          },
          "iterations" : 5,
          "level" : "raw",
          "providers" : {
            "sttMode" : "batch",
            "sttObserved" : [
              {
                "count" : 5,
                "model" : "scribe_v2",
                "provider" : "ElevenLabs"
              }
            ]
          }
        },
        {
          "distributions" : {
            "encodeMs" : {
              "max" : 0,
              "min" : 0,
              "p50" : 0,
              "p95" : 0
            },
            "generationMs" : {
              "max" : 1220.4281091690063,
              "min" : 879.6730041503906,
              "p50" : 962.8109931945801,
              "p95" : 1193.8254833221436
            },
            "pasteMs" : {
              "max" : 0.5249977111816406,
              "min" : 0.054001808166503906,
              "p50" : 0.07796287536621094,
              "p95" : 0.4923820495605469
            },
            "rewriteMs" : {
              "max" : 644.0850496292114,
              "min" : 317.5469636917114,
              "p50" : 390.5830383300781,
              "p95" : 623.426628112793
            },
            "sttMs" : {
              "max" : 604.5260429382324,
              "min" : 546.6220378875732,
              "p50" : 572.227954864502,
              "p95" : 598.8894462585449
            },
            "totalStageMs" : {
              "max" : 1220.4821109771729,
              "min" : 880.0349235534668,
              "p50" : 962.8889560699463,
              "p95" : 1193.973684310913
            }
          },
          "iterations" : 5,
          "level" : "clean",
          "providers" : {
            "rewriteObserved" : [
              {
                "count" : 5,
                "model" : "inception/mercury",
                "path" : "openrouter"
              }
            ],
            "sttMode" : "batch",
            "sttObserved" : [
              {
                "count" : 5,
                "model" : "scribe_v2",
                "provider" : "ElevenLabs"
              }
            ]
          }
        },
        {
          "distributions" : {
            "encodeMs" : {
              "max" : 0,
              "min" : 0,
              "p50" : 0,
              "p95" : 0
            },
            "generationMs" : {
              "max" : 1504.0429830551147,
              "min" : 1063.1200075149536,
              "p50" : 1258.070945739746,
              "p95" : 1469.3376064300537
            },
            "pasteMs" : {
              "max" : 0.14698505401611328,
              "min" : 0.06198883056640625,
              "p50" : 0.0940561294555664,
              "p95" : 0.13797283172607422
            },
            "rewriteMs" : {
              "max" : 939.3899440765381,
              "min" : 525.5019664764404,
              "p50" : 540.6049489974976,
              "p95" : 865.0379419326782
            },
            "sttMs" : {
              "max" : 790.3320789337158,
              "min" : 537.6180410385132,
              "p50" : 599.7370481491089,
              "p95" : 770.3538656234741
            },
            "totalStageMs" : {
              "max" : 1504.1899681091309,
              "min" : 1063.2140636444092,
              "p50" : 1258.1329345703125,
              "p95" : 1469.47340965271
            }
          },
          "iterations" : 5,
          "level" : "polish",
          "providers" : {
            "rewriteObserved" : [
              {
                "count" : 5,
                "model" : "inception/mercury",
                "path" : "openrouter"
              }
            ],
            "sttMode" : "batch",
            "sttObserved" : [
              {
                "count" : 5,
                "model" : "scribe_v2",
                "provider" : "ElevenLabs"
              }
            ]
          }
        }
      ]
    },
    {
      "audioBytes" : 427630,
      "audioFile" : "fixture-medium.caf",
      "fixtureID" : "fixture-medium",
      "levels" : [
        {
          "distributions" : {
            "encodeMs" : {
              "max" : 0.010967254638671875,
              "min" : 0.007987022399902344,
              "p50" : 0.010013580322265625,
              "p95" : 0.010776519775390625
            },
            "generationMs" : {
              "max" : 1106.7678928375244,
              "min" : 975.4619598388672,
              "p50" : 1020.5039978027344,
              "p95" : 1104.3283224105835
            },
            "pasteMs" : {
              "max" : 0.23806095123291016,
              "min" : 0.04792213439941406,
              "p50" : 0.09608268737792969,
              "p95" : 0.21464824676513672
            },
            "rewriteMs" : {
              "max" : 0,
              "min" : 0,
              "p50" : 0,
              "p95" : 0
            },
            "sttMs" : {
              "max" : 1106.758952140808,
              "min" : 975.4519462585449,
              "p50" : 1020.4960107803345,
              "p95" : 1104.319167137146
            },
            "totalStageMs" : {
              "max" : 1106.8888902664185,
              "min" : 975.5580425262451,
              "p50" : 1020.5519199371338,
              "p95" : 1104.4727325439453
            }
          },
          "iterations" : 5,
          "level" : "raw",
          "providers" : {
            "sttMode" : "batch",
            "sttObserved" : [
              {
                "count" : 5,
                "model" : "scribe_v2",
                "provider" : "ElevenLabs"
              }
            ]
          }
        },
        {
          "distributions" : {
            "encodeMs" : {
              "max" : 0.010967254638671875,
              "min" : 0.0050067901611328125,
              "p50" : 0.008106231689453125,
              "p95" : 0.010585784912109375
            },
            "generationMs" : {
              "max" : 2300.7731437683105,
              "min" : 1428.3430576324463,
              "p50" : 1836.711049079895,
              "p95" : 2276.6433238983154
            },
            "pasteMs" : {
              "max" : 0.5000829696655273,
              "min" : 0.05996227264404297,
              "p50" : 0.1289844512939453,
              "p95" : 0.4658699035644531
            },
            "rewriteMs" : {
              "max" : 1306.128978729248,
              "min" : 498.5489845275879,
              "p50" : 686.5279674530029,
              "p95" : 1203.8651943206787
            },
            "sttMs" : {
              "max" : 1500.8879899978638,
              "min" : 929.7850131988525,