{
  "audioBytes" : 558044,
  "audioFile" : "2 fixtures",
  "commitSHA" : "fdc8be10c82982afbfda631dfb3f5029e316451a",
  "fixtureResults" : [
    {
      "audioBytes" : 130414,
      "audioFile" : "fixture-short.caf",
      "fixtureID" : "fixture-short",
      "levels" : [
        {
          "distributions" : {
            "encodeMs" : {
              "max" : 0,
              "min" : 0,
              "p50" : 0,
              "p95" : 0
            },
            "generationMs" : {
              "max" : 213.33003044128418,
              "min" : 100.67105293273926,
              "p50" : 108.33096504211426,
              "p95" : 204.00841236114502
            },
            "pasteMs" : {
              "max" : 0.10001659393310547,
              "min" : 0.04398822784423828,
              "p50" : 0.06496906280517578,
              "p95" : 0.09641647338867188
            },
            "rewriteMs" : {
              "max" : 0,
              "min" : 0,
              "p50" : 0,
              "p95" : 0
            },
            "sttMs" : {
              "max" : 213.33003044128418,
              "min" : 100.67105293273926,
              "p50" : 108.33096504211426,
              "p95" : 204.00841236114502
            },
            "totalStageMs" : {
              "max" : 213.43004703521729,
              "min" : 100.72004795074463,
              "p50" : 108.3749532699585,
              "p95" : 204.1048288345337
            }
          },
          "iterations" : 5,
          "level" : "raw",
          "providers" : {
            "sttMode" : "mock",
            "sttObserved" : [
              {
                "count" : 5,
                "model" : "fixed-delay-v1",
                "provider" : "DeterministicSTT"
              }
            ]
          }
        },
        {
          "distributions" : {
            "encodeMs" : {
              "max" : 0,
              "min" : 0,
              "p50" : 0,
              "p95" : 0
            },
            "generationMs" : {
              "max" : 359.5149517059326,
              "min" : 230.73792457580566,
              "p50" : 266.65592193603516,
              "p95" : 344.1401720046997
            },
            "pasteMs" : {
              "max" : 0.16307830810546875,
              "min" : 0.09894371032714844,
              "p50" : 0.1239776611328125,
              "p95" : 0.1554727554321289
            },
            "rewriteMs" : {
              "max" : 221.81200981140137,
              "min" : 117.53404140472412,
              "p50" : 131.2870979309082,
              "p95" : 204.29279804229736
            },
            "sttMs" : {
              "max" : 151.35395526885986,
              "min" : 106.66298866271973,
              "p50" : 132.4399709701538,
              "p95" : 148.62375259399414
            },
            "totalStageMs" : {
              "max" : 359.6780300140381,
              "min" : 230.8368682861328,
              "p50" : 266.77989959716797,
              "p95" : 344.29564476013184
            }
          },
          "iterations" : 5,
          "level" : "clean",
          "providers" : {
            "rewriteObserved" : [
              {
                "count" : 5,
                "model" : "inception/mercury",
                "path" : "deterministic"
              }
            ],
            "sttMode" : "mock",
            "sttObserved" : [
              {
                "count" : 5,
                "model" : "fixed-delay-v1",
                "provider" : "DeterministicSTT"
              }
            ]
          }
        },
        {
          "distributions" : {
            "encodeMs" : {
              "max" : 0,
              "min" : 0,
              "p50" : 0,
              "p95" : 0
            },
            "generationMs" : {
              "max" : 403.8560390472412,
              "min" : 272.6550102233887,
              "p50" : 391.37792587280273,
              "p95" : 402.3486375808716
            },
            "pasteMs" : {
              "max" : 0.19502639770507812,
              "min" : 0.11098384857177734,
              "p50" : 0.1550912857055664,
              "p95" : 0.18842220306396484
            },
            "rewriteMs" : {
              "max" : 319.7970390319824,
              "min" : 185.22202968597412,
              "p50" : 237.05792427062988,
              "p95" : 313.4472370147705
            },
            "sttMs" : {
              "max" : 154.32000160217285,
              "min" : 84.05900001525879,
              "p50" : 108.27100276947021,
              "p95" : 149.91040229797363
            },
            "totalStageMs" : {
              "max" : 404.0180444717407,
              "min" : 272.76599407196045,
              "p50" : 391.4968967437744,
              "p95" : 402.5172472000122
            }
          },
          "iterations" : 5,
          "level" : "polish",
          "providers" : {
            "rewriteObserved" : [
              {
                "count" : 5,
                "model" : "inception/mercury",
                "path" : "deterministic"
              }
            ],
            "sttMode" : "mock",
            "sttObserved" : [
              {
                "count" : 5,
                "model" : "fixed-delay-v1",
                "provider" : "DeterministicSTT"
              }
            ]
          }
        }
      ]
    },
    {
      "audioBytes" : 427630,
      "audioFile" : "fixture-medium.caf",
      "fixtureID" : "fixture-medium",
      "levels" : [
        {
          "distributions" : {
            "encodeMs" : {
              "max" : 0,
              "min" : 0,
              "p50" : 0,
              "p95" : 0
            },
            "generationMs" : {
              "max" : 173.0250120162964,
              "min" : 82.05294609069824,
              "p50" : 111.31095886230469,
              "p95" : 169.23580169677734
            },
            "pasteMs" : {
              "max" : 0.1399517059326172,
              "min" : 0.07593631744384766,
              "p50" : 0.09393692016601562,
              "p95" : 0.1353740692138672
            },
            "rewriteMs" : {
              "max" : 0,
              "min" : 0,
              "p50" : 0,
              "p95" : 0
            },
            "sttMs" : {
              "max" : 173.0250120162964,
              "min" : 82.05294609069824,
              "p50" : 111.31095886230469,
              "p95" : 169.23580169677734
            },
            "totalStageMs" : {
              "max" : 173.10595512390137,
              "min" : 82.17000961303711,
              "p50" : 111.4048957824707,
              "p95" : 169.3157434463501
            }
          },
          "iterations" : 5,
          "level" : "raw",
          "providers" : {
            "sttMode" : "mock",
            "sttObserved" : [
              {
                "count" : 5,
                "model" : "fixed-delay-v1",
                "provider" : "DeterministicSTT"
              }
            ]
          }
        },
        {
          "distributions" : {
            "encodeMs" : {
              "max" : 0,
              "min" : 0,
              "p50" : 0,
              "p95" : 0
            },
            "generationMs" : {
              "max" : 429.0369749069214,
              "min" : 247.75898456573486,
              "p50" : 332.5309753417969,
              "p95" : 416.2667751312256
            },
            "pasteMs" : {
              "max" : 0.5689859390258789,
              "min" : 0.10204315185546875,
              "p50" : 0.11801719665527344,
              "p95" : 0.527191162109375
            },
            "rewriteMs" : {
              "max" : 250.66602230072021,
              "min" : 121.6360330581665,
              "p50" : 167.73498058319092,
              "p95" : 238.751220703125
            },
            "sttMs" : {
              "max" : 197.45099544525146,
              "min" : 118.30103397369385,
              "p50" : 178.37095260620117,
              "p95" : 194.4295883178711
            },