{
  "audioBytes" : 558044,
  "audioFile" : "2 fixtures",
  "commitSHA" : "1889bada93c475108a7ad89c39656be4d21341fb",
  "fixtureResults" : [
    {
      "audioBytes" : 130414,
      "audioFile" : "fixture-short.caf",
      "fixtureID" : "fixture-short",
      "levels" : [
        {
          "distributions" : {
            "encodeMs" : {
              "max" : 0,
              "min" : 0,
              "p50" : 0,
              "p95" : 0
            },
            "generationMs" : {
              "max" : 133.90207290649414,
              "min" : 128.49104404449463,
              "p50" : 129.96900081634521,
              "p95" : 133.64946842193604
            },
            "pasteMs" : {
              "max" : 0.06604194641113281,
              "min" : 0.0209808349609375,
              "p50" : 0.05698204040527344,
              "p95" : 0.06563663482666016
            },
            "rewriteMs" : {
              "max" : 0,
              "min" : 0,
              "p50" : 0,
              "p95" : 0
            },
            "sttMs" : {
              "max" : 133.90207290649414,
              "min" : 128.49104404449463,
              "p50" : 129.96900081634521,
              "p95" : 133.64946842193604
            },
            "totalStageMs" : {
              "max" : 133.92508029937744,
              "min" : 128.51202487945557,
              "p50" : 130.03504276275635,
              "p95" : 133.67927074432373
            }
          },
          "iterations" : 5,
          "level" : "raw",
          "providers" : {
            "sttMode" : "mock",
            "sttObserved" : [
              {
                "count" : 5,
                "model" : "fixed-delay-v1",
                "provider" : "DeterministicSTT"
              }
            ]
          }
        },
        {
          "distributions" : {
            "encodeMs" : {
              "max" : 0,
              "min" : 0,
              "p50" : 0,
              "p95" : 0
            },
            "generationMs" : {
              "max" : 300.90105533599854,
              "min" : 252.27594375610352,
              "p50" : 285.2548360824585,
              "p95" : 298.1910467147827
            },
            "pasteMs" : {
              "max" : 0.08094310760498047,
              "min" : 0.051021575927734375,
              "p50" : 0.054955482482910156,
              "p95" : 0.07817745208740234
            },
            "rewriteMs" : {
              "max" : 172.3349094390869,
              "min" : 127.5489330291748,
              "p50" : 162.3319387435913,
              "p95" : 171.10912799835205
            },
            "sttMs" : {
              "max" : 134.69505310058594,
              "min" : 112.91992664337158,
              "p50" : 124.78005886077881,
              "p95" : 132.75985717773438
            },
            "totalStageMs" : {
              "max" : 300.95410346984863,
              "min" : 252.3430585861206,
              "p50" : 285.3097915649414,
              "p95" : 298.24368953704834
            }
          },
          "iterations" : 5,
          "level" : "clean",
          "providers" : {
            "rewriteObserved" : [
              {
                "count" : 5,
                "model" : "inception/mercury",
                "path" : "deterministic"
              }
            ],
            "sttMode" : "mock",
            "sttObserved" : [
              {
                "count" : 5,
                "model" : "fixed-delay-v1",
                "provider" : "DeterministicSTT"
              }
            ]
          }
        },
        {
          "distributions" : {
            "encodeMs" : {
              "max" : 0,
              "min" : 0,
              "p50" : 0,
              "p95" : 0
            },
            "generationMs" : {
              "max" : 368.4309720993042,
              "min" : 266.171932220459,
              "p50" : 333.55700969696045,
              "p95" : 368.01557540893555
            },
            "pasteMs" : {
              "max" : 0.18298625946044922,
              "min" : 0.07998943328857422,
              "p50" : 0.10895729064941406,
              "p95" : 0.1689910888671875
            },
            "rewriteMs" : {
              "max" : 236.59801483154297,
              "min" : 161.3069772720337,
              "p50" : 215.40594100952148,
              "p95" : 234.5221996307373
            },
            "sttMs" : {
              "max" : 142.21203327178955,
              "min" : 104.8649549484253,
              "p50" : 129.75597381591797,
              "p95" : 139.92362022399902
            },
            "totalStageMs" : {
              "max" : 368.61395835876465,
              "min" : 266.2808895111084,
              "p50" : 333.64808559417725,
              "p95" : 368.18456649780273
            }
          },
          "iterations" : 5,
          "level" : "polish",
          "providers" : {
            "rewriteObserved" : [
              {
                "count" : 5,
                "model" : "inception/mercury",
                "path" : "deterministic"
              }
            ],
            "sttMode" : "mock",
            "sttObserved" : [
              {
                "count" : 5,
                "model" : "fixed-delay-v1",
                "provider" : "DeterministicSTT"
              }
            ]
          }
        }
      ]
    },
    {
      "audioBytes" : 427630,
      "audioFile" : "fixture-medium.caf",
      "fixtureID" : "fixture-medium",
      "levels" : [
        {
          "distributions" : {
            "encodeMs" : {
              "max" : 0,
              "min" : 0,
              "p50" : 0,
              "p95" : 0
            },
            "generationMs" : {
              "max" : 129.58693504333496,
              "min" : 88.68992328643799,
              "p50" : 106.3309907913208,
              "p95" : 128.43034267425537
            },
            "pasteMs" : {
              "max" : 0.051975250244140625,
              "min" : 0.013947486877441406,
              "p50" : 0.025987625122070312,
              "p95" : 0.05176067352294922
            },
            "rewriteMs" : {
              "max" : 0,
              "min" : 0,
              "p50" : 0,
              "p95" : 0
            },
            "sttMs" : {
              "max" : 129.58693504333496,
              "min" : 88.68992328643799,
              "p50" : 106.3309907913208,
              "p95" : 128.43034267425537
            },
            "totalStageMs" : {
              "max" : 129.61292266845703,
              "min" : 88.74082565307617,
              "p50" : 106.34493827819824,
              "p95" : 128.45473289489746
            }
          },
          "iterations" : 5,
          "level" : "raw",
          "providers" : {
            "sttMode" : "mock",
            "sttObserved" : [
              {
                "count" : 5,
                "model" : "fixed-delay-v1",
                "provider" : "DeterministicSTT"
              }
            ]
          }
        },
        {
          "distributions" : {
            "encodeMs" : {
              "max" : 0,
              "min" : 0,
              "p50" : 0,
              "p95" : 0
            },
            "generationMs" : {
              "max" : 305.2710294723511,
              "min" : 226.1960506439209,
              "p50" : 267.97592639923096,
              "p95" : 300.72999000549316
            },
            "pasteMs" : {
              "max" : 0.10406970977783203,
              "min" : 0.05602836608886719,
              "p50" : 0.08404254913330078,
              "p95" : 0.10366439819335938
            },
            "rewriteMs" : {
              "max" : 174.2159128189087,
              "min" : 109.56406593322754,
              "p50" : 158.10108184814453,
              "p95" : 174.13733005523682
            },
            "sttMs" : {
              "max" : 131.44803047180176,
              "min" : 73.13895225524902,
              "p50" : 116.63198471069336,