{
  "audioBytes" : 558044,
  "audioFile" : "2 fixtures",
  "commitSHA" : "1889bada93c475108a7ad89c39656be4d21341fb",
  "fixtureResults" : [
    {
      "audioBytes" : 130414,
      "audioFile" : "fixture-short.caf",
      "fixtureID" : "fixture-short",
      "levels" : [
        {
          "distributions" : {
            "encodeMs" : {
              "max" : 0,
              "min" : 0,
              "p50" : 0,
              "p95" : 0
            },
            "generationMs" : {
              "max" : 638.3310556411743,
              "min" : 561.5670680999756,
              "p50" : 604.5039892196655,
              "p95" : 633.1014633178711
            },
            "pasteMs" : {
              "max" : 0.09608268737792969,
              "min" : 0.010013580322265625,
              "p50" : 0.02396106719970703,
              "p95" : 0.09126663208007812
            },
            "rewriteMs" : {
              "max" : 0,
              "min" : 0,
              "p50" : 0,
              "p95" : 0
            },
            "sttMs" : {
              "max" : 638.3310556411743,
              "min" : 561.5670680999756,
              "p50" : 604.5039892196655,
              "p95" : 633.1014633178711
            },
            "totalStageMs" : {
              "max" : 638.342022895813,
              "min" : 561.6390705108643,
              "p50" : 604.5140027999878,
              "p95" : 633.1294536590576
            }
          },
          "iterations" : 5,
          "level" : "raw",
          "providers" : {
            "sttMode" : "batch",
            "sttObserved" : [
              {
                "count" : 5,
                "model" : "scribe_v2",
                "provider" : "ElevenLabs"
              }
            ]
          }
        },
        {
          "distributions" : {
            "encodeMs" : {
              "max" : 0,
              "min" : 0,
              "p50" : 0,
              "p95" : 0
            },
            "generationMs" : {
              "max" : 1016.7019367218018,
              "min" : 825.3809213638306,
              "p50" : 932.2419166564941,
              "p95" : 1010.5687379837036
            },
            "pasteMs" : {
              "max" : 1.1659860610961914,
              "min" : 0.06198883056640625,
              "p50" : 0.14400482177734375,
              "p95" : 1.0497808456420898
            },
            "rewriteMs" : {
              "max" : 415.6910181045532,
              "min" : 228.14500331878662,
              "p50" : 308.4709644317627,
              "p95" : 400.3348112106323
            },
            "sttMs" : {
              "max" : 647.1259593963623,
              "min" : 597.235918045044,
              "p50" : 623.7709522247314,
              "p95" : 646.5977668762207
            },
            "totalStageMs" : {
              "max" : 1016.8459415435791,
              "min" : 825.5199193954468,
              "p50" : 932.8268766403198,
              "p95" : 1010.6963396072388
            }
          },
          "iterations" : 5,
          "level" : "clean",
          "providers" : {
            "rewriteObserved" : [
              {
                "count" : 5,
                "model" : "inception/mercury",
                "path" : "openrouter"
              }
            ],
            "sttMode" : "batch",
            "sttObserved" : [
              {
                "count" : 5,
                "model" : "scribe_v2",
                "provider" : "ElevenLabs"
              }
            ]
          }
        },
        {
          "distributions" : {
            "encodeMs" : {
              "max" : 0,
              "min" : 0,
              "p50" : 0,
              "p95" : 0
            },
            "generationMs" : {
              "max" : 1301.0870218276978,
              "min" : 1004.8360824584961,
              "p50" : 1059.5269203186035,
              "p95" : 1263.8829946517944
            },
            "pasteMs" : {
              "max" : 0.5829334259033203,
              "min" : 0.04303455352783203,
              "p50" : 0.17201900482177734,
              "p95" : 0.5311489105224609
            },
            "rewriteMs" : {
              "max" : 691.7020082473755,
              "min" : 409.060001373291,
              "p50" : 473.1099605560303,
              "p95" : 661.1739873886108
            },
            "sttMs" : {
              "max" : 609.3850135803223,
              "min" : 576.0049819946289,
              "p50" : 595.5060720443726,
              "p95" : 606.6632270812988
            },
            "totalStageMs" : {
              "max" : 1301.4110326766968,
              "min" : 1005.4190158843994,
              "p50" : 1059.5879554748535,
              "p95" : 1264.1508102416992
            }
          },
          "iterations" : 5,
          "level" : "polish",
          "providers" : {
            "rewriteObserved" : [
              {
                "count" : 5,
                "model" : "inception/mercury",
                "path" : "openrouter"
              }
            ],
            "sttMode" : "batch",
            "sttObserved" : [
              {
                "count" : 5,
                "model" : "scribe_v2",
                "provider" : "ElevenLabs"
              }
            ]
          }
        }
      ]
    },
    {
      "audioBytes" : 427630,
      "audioFile" : "fixture-medium.caf",
      "fixtureID" : "fixture-medium",
      "levels" : [
        {
          "distributions" : {
            "encodeMs" : {
              "max" : 0.008940696716308594,
              "min" : 0.003933906555175781,
              "p50" : 0.007987022399902344,
              "p95" : 0.008749961853027344
            },
            "generationMs" : {
              "max" : 1230.517029762268,
              "min" : 1084.752917289734,
              "p50" : 1126.612901687622,
              "p95" : 1229.860019683838
            },
            "pasteMs" : {
              "max" : 0.12195110321044922,
              "min" : 0.013947486877441406,
              "p50" : 0.06198883056640625,
              "p95" : 0.11115074157714844
            },
            "rewriteMs" : {
              "max" : 0,
              "min" : 0,
              "p50" : 0,
              "p95" : 0
            },
            "sttMs" : {
              "max" : 1230.5090427398682,
              "min" : 1084.744930267334,
              "p50" : 1126.608967781067,
              "p95" : 1229.852843284607
            },
            "totalStageMs" : {
              "max" : 1230.584979057312,
              "min" : 1084.8748683929443,
              "p50" : 1126.6268491744995,
              "p95" : 1229.9229621887207
            }
          },
          "iterations" : 5,
          "level" : "raw",
          "providers" : {
            "sttMode" : "batch",
            "sttObserved" : [
              {
                "count" : 5,
                "model" : "scribe_v2",
                "provider" : "ElevenLabs"
              }
            ]
          }
        },
        {
          "distributions" : {
            "encodeMs" : {
              "max" : 0.006079673767089844,
              "min" : 0.0040531158447265625,
              "p50" : 0.0050067901611328125,
              "p95" : 0.0060558319091796875
            },
            "generationMs" : {
              "max" : 1767.9780721664429,
              "min" : 1599.395990371704,
              "p50" : 1684.4711303710938,
              "p95" : 1765.4260635375977
            },
            "pasteMs" : {
              "max" : 0.09703636169433594,
              "min" : 0.05698204040527344,
              "p50" : 0.07808208465576172,
              "p95" : 0.09562969207763672
            },
            "rewriteMs" : {
              "max" : 637.3320817947388,
              "min" : 514.0860080718994,
              "p50" : 592.4590826034546,
              "p95" : 632.7348470687866
            },
            "sttMs" : {
              "max" : 1241.1270141601562,
              "min" : 1003.3810138702393,