{
  "audioBytes" : 558044,
  "audioFile" : "2 fixtures",
  "commitSHA" : "a3eed967a0c3ecf9d7d24820c3b074db700ace48",
  "fixtureResults" : [
    {
      "audioBytes" : 130414,
      "audioFile" : "fixture-short.caf",
      "fixtureID" : "fixture-short",
      "levels" : [
        {
          "distributions" : {
            "encodeMs" : {
              "max" : 0,
              "min" : 0,
              "p50" : 0,
              "p95" : 0
            },
            "generationMs" : {
              "max" : 699.0159749984741,
              "min" : 579.7350406646729,
              "p50" : 622.270941734314,
              "p95" : 686.5592002868652
            },
            "pasteMs" : {
              "max" : 5.093932151794434,
              "min" : 0.03790855407714844,
              "p50" : 0.05698204040527344,
              "p95" : 4.278564453124999
            },
            "rewriteMs" : {
              "max" : 0,
              "min" : 0,
              "p50" : 0,
              "p95" : 0
            },
            "sttMs" : {
              "max" : 699.0159749984741,
              "min" : 579.7350406646729,
              "p50" : 622.270941734314,
              "p95" : 686.5592002868652
            },
            "totalStageMs" : {
              "max" : 700.0330686569214,
              "min" : 584.8289728164673,
              "p50" : 622.3279237747192,
              "p95" : 687.3810768127441
            }
          },
          "iterations" : 5,
          "level" : "raw",
          "providers" : {
            "sttMode" : "batch",
            "sttObserved" : [
              {
                "count" : 5,
                "model" : "scribe_v2",
                "provider" : "ElevenLabs"
              }
            ]
          }
        },
        {
          "distributions" : {
            "encodeMs" : {
              "max" : 0,
              "min" : 0,
              "p50" : 0,
              "p95" : 0
            },
            "generationMs" : {
              "max" : 1421.6920137405396,
              "min" : 873.5549449920654,
              "p50" : 1029.731035232544,
              "p95" : 1350.3886222839355
            },
            "pasteMs" : {
              "max" : 2.209901809692383,
              "min" : 0.030040740966796875,
              "p50" : 0.370025634765625,
              "p95" : 1.962924003601074
            },
            "rewriteMs" : {
              "max" : 448.9790201187134,
              "min" : 292.95098781585693,
              "p50" : 405.7570695877075,
              "p95" : 445.792031288147
            },
            "sttMs" : {
              "max" : 972.7129936218262,
              "min" : 580.6039571762085,
              "p50" : 653.2219648361206,
              "p95" : 910.0539922714233
            },
            "totalStageMs" : {
              "max" : 1421.7220544815063,
              "min" : 873.6670017242432,
              "p50" : 1031.9409370422363,
              "p95" : 1350.486660003662
            }
          },
          "iterations" : 5,
          "level" : "clean",
          "providers" : {
            "rewriteObserved" : [
              {
                "count" : 5,
                "model" : "inception/mercury",
                "path" : "openrouter"
              }
            ],
            "sttMode" : "batch",
            "sttObserved" : [
              {
                "count" : 5,
                "model" : "scribe_v2",
                "provider" : "ElevenLabs"
              }
            ]
          }
        },
        {
          "distributions" : {
            "encodeMs" : {
              "max" : 0,
              "min" : 0,
              "p50" : 0,
              "p95" : 0
            },
            "generationMs" : {
              "max" : 1804.2020797729492,
              "min" : 1049.7980117797852,
              "p50" : 1285.0500345230103,
              "p95" : 1718.974256515503
            },
            "pasteMs" : {
              "max" : 0.1590251922607422,
              "min" : 0.02396106719970703,
              "p50" : 0.06306171417236328,
              "p95" : 0.14121532440185547
            },
            "rewriteMs" : {
              "max" : 1207.4400186538696,
              "min" : 481.3849925994873,
              "p50" : 676.4780282974243,
              "p95" : 1123.5974073410034
            },
            "sttMs" : {
              "max" : 608.5720062255859,
              "min" : 568.4130191802979,
              "p50" : 589.8360013961792,
              "p95" : 606.2100172042847
            },
            "totalStageMs" : {
              "max" : 1804.2720556259155,
              "min" : 1049.957036972046,
              "p50" : 1285.1130962371826,
              "p95" : 1719.0398454666138
            }
          },
          "iterations" : 5,
          "level" : "polish",
          "providers" : {
            "rewriteObserved" : [
              {
                "count" : 5,
                "model" : "inception/mercury",
                "path" : "openrouter"
              }
            ],
            "sttMode" : "batch",
            "sttObserved" : [
              {
                "count" : 5,
                "model" : "scribe_v2",
                "provider" : "ElevenLabs"
              }
            ]
          }
        }
      ]
    },
    {
      "audioBytes" : 427630,
      "audioFile" : "fixture-medium.caf",
      "fixtureID" : "fixture-medium",
      "levels" : [
        {
          "distributions" : {
            "encodeMs" : {
              "max" : 0.010013580322265625,
              "min" : 0.003933906555175781,
              "p50" : 0.0050067901611328125,
              "p95" : 0.009202957153320312
            },
            "generationMs" : {
              "max" : 1258.3260536193848,
              "min" : 1057.2739839553833,
              "p50" : 1140.745997428894,
              "p95" : 1235.8662605285645
            },
            "pasteMs" : {
              "max" : 0.15294551849365234,
              "min" : 0.014066696166992188,
              "p50" : 0.0209808349609375,
              "p95" : 0.13515949249267578
            },
            "rewriteMs" : {
              "max" : 0,
              "min" : 0,
              "p50" : 0,
              "p95" : 0
            },
            "sttMs" : {
              "max" : 1258.3160400390625,
              "min" : 1057.2680234909058,
              "p50" : 1140.740990638733,
              "p95" : 1235.8574390411377
            },
            "totalStageMs" : {
              "max" : 1258.3401203155518,
              "min" : 1057.2949647903442,
              "p50" : 1140.7660245895386,
              "p95" : 1235.9081029891968
            }
          },
          "iterations" : 5,
          "level" : "raw",
          "providers" : {
            "sttMode" : "batch",
            "sttObserved" : [
              {
                "count" : 5,
                "model" : "scribe_v2",
                "provider" : "ElevenLabs"
              }
            ]
          }
        },
        {
          "distributions" : {
            "encodeMs" : {
              "max" : 0.0050067901611328125,
              "min" : 0.0029802322387695312,
              "p50" : 0.0040531158447265625,
              "p95" : 0.0050067901611328125
            },
            "generationMs" : {
              "max" : 1912.1772050857544,
              "min" : 1553.7869930267334,
              "p50" : 1735.6808185577393,
              "p95" : 1902.9061555862427
            },
            "pasteMs" : {
              "max" : 0.6250143051147461,
              "min" : 0.028014183044433594,
              "p50" : 0.07998943328857422,
              "p95" : 0.5448102951049805
            },
            "rewriteMs" : {
              "max" : 765.6810283660889,
              "min" : 487.9879951477051,
              "p50" : 688.3859634399414,
              "p95" : 752.9056072235107
            },
            "sttMs" : {
              "max" : 1177.4319410324097,
              "min" : 1033.8718891143799,