{
  "audioBytes" : 558044,
  "audioFile" : "2 fixtures",
  "commitSHA" : "f04b467b24848d50e1796455b6eb0a7ce993c3ce",
  "fixtureResults" : [
    {
      "audioBytes" : 130414,
      "audioFile" : "fixture-short.caf",
      "fixtureID" : "fixture-short",
      "levels" : [
        {
          "distributions" : {
            "encodeMs" : {
              "max" : 0,
              "min" : 0,
              "p50" : 0,
              "p95" : 0
            },
            "generationMs" : {
              "max" : 996.7149496078491,
              "min" : 560.2478981018066,
              "p50" : 594.406008720398,
              "p95" : 944.986367225647
            },
            "pasteMs" : {
              "max" : 0.054955482482910156,
              "min" : 0.012040138244628906,
              "p50" : 0.03600120544433594,
              "p95" : 0.05156993865966797
            },
            "rewriteMs" : {
              "max" : 0,
              "min" : 0,
              "p50" : 0,
              "p95" : 0
            },
            "sttMs" : {
              "max" : 996.7149496078491,
              "min" : 560.2478981018066,
              "p50" : 594.406008720398,
              "p95" : 944.986367225647
            },
            "totalStageMs" : {
              "max" : 996.7479705810547,
              "min" : 560.2859258651733,
              "p50" : 594.4420099258423,
              "p95" : 945.0151920318604
            }
          },
          "iterations" : 5,
          "level" : "raw",
          "providers" : {
            "sttMode" : "batch",
            "sttObserved" : [
              {
                "count" : 5,
                "model" : "scribe_v2",
                "provider" : "ElevenLabs"
              }
            ]
          }
        },
        {
          "distributions" : {
            "encodeMs" : {
              "max" : 0,
              "min" : 0,
              "p50" : 0,
              "p95" : 0
            },
            "generationMs" : {
              "max" : 1400.6129503250122,
              "min" : 884.2730522155762,
              "p50" : 948.4900236129761,
              "p95" : 1324.7613668441772
            },
            "pasteMs" : {
              "max" : 0.5509853363037109,
              "min" : 0.04494190216064453,
              "p50" : 0.1360177993774414,
              "p95" : 0.47578811645507807
            },
            "rewriteMs" : {
              "max" : 446.370005607605,
              "min" : 307.1390390396118,
              "p50" : 373.54302406311035,
              "p95" : 436.4434242248535
            },
            "sttMs" : {
              "max" : 1027.0699262619019,
              "min" : 551.7529249191284,
              "p50" : 574.9850273132324,
              "p95" : 937.0827436447144
            },
            "totalStageMs" : {
              "max" : 1400.7489681243896,
              "min" : 884.3179941177368,
              "p50" : 948.6219882965088,
              "p95" : 1324.9051809310913
            }
          },
          "iterations" : 5,
          "level" : "clean",
          "providers" : {
            "rewriteObserved" : [
              {
                "count" : 5,
                "model" : "google/gemini-2.5-flash-lite",
                "path" : "openrouter"
              }
            ],
            "sttMode" : "batch",
            "sttObserved" : [
              {
                "count" : 5,
                "model" : "scribe_v2",
                "provider" : "ElevenLabs"
              }
            ]
          }
        },
        {
          "distributions" : {
            "encodeMs" : {
              "max" : 0,
              "min" : 0,
              "p50" : 0,
              "p95" : 0
            },
            "generationMs" : {
              "max" : 1295.6489324569702,
              "min" : 966.088056564331,
              "p50" : 1124.2330074310303,
              "p95" : 1276.4107704162598
            },
            "pasteMs" : {
              "max" : 0.08404254913330078,
              "min" : 0.030994415283203125,
              "p50" : 0.04398822784423828,
              "p95" : 0.08342266082763672
            },
            "rewriteMs" : {
              "max" : 624.0980625152588,
              "min" : 399.39796924591064,
              "p50" : 473.6379384994507,
              "p95" : 609.2624425888062
            },
            "sttMs" : {
              "max" : 896.2509632110596,
              "min" : 543.7500476837158,
              "p50" : 574.3130445480347,
              "p95" : 832.0727825164795
            },
            "totalStageMs" : {
              "max" : 1295.6799268722534,
              "min" : 966.168999671936,
              "p50" : 1124.2769956588745,
              "p95" : 1276.452374458313
            }
          },
          "iterations" : 5,
          "level" : "polish",
          "providers" : {
            "rewriteObserved" : [
              {
                "count" : 5,
                "model" : "x-ai/grok-4.1-fast",
                "path" : "openrouter"
              }
            ],
            "sttMode" : "batch",
            "sttObserved" : [
              {
                "count" : 5,
                "model" : "scribe_v2",
                "provider" : "ElevenLabs"
              }
            ]
          }
        }
      ]
    },
    {
      "audioBytes" : 427630,
      "audioFile" : "fixture-medium.caf",
      "fixtureID" : "fixture-medium",
      "levels" : [
        {
          "distributions" : {
            "encodeMs" : {
              "max" : 29.186010360717773,
              "min" : 17.40097999572754,
              "p50" : 24.07705783843994,
              "p95" : 29.028010368347168
            },
            "generationMs" : {
              "max" : 1061.9240999221802,
              "min" : 977.599024772644,
              "p50" : 1017.4881219863892,
              "p95" : 1058.972692489624
            },
            "pasteMs" : {
              "max" : 0.07009506225585938,
              "min" : 0.015974044799804688,
              "p50" : 0.027060508728027344,
              "p95" : 0.06527900695800781
            },
            "rewriteMs" : {
              "max" : 0,
              "min" : 0,
              "p50" : 0,
              "p95" : 0
            },
            "sttMs" : {
              "max" : 1032.7380895614624,
              "min" : 960.1980447769165,
              "p50" : 999.1520643234253,
              "p95" : 1029.9446821212769
            },
            "totalStageMs" : {
              "max" : 1061.94007396698,
              "min" : 977.6260852813721,
              "p50" : 1017.5341367721558,
              "p95" : 1058.999490737915
            }
          },
          "iterations" : 5,
          "level" : "raw",
          "providers" : {
            "sttMode" : "batch",
            "sttObserved" : [
              {
                "count" : 5,
                "model" : "scribe_v2",
                "provider" : "ElevenLabs"
              }
            ]
          }
        },
        {
          "distributions" : {
            "encodeMs" : {
              "max" : 27.38499641418457,
              "min" : 18.36705207824707,
              "p50" : 21.862030029296875,
              "p95" : 27.15020179748535
            },
            "generationMs" : {
              "max" : 1926.190972328186,
              "min" : 1337.156057357788,
              "p50" : 1468.9359664916992,
              "p95" : 1859.413194656372
            },
            "pasteMs" : {
              "max" : 0.05805492401123047,
              "min" : 0.024080276489257812,
              "p50" : 0.049948692321777344,
              "p95" : 0.05784034729003906
            },
            "rewriteMs" : {
              "max" : 744.0659999847412,
              "min" : 312.1079206466675,
              "p50" : 457.3509693145752,
              "p95" : 705.3992033004761
            },
            "sttMs" : {
              "max" : 1160.262942314148,
              "min" : 973.1190204620361,