{
  "audioBytes" : 558044,
  "audioFile" : "2 fixtures",
  "commitSHA" : "7ae1e4388e520cd1c8108324587e1fca1c13e8b3",
  "fixtureResults" : [
    {
      "audioBytes" : 130414,
      "audioFile" : "fixture-short.caf",
      "fixtureID" : "fixture-short",
      "levels" : [
        {
          "distributions" : {
            "encodeMs" : {
              "max" : 0,
              "min" : 0,
              "p50" : 0,
              "p95" : 0
            },
            "generationMs" : {
              "max" : 111.0219955444336,
              "min" : 101.95696353912354,
              "p50" : 104.74097728729248,
              "p95" : 110.11159420013428
            },
            "pasteMs" : {
              "max" : 0.17309188842773438,
              "min" : 0.052094459533691406,
              "p50" : 0.07295608520507812,
              "p95" : 0.1602649688720703
            },
            "rewriteMs" : {
              "max" : 0,
              "min" : 0,
              "p50" : 0,
              "p95" : 0
            },
            "sttMs" : {
              "max" : 111.0219955444336,
              "min" : 101.95696353912354,
              "p50" : 104.74097728729248,
              "p95" : 110.11159420013428
            },
            "totalStageMs" : {
              "max" : 111.13095283508301,
              "min" : 102.00905799865723,
              "p50" : 104.81393337249756,
              "p95" : 110.21015644073486
            }
          },
          "iterations" : 5,
          "level" : "raw",
          "providers" : {
            "sttMode" : "mock",
            "sttObserved" : [
              {
                "count" : 5,
                "model" : "fixed-delay-v1",
                "provider" : "DeterministicSTT"
              }
            ]
          }
        },
        {
          "distributions" : {
            "encodeMs" : {
              "max" : 0,
              "min" : 0,
              "p50" : 0,
              "p95" : 0
            },
            "generationMs" : {
              "max" : 419.3859100341797,
              "min" : 208.93311500549316,
              "p50" : 217.04602241516113,
              "p95" : 382.0171117782593
            },
            "pasteMs" : {
              "max" : 0.225067138671875,
              "min" : 0.10800361633300781,
              "p50" : 0.15401840209960938,
              "p95" : 0.21827220916748047
            },
            "rewriteMs" : {
              "max" : 212.87691593170166,
              "min" : 103.61099243164062,
              "p50" : 111.76002025604248,
              "p95" : 202.59711742401123
            },
            "sttMs" : {
              "max" : 206.50899410247803,
              "min" : 71.06399536132812,
              "p50" : 105.28600215911865,
              "p95" : 186.66000366210938
            },
            "totalStageMs" : {
              "max" : 419.61097717285156,
              "min" : 209.04111862182617,
              "p50" : 217.20004081726074,
              "p95" : 382.23538398742676
            }
          },
          "iterations" : 5,
          "level" : "clean",
          "providers" : {
            "rewriteObserved" : [
              {
                "count" : 5,
                "model" : "gemini-2.5-flash-lite",
                "path" : "deterministic"
              }
            ],
            "sttMode" : "mock",
            "sttObserved" : [
              {
                "count" : 5,
                "model" : "fixed-delay-v1",
                "provider" : "DeterministicSTT"
              }
            ]
          }
        },
        {
          "distributions" : {
            "encodeMs" : {
              "max" : 0,
              "min" : 0,
              "p50" : 0,
              "p95" : 0
            },
            "generationMs" : {
              "max" : 442.141056060791,
              "min" : 237.75792121887207,
              "p50" : 331.97498321533203,
              "p95" : 438.8258218765259
            },
            "pasteMs" : {
              "max" : 0.05996227264404297,
              "min" : 0.04506111145019531,
              "p50" : 0.054001808166503906,
              "p95" : 0.05936622619628906
            },
            "rewriteMs" : {
              "max" : 269.1829204559326,
              "min" : 161.58998012542725,
              "p50" : 248.2450008392334,
              "p95" : 267.10214614868164
            },
            "sttMs" : {
              "max" : 195.02103328704834,
              "min" : 63.014984130859375,
              "p50" : 83.72998237609863,
              "p95" : 187.29321956634521
            },
            "totalStageMs" : {
              "max" : 442.1980381011963,
              "min" : 237.81192302703857,
              "p50" : 332.0349454879761,
              "p95" : 438.88041973114014
            }
          },
          "iterations" : 5,
          "level" : "polish",
          "providers" : {
            "rewriteObserved" : [
              {
                "count" : 5,
                "model" : "x-ai/grok-4.1-fast",
                "path" : "deterministic"
              }
            ],
            "sttMode" : "mock",
            "sttObserved" : [
              {
                "count" : 5,
                "model" : "fixed-delay-v1",
                "provider" : "DeterministicSTT"
              }
            ]
          }
        }
      ]
    },
    {
      "audioBytes" : 427630,
      "audioFile" : "fixture-medium.caf",
      "fixtureID" : "fixture-medium",
      "levels" : [
        {
          "distributions" : {
            "encodeMs" : {
              "max" : 0,
              "min" : 0,
              "p50" : 0,
              "p95" : 0
            },
            "generationMs" : {
              "max" : 215.27695655822754,
              "min" : 66.23196601867676,
              "p50" : 136.25800609588623,
              "p95" : 213.49177360534668
            },
            "pasteMs" : {
              "max" : 0.1100301742553711,
              "min" : 0.0749826431274414,
              "p50" : 0.0820159912109375,
              "p95" : 0.10521411895751953
            },
            "rewriteMs" : {
              "max" : 0,
              "min" : 0,
              "p50" : 0,
              "p95" : 0
            },
            "sttMs" : {
              "max" : 215.27695655822754,
              "min" : 66.23196601867676,
              "p50" : 136.25800609588623,
              "p95" : 213.49177360534668
            },
            "totalStageMs" : {
              "max" : 215.36290645599365,
              "min" : 66.3069486618042,
              "p50" : 136.3379955291748,
              "p95" : 213.58253955841064
            }
          },
          "iterations" : 5,
          "level" : "raw",
          "providers" : {
            "sttMode" : "mock",
            "sttObserved" : [
              {
                "count" : 5,
                "model" : "fixed-delay-v1",
                "provider" : "DeterministicSTT"
              }
            ]
          }
        },
        {
          "distributions" : {
            "encodeMs" : {
              "max" : 0,
              "min" : 0,
              "p50" : 0,
              "p95" : 0
            },
            "generationMs" : {
              "max" : 456.8439722061157,
              "min" : 218.42694282531738,
              "p50" : 298.99299144744873,
              "p95" : 448.67138862609863
            },
            "pasteMs" : {
              "max" : 0.15294551849365234,
              "min" : 0.04696846008300781,
              "p50" : 0.08308887481689453,
              "p95" : 0.14276504516601562
            },
            "rewriteMs" : {
              "max" : 239.92407321929932,
              "min" : 156.08501434326172,
              "p50" : 222.5949764251709,
              "p95" : 239.15605545043945
            },
            "sttMs" : {
              "max" : 220.75998783111572,
              "min" : 60.812950134277344,
              "p50" : 76.39801502227783,