{
  "audioBytes" : 558044,
  "audioFile" : "2 fixtures",
  "commitSHA" : "7ae1e4388e520cd1c8108324587e1fca1c13e8b3",
  "fixtureResults" : [
    {
      "audioBytes" : 130414,
      "audioFile" : "fixture-short.caf",
      "fixtureID" : "fixture-short",
      "levels" : [
        {
          "distributions" : {
            "encodeMs" : {
              "max" : 0,
              "min" : 0,
              "p50" : 0,
              "p95" : 0
            },
            "generationMs" : {
              "max" : 1033.8820219039917,
              "min" : 587.501049041748,
              "p50" : 617.2810792922974,
              "p95" : 950.9486198425293
            },
            "pasteMs" : {
              "max" : 0.10597705841064453,
              "min" : 0.008940696716308594,
              "p50" : 0.08392333984375,
              "p95" : 0.10178089141845703
            },
            "rewriteMs" : {
              "max" : 0,
              "min" : 0,
              "p50" : 0,
              "p95" : 0
            },
            "sttMs" : {
              "max" : 1033.8820219039917,
              "min" : 587.501049041748,
              "p50" : 617.2810792922974,
              "p95" : 950.9486198425293
            },
            "totalStageMs" : {
              "max" : 1033.9659452438354,
              "min" : 587.5409841537476,
              "p50" : 617.3660755157471,
              "p95" : 951.0369539260864
            }
          },
          "iterations" : 5,
          "level" : "raw",
          "providers" : {
            "sttMode" : "batch",
            "sttObserved" : [
              {
                "count" : 5,
                "model" : "scribe_v2",
                "provider" : "ElevenLabs"
              }
            ]
          }
        },
        {
          "distributions" : {
            "encodeMs" : {
              "max" : 0,
              "min" : 0,
              "p50" : 0,
              "p95" : 0
            },
            "generationMs" : {
              "max" : 1484.4290018081665,
              "min" : 1263.7768983840942,
              "p50" : 1405.900001525879,
              "p95" : 1479.0890216827393
            },
            "pasteMs" : {
              "max" : 0.15103816986083984,
              "min" : 0.09703636169433594,
              "p50" : 0.10800361633300781,
              "p95" : 0.14603137969970703
            },
            "rewriteMs" : {
              "max" : 437.0180368423462,
              "min" : 340.69204330444336,
              "p50" : 409.0609550476074,
              "p95" : 433.49363803863525
            },
            "sttMs" : {
              "max" : 1047.4109649658203,
              "min" : 854.7159433364868,
              "p50" : 1018.339991569519,
              "p95" : 1045.595383644104
            },
            "totalStageMs" : {
              "max" : 1484.5330715179443,
              "min" : 1263.927936553955,
              "p50" : 1406.026005744934,
              "p95" : 1479.1938781738281
            }
          },
          "iterations" : 5,
          "level" : "clean",
          "providers" : {
            "rewriteObserved" : [
              {
                "count" : 5,
                "model" : "google/gemini-2.5-flash-lite",
                "path" : "openrouter"
              }
            ],
            "sttMode" : "batch",
            "sttObserved" : [
              {
                "count" : 5,
                "model" : "scribe_v2",
                "provider" : "ElevenLabs"
              }
            ]
          }
        },
        {
          "distributions" : {
            "encodeMs" : {
              "max" : 0,
              "min" : 0,
              "p50" : 0,
              "p95" : 0
            },
            "generationMs" : {
              "max" : 1419.5458889007568,
              "min" : 988.9849424362183,
              "p50" : 1004.4529438018799,
              "p95" : 1347.5391149520874
            },
            "pasteMs" : {
              "max" : 0.14197826385498047,
              "min" : 0.024080276489257812,
              "p50" : 0.07998943328857422,
              "p95" : 0.13437271118164062
            },
            "rewriteMs" : {
              "max" : 818.6659812927246,
              "min" : 342.46599674224854,
              "p50" : 386.64400577545166,
              "p95" : 736.6013765335083
            },
            "sttMs" : {
              "max" : 653.3219814300537,
              "min" : 600.8799076080322,
              "p50" : 622.0979690551758,
              "p95" : 652.8913974761963
            },
            "totalStageMs" : {
              "max" : 1419.6878671646118,
              "min" : 989.0369176864624,
              "p50" : 1004.5329332351685,
              "p95" : 1347.6575136184692
            }
          },
          "iterations" : 5,
          "level" : "polish",
          "providers" : {
            "rewriteObserved" : [
              {
                "count" : 5,
                "model" : "x-ai/grok-4.1-fast",
                "path" : "openrouter"
              }
            ],
            "sttMode" : "batch",
            "sttObserved" : [
              {
                "count" : 5,
                "model" : "scribe_v2",
                "provider" : "ElevenLabs"
              }
            ]
          }
        }
      ]
    },
    {
      "audioBytes" : 427630,
      "audioFile" : "fixture-medium.caf",
      "fixtureID" : "fixture-medium",
      "levels" : [
        {
          "distributions" : {
            "encodeMs" : {
              "max" : 52.68990993499756,
              "min" : 19.234895706176758,
              "p50" : 32.19401836395264,
              "p95" : 52.20973491668701
            },
            "generationMs" : {
              "max" : 1167.9550409317017,
              "min" : 1104.9989461898804,
              "p50" : 1139.4020318984985,
              "p95" : 1166.5704488754272
            },
            "pasteMs" : {
              "max" : 0.2040863037109375,
              "min" : 0.028014183044433594,
              "p50" : 0.08594989776611328,
              "p95" : 0.2010822296142578
            },
            "rewriteMs" : {
              "max" : 0,
              "min" : 0,
              "p50" : 0,
              "p95" : 0
            },
            "sttMs" : {
              "max" : 1140.7010555267334,
              "min" : 1058.4089756011963,
              "p50" : 1107.208013534546,
              "p95" : 1136.094045639038
            },
            "totalStageMs" : {
              "max" : 1168.0270433425903,
              "min" : 1105.0848960876465,
              "p50" : 1139.430046081543,
              "p95" : 1166.6688680648804
            }
          },
          "iterations" : 5,
          "level" : "raw",
          "providers" : {
            "sttMode" : "batch",
            "sttObserved" : [
              {
                "count" : 5,
                "model" : "scribe_v2",
                "provider" : "ElevenLabs"
              }
            ]
          }
        },
        {
          "distributions" : {
            "encodeMs" : {
              "max" : 50.88794231414795,
              "min" : 17.184019088745117,
              "p50" : 46.80991172790527,
              "p95" : 50.464749336242676
            },
            "generationMs" : {
              "max" : 2060.07719039917,
              "min" : 1557.3688745498657,
              "p50" : 1735.3649139404297,
              "p95" : 2037.7341747283936
            },
            "pasteMs" : {
              "max" : 0.14793872833251953,
              "min" : 0.048041343688964844,
              "p50" : 0.13208389282226562,
              "p95" : 0.1459360122680664
            },
            "rewriteMs" : {
              "max" : 489.3679618835449,
              "min" : 298.0809211730957,
              "p50" : 432.29901790618896,
              "p95" : 480.8175802230835
            },
            "sttMs" : {
              "max" : 1628.7320852279663,
              "min" : 1074.1819143295288,