{
  "audioBytes" : 558044,
  "audioFile" : "2 fixtures",
  "commitSHA" : "c5bba4a7a470b59e3154998b4fb949e55735bf70",
  "fixtureResults" : [
    {
      "audioBytes" : 130414,
      "audioFile" : "fixture-short.caf",
      "fixtureID" : "fixture-short",
      "levels" : [
        {
          "distributions" : {
            "encodeMs" : {
              "max" : 0,
              "min" : 0,
              "p50" : 0,
              "p95" : 0
            },
            "generationMs" : {
              "max" : 953.6759853363037,
              "min" : 531.3730239868164,
              "p50" : 587.9700183868408,
              "p95" : 910.2247953414917
            },
            "pasteMs" : {
              "max" : 0.41103363037109375,
              "min" : 0.01895427703857422,
              "p50" : 0.025987625122070312,
              "p95" : 0.35083293914794916
            },
            "rewriteMs" : {
              "max" : 0,
              "min" : 0,
              "p50" : 0,
              "p95" : 0
            },
            "sttMs" : {
              "max" : 953.6759853363037,
              "min" : 531.3730239868164,
              "p50" : 587.9700183868408,
              "p95" : 910.2247953414917
            },
            "totalStageMs" : {
              "max" : 953.7860155105591,
              "min" : 531.3929319381714,
              "p50" : 587.9960060119629,
              "p95" : 910.3166103363037
            }
          },
          "iterations" : 5,
          "level" : "raw",
          "providers" : {
            "sttMode" : "batch",
            "sttObserved" : [
              {
                "count" : 5,
                "model" : "scribe_v2",
                "provider" : "ElevenLabs"
              }
            ]
          }
        },
        {
          "distributions" : {
            "encodeMs" : {
              "max" : 0,
              "min" : 0,
              "p50" : 0,
              "p95" : 0
            },
            "generationMs" : {
              "max" : 1428.0109405517578,
              "min" : 874.3330240249634,
              "p50" : 949.8780965805054,
              "p95" : 1394.3849563598633
            },
            "pasteMs" : {
              "max" : 0.46896934509277344,
              "min" : 0.03600120544433594,
              "p50" : 0.10406970977783203,
              "p95" : 0.40178298950195307
            },
            "rewriteMs" : {
              "max" : 357.9219579696655,
              "min" : 304.87895011901855,
              "p50" : 343.31798553466797,
              "p95" : 357.4469804763794
            },
            "sttMs" : {
              "max" : 1070.0889825820923,
              "min" : 563.615083694458,
              "p50" : 594.3310260772705,
              "p95" : 1039.3837928771973
            },
            "totalStageMs" : {
              "max" : 1428.1439781188965,
              "min" : 874.3690252304077,
              "p50" : 950.3470659255981,
              "p95" : 1394.5122003555298
            }
          },
          "iterations" : 5,
          "level" : "clean",
          "providers" : {
            "rewriteObserved" : [
              {
                "count" : 5,
                "model" : "google/gemini-2.5-flash-lite",
                "path" : "openrouter"
              }
            ],
            "sttMode" : "batch",
            "sttObserved" : [
              {
                "count" : 5,
                "model" : "scribe_v2",
                "provider" : "ElevenLabs"
              }
            ]
          }
        },
        {
          "distributions" : {
            "encodeMs" : {
              "max" : 0,
              "min" : 0,
              "p50" : 0,
              "p95" : 0
            },
            "generationMs" : {
              "max" : 1754.1319131851196,
              "min" : 915.9449338912964,
              "p50" : 1260.9130144119263,
              "p95" : 1666.2403345108032
            },
            "pasteMs" : {
              "max" : 0.09906291961669922,
              "min" : 0.04208087921142578,
              "p50" : 0.06604194641113281,
              "p95" : 0.09524822235107422
            },
            "rewriteMs" : {
              "max" : 763.6148929595947,
              "min" : 348.6229181289673,
              "p50" : 388.46302032470703,
              "p95" : 748.7237215042114
            },
            "sttMs" : {
              "max" : 990.5170202255249,
              "min" : 567.3220157623291,
              "p50" : 625.5149841308594,
              "p95" : 966.9036149978638
            },
            "totalStageMs" : {
              "max" : 1754.1979551315308,
              "min" : 915.9870147705078,
              "p50" : 1260.9930038452148,
              "p95" : 1666.3017749786377
            }
          },
          "iterations" : 5,
          "level" : "polish",
          "providers" : {
            "rewriteObserved" : [
              {
                "count" : 5,
                "model" : "x-ai/grok-4.1-fast",
                "path" : "openrouter"
              }
            ],
            "sttMode" : "batch",
            "sttObserved" : [
              {
                "count" : 5,
                "model" : "scribe_v2",
                "provider" : "ElevenLabs"
              }
            ]
          }
        }
      ]
    },
    {
      "audioBytes" : 427630,
      "audioFile" : "fixture-medium.caf",
      "fixtureID" : "fixture-medium",
      "levels" : [
        {
          "distributions" : {
            "encodeMs" : {
              "max" : 34.70408916473389,
              "min" : 22.915959358215332,
              "p50" : 30.68101406097412,
              "p95" : 34.20765399932861
            },
            "generationMs" : {
              "max" : 1532.2070121765137,
              "min" : 993.664026260376,
              "p50" : 1047.0850467681885,
              "p95" : 1470.8460092544556
            },
            "pasteMs" : {
              "max" : 0.14197826385498047,
              "min" : 0.02002716064453125,
              "p50" : 0.03898143768310547,
              "p95" : 0.12497901916503905
            },
            "rewriteMs" : {
              "max" : 0,
              "min" : 0,
              "p50" : 0,
              "p95" : 0
            },
            "sttMs" : {
              "max" : 1503.3559799194336,
              "min" : 962.9830121994019,
              "p50" : 1012.3809576034546,
              "p95" : 1443.1819915771484
            },
            "totalStageMs" : {
              "max" : 1532.3489904403687,
              "min" : 993.7030076980591,
              "p50" : 1047.1171140670776,
              "p95" : 1470.9709882736206
            }
          },
          "iterations" : 5,
          "level" : "raw",
          "providers" : {
            "sttMode" : "batch",
            "sttObserved" : [
              {
                "count" : 5,
                "model" : "scribe_v2",
                "provider" : "ElevenLabs"
              }
            ]
          }
        },
        {
          "distributions" : {
            "encodeMs" : {
              "max" : 78.65405082702637,
              "min" : 21.490931510925293,
              "p50" : 28.82397174835205,
              "p95" : 72.8478193283081
            },
            "generationMs" : {
              "max" : 1766.8288946151733,
              "min" : 1477.0680665969849,
              "p50" : 1641.2920951843262,
              "p95" : 1746.7961072921753
            },
            "pasteMs" : {
              "max" : 0.14102458953857422,
              "min" : 0.031113624572753906,
              "p50" : 0.07700920104980469,
              "p95" : 0.1300334930419922
            },
            "rewriteMs" : {
              "max" : 622.465968132019,
              "min" : 362.95199394226074,
              "p50" : 436.3429546356201,
              "p95" : 591.9275760650635
            },
            "sttMs" : {
              "max" : 1255.2860975265503,
              "min" : 972.7170467376709,