{
  "audioBytes" : 558044,
  "audioFile" : "2 fixtures",
  "commitSHA" : "c5bba4a7a470b59e3154998b4fb949e55735bf70",
  "fixtureResults" : [
    {
      "audioBytes" : 130414,
      "audioFile" : "fixture-short.caf",
      "fixtureID" : "fixture-short",
      "levels" : [
        {
          "distributions" : {
            "encodeMs" : {
              "max" : 0,
              "min" : 0,
              "p50" : 0,
              "p95" : 0
            },
            "generationMs" : {
              "max" : 113.99495601654053,
              "min" : 62.33799457550049,
              "p50" : 85.27493476867676,
              "p95" : 112.26615905761719
            },
            "pasteMs" : {
              "max" : 0.05996227264404297,
              "min" : 0.02300739288330078,
              "p50" : 0.03802776336669922,
              "p95" : 0.05679130554199219
            },
            "rewriteMs" : {
              "max" : 0,
              "min" : 0,
              "p50" : 0,
              "p95" : 0
            },
            "sttMs" : {
              "max" : 113.99495601654053,
              "min" : 62.33799457550049,
              "p50" : 85.27493476867676,
              "p95" : 112.26615905761719
            },
            "totalStageMs" : {
              "max" : 114.05491828918457,
              "min" : 62.37602233886719,
              "p50" : 85.30890941619873,
              "p95" : 112.31873035430908
            }
          },
          "iterations" : 5,
          "level" : "raw",
          "providers" : {
            "sttMode" : "mock",
            "sttObserved" : [
              {
                "count" : 5,
                "model" : "fixed-delay-v1",
                "provider" : "DeterministicSTT"
              }
            ]
          }
        },
        {
          "distributions" : {
            "encodeMs" : {
              "max" : 0,
              "min" : 0,
              "p50" : 0,
              "p95" : 0
            },
            "generationMs" : {
              "max" : 194.5120096206665,
              "min" : 178.23994159698486,
              "p50" : 185.60504913330078,
              "p95" : 193.43538284301758
            },
            "pasteMs" : {
              "max" : 0.10693073272705078,
              "min" : 0.04398822784423828,
              "p50" : 0.054955482482910156,
              "p95" : 0.09913444519042969
            },
            "rewriteMs" : {
              "max" : 115.94104766845703,
              "min" : 101.26698017120361,
              "p50" : 110.88597774505615,
              "p95" : 115.81265926361084
            },
            "sttMs" : {
              "max" : 87.86189556121826,
              "min" : 69.66400146484375,
              "p50" : 76.20596885681152,
              "p95" : 87.01472282409668
            },
            "totalStageMs" : {
              "max" : 194.61894035339355,
              "min" : 178.2839298248291,
              "p50" : 185.6600046157837,
              "p95" : 193.53091716766357
            }
          },
          "iterations" : 5,
          "level" : "clean",
          "providers" : {
            "rewriteObserved" : [
              {
                "count" : 5,
                "model" : "gemini-2.5-flash-lite",
                "path" : "deterministic"
              }
            ],
            "sttMode" : "mock",
            "sttObserved" : [
              {
                "count" : 5,
                "model" : "fixed-delay-v1",
                "provider" : "DeterministicSTT"
              }
            ]
          }
        },
        {
          "distributions" : {
            "encodeMs" : {
              "max" : 0,
              "min" : 0,
              "p50" : 0,
              "p95" : 0
            },
            "generationMs" : {
              "max" : 266.90006256103516,
              "min" : 230.8349609375,
              "p50" : 241.62495136260986,
              "p95" : 263.2930517196655
            },
            "pasteMs" : {
              "max" : 0.20194053649902344,
              "min" : 0.04601478576660156,
              "p50" : 0.051021575927734375,
              "p95" : 0.17855167388916016
            },
            "rewriteMs" : {
              "max" : 176.69999599456787,
              "min" : 160.80904006958008,
              "p50" : 171.6599464416504,
              "p95" : 175.79917907714844
            },
            "sttMs" : {
              "max" : 90.20006656646729,
              "min" : 61.065077781677246,
              "p50" : 69.96500492095947,
              "p95" : 89.77124691009521
            },
            "totalStageMs" : {
              "max" : 266.94607734680176,
              "min" : 230.88598251342773,
              "p50" : 241.70994758605957,
              "p95" : 263.3392572402954
            }
          },
          "iterations" : 5,
          "level" : "polish",
          "providers" : {
            "rewriteObserved" : [
              {
                "count" : 5,
                "model" : "x-ai/grok-4.1-fast",
                "path" : "deterministic"
              }
            ],
            "sttMode" : "mock",
            "sttObserved" : [
              {
                "count" : 5,
                "model" : "fixed-delay-v1",
                "provider" : "DeterministicSTT"
              }
            ]
          }
        }
      ]
    },
    {
      "audioBytes" : 427630,
      "audioFile" : "fixture-medium.caf",
      "fixtureID" : "fixture-medium",
      "levels" : [
        {
          "distributions" : {
            "encodeMs" : {
              "max" : 0,
              "min" : 0,
              "p50" : 0,
              "p95" : 0
            },
            "generationMs" : {
              "max" : 119.12393569946289,
              "min" : 89.20407295227051,
              "p50" : 96.24099731445312,
              "p95" : 114.6693468093872
            },
            "pasteMs" : {
              "max" : 0.048041343688964844,
              "min" : 0.0209808349609375,
              "p50" : 0.028967857360839844,
              "p95" : 0.04582405090332031
            },
            "rewriteMs" : {
              "max" : 0,
              "min" : 0,
              "p50" : 0,
              "p95" : 0
            },
            "sttMs" : {
              "max" : 119.12393569946289,
              "min" : 89.20407295227051,
              "p50" : 96.24099731445312,
              "p95" : 114.6693468093872
            },
            "totalStageMs" : {
              "max" : 119.15290355682373,
              "min" : 89.22708034515381,
              "p50" : 96.26197814941406,
              "p95" : 114.69991207122803
            }
          },
          "iterations" : 5,
          "level" : "raw",
          "providers" : {
            "sttMode" : "mock",
            "sttObserved" : [
              {
                "count" : 5,
                "model" : "fixed-delay-v1",
                "provider" : "DeterministicSTT"
              }
            ]
          }
        },
        {
          "distributions" : {
            "encodeMs" : {
              "max" : 0,
              "min" : 0,
              "p50" : 0,
              "p95" : 0
            },
            "generationMs" : {
              "max" : 230.41093349456787,
              "min" : 163.8960838317871,
              "p50" : 201.92301273345947,
              "p95" : 225.64313411712646
            },
            "pasteMs" : {
              "max" : 0.15795230865478516,
              "min" : 0.05507469177246094,
              "p50" : 0.09202957153320312,
              "p95" : 0.14815330505371094
            },
            "rewriteMs" : {
              "max" : 164.17396068572998,
              "min" : 102.0500659942627,
              "p50" : 121.1479902267456,
              "p95" : 158.6221694946289
            },
            "sttMs" : {
              "max" : 85.95895767211914,
              "min" : 61.846017837524414,
              "p50" : 66.23697280883789,
              "p95" : 84.92217063903809
            },