{
  "audioBytes" : 558044,
  "audioFile" : "2 fixtures",
  "commitSHA" : "4efe5322f585af1263da13b7b6b052af67394791",
  "fixtureResults" : [
    {
      "audioBytes" : 130414,
      "audioFile" : "fixture-short.caf",
      "fixtureID" : "fixture-short",
      "levels" : [
        {
          "distributions" : {
            "encodeMs" : {
              "max" : 0,
              "min" : 0,
              "p50" : 0,
              "p95" : 0
            },
            "generationMs" : {
              "max" : 644.821047782898,
              "min" : 573.2109546661377,
              "p50" : 599.4130373001099,
              "p95" : 642.0316457748413
            },
            "pasteMs" : {
              "max" : 0.09906291961669922,
              "min" : 0.008940696716308594,
              "p50" : 0.024080276489257812,
              "p95" : 0.08544921874999999
            },
            "rewriteMs" : {
              "max" : 0,
              "min" : 0,
              "p50" : 0,
              "p95" : 0
            },
            "sttMs" : {
              "max" : 644.821047782898,
              "min" : 573.2109546661377,
              "p50" : 599.4130373001099,
              "p95" : 642.0316457748413
            },
            "totalStageMs" : {
              "max" : 644.8451280593872,
              "min" : 573.2419490814209,
              "p50" : 599.5121002197266,
              "p95" : 642.0531034469604
            }
          },
          "iterations" : 5,
          "level" : "raw",
          "providers" : {
            "sttMode" : "batch",
            "sttObserved" : [
              {
                "count" : 5,
                "model" : "scribe_v2",
                "provider" : "ElevenLabs"
              }
            ]
          }
        },
        {
          "distributions" : {
            "encodeMs" : {
              "max" : 0,
              "min" : 0,
              "p50" : 0,
              "p95" : 0
            },
            "generationMs" : {
              "max" : 1000.7710456848145,
              "min" : 886.1759901046753,
              "p50" : 945.3849792480469,
              "p95" : 992.2250270843506
            },
            "pasteMs" : {
              "max" : 0.15091896057128906,
              "min" : 0.02396106719970703,
              "p50" : 0.03802776336669922,
              "p95" : 0.14052391052246094
            },
            "rewriteMs" : {
              "max" : 395.97201347351074,
              "min" : 310.1409673690796,
              "p50" : 350.4819869995117,
              "p95" : 389.14101123809814
            },
            "sttMs" : {
              "max" : 607.5589656829834,
              "min" : 574.3600130081177,
              "p50" : 583.5679769515991,
              "p95" : 607.0069789886475
            },
            "totalStageMs" : {
              "max" : 1000.7950067520142,
              "min" : 886.3269090652466,
              "p50" : 945.4230070114136,
              "p95" : 992.2510147094727
            }
          },
          "iterations" : 5,
          "level" : "clean",
          "providers" : {
            "rewriteObserved" : [
              {
                "count" : 5,
                "model" : "google/gemini-2.5-flash-lite",
                "path" : "openrouter"
              }
            ],
            "sttMode" : "batch",
            "sttObserved" : [
              {
                "count" : 5,
                "model" : "scribe_v2",
                "provider" : "ElevenLabs"
              }
            ]
          }
        },
        {
          "distributions" : {
            "encodeMs" : {
              "max" : 0,
              "min" : 0,
              "p50" : 0,
              "p95" : 0
            },
            "generationMs" : {
              "max" : 2188.8179779052734,
              "min" : 1067.4320459365845,
              "p50" : 1127.616047859192,
              "p95" : 2012.279772758484
            },
            "pasteMs" : {
              "max" : 0.10800361633300781,
              "min" : 0.02491474151611328,
              "p50" : 0.0820159912109375,
              "p95" : 0.10640621185302734
            },
            "rewriteMs" : {
              "max" : 1612.146019935608,
              "min" : 484.7710132598877,
              "p50" : 531.0139656066895,
              "p95" : 1441.9556140899658
            },
            "sttMs" : {
              "max" : 596.6020822525024,
              "min" : 544.9329614639282,
              "p50" : 582.6610326766968,
              "p95" : 595.321249961853
            },
            "totalStageMs" : {
              "max" : 2188.8999938964844,
              "min" : 1067.4569606781006,
              "p50" : 1127.6700496673584,
              "p95" : 2012.3653888702393
            }
          },
          "iterations" : 5,
          "level" : "polish",
          "providers" : {
            "rewriteObserved" : [
              {
                "count" : 5,
                "model" : "x-ai/grok-4.1-fast",
                "path" : "openrouter"
              }
            ],
            "sttMode" : "batch",
            "sttObserved" : [
              {
                "count" : 5,
                "model" : "scribe_v2",
                "provider" : "ElevenLabs"
              }
            ]
          }
        }
      ]
    },
    {
      "audioBytes" : 427630,
      "audioFile" : "fixture-medium.caf",
      "fixtureID" : "fixture-medium",
      "levels" : [
        {
          "distributions" : {
            "encodeMs" : {
              "max" : 50.87101459503174,
              "min" : 17.09902286529541,
              "p50" : 31.875967979431152,
              "p95" : 50.05381107330322
            },
            "generationMs" : {
              "max" : 1387.7179622650146,
              "min" : 972.9570150375366,
              "p50" : 1094.696044921875,
              "p95" : 1355.9403657913208
            },
            "pasteMs" : {
              "max" : 0.1499652862548828,
              "min" : 0.009059906005859375,
              "p50" : 0.06198883056640625,
              "p95" : 0.13935565948486328
            },
            "rewriteMs" : {
              "max" : 0,
              "min" : 0,
              "p50" : 0,
              "p95" : 0
            },
            "sttMs" : {
              "max" : 1355.8419942855835,
              "min" : 922.0860004425049,
              "p50" : 1077.5970220565796,
              "p95" : 1321.082592010498
            },
            "totalStageMs" : {
              "max" : 1387.7270221710205,
              "min" : 972.9969501495361,
              "p50" : 1094.7580337524414,
              "p95" : 1355.9776067733765
            }
          },
          "iterations" : 5,
          "level" : "raw",
          "providers" : {
            "sttMode" : "batch",
            "sttObserved" : [
              {
                "count" : 5,
                "model" : "scribe_v2",
                "provider" : "ElevenLabs"
              }
            ]
          }
        },
        {
          "distributions" : {
            "encodeMs" : {
              "max" : 36.50200366973877,
              "min" : 16.16799831390381,
              "p50" : 17.486095428466797,
              "p95" : 35.46619415283203
            },
            "generationMs" : {
              "max" : 1564.417004585266,
              "min" : 1422.8971004486084,
              "p50" : 1550.3571033477783,
              "p95" : 1563.7458086013794
            },
            "pasteMs" : {
              "max" : 0.10609626770019531,
              "min" : 0.02300739288330078,
              "p50" : 0.05602836608886719,
              "p95" : 0.10607242584228516
            },
            "rewriteMs" : {
              "max" : 461.01903915405273,
              "min" : 363.7700080871582,
              "p50" : 384.67204570770264,
              "p95" : 459.82563495635986
            },
            "sttMs" : {
              "max" : 1180.25803565979,
              "min" : 1019.629955291748,