{
  "audioBytes" : 558044,
  "audioFile" : "2 fixtures",
  "commitSHA" : "e471342245cc94cb5092c029799f0f31babc8eb9",
  "fixtureResults" : [
    {
      "audioBytes" : 130414,
      "audioFile" : "fixture-short.caf",
      "fixtureID" : "fixture-short",
      "levels" : [
        {
          "distributions" : {
            "encodeMs" : {
              "max" : 0,
              "min" : 0,
              "p50" : 0,
              "p95" : 0
            },
            "generationMs" : {
              "max" : 655.6789875030518,
              "min" : 587.0920419692993,
              "p50" : 597.4899530410767,
              "p95" : 647.1113920211792
            },
            "pasteMs" : {
              "max" : 0.14507770538330078,
              "min" : 0.01895427703857422,
              "p50" : 0.07593631744384766,
              "p95" : 0.13484954833984375
            },
            "rewriteMs" : {
              "max" : 0,
              "min" : 0,
              "p50" : 0,
              "p95" : 0
            },
            "sttMs" : {
              "max" : 655.6789875030518,
              "min" : 587.0920419692993,
              "p50" : 597.4899530410767,
              "p95" : 647.1113920211792
            },
            "totalStageMs" : {
              "max" : 655.7729244232178,
              "min" : 587.1109962463379,
              "p50" : 597.5658893585205,
              "p95" : 647.2155570983887
            }
          },
          "iterations" : 5,
          "level" : "raw",
          "providers" : {
            "sttMode" : "batch",
            "sttObserved" : [
              {
                "count" : 5,
                "model" : "scribe_v2",
                "provider" : "ElevenLabs"
              }
            ]
          }
        },
        {
          "distributions" : {
            "encodeMs" : {
              "max" : 0,
              "min" : 0,
              "p50" : 0,
              "p95" : 0
            },
            "generationMs" : {
              "max" : 1405.7170152664185,
              "min" : 969.2249298095703,
              "p50" : 1091.4698839187622,
              "p95" : 1390.053391456604
            },
            "pasteMs" : {
              "max" : 0.1819133758544922,
              "min" : 0.02002716064453125,
              "p50" : 0.1800060272216797,
              "p95" : 0.18172264099121094
            },
            "rewriteMs" : {
              "max" : 595.5629348754883,
              "min" : 357.4860095977783,
              "p50" : 438.2760524749756,
              "p95" : 574.8743295669556
            },
            "sttMs" : {
              "max" : 967.4409627914429,
              "min" : 599.3499755859375,
              "p50" : 611.738920211792,
              "p95" : 920.3199625015259
            },
            "totalStageMs" : {
              "max" : 1405.898928642273,
              "min" : 969.2808389663696,
              "p50" : 1091.6508436203003,
              "p95" : 1390.234923362732
            }
          },
          "iterations" : 5,
          "level" : "clean",
          "providers" : {
            "rewriteObserved" : [
              {
                "count" : 5,
                "model" : "google/gemini-2.5-flash-lite",
                "path" : "openrouter"
              }
            ],
            "sttMode" : "batch",
            "sttObserved" : [
              {
                "count" : 5,
                "model" : "scribe_v2",
                "provider" : "ElevenLabs"
              }
            ]
          }
        },
        {
          "distributions" : {
            "encodeMs" : {
              "max" : 0,
              "min" : 0,
              "p50" : 0,
              "p95" : 0
            },
            "generationMs" : {
              "max" : 1471.7378616333008,
              "min" : 1056.9180250167847,
              "p50" : 1152.9169082641602,
              "p95" : 1412.7858877182007
            },
            "pasteMs" : {
              "max" : 0.13399124145507812,
              "min" : 0.054001808166503906,
              "p50" : 0.07605552673339844,
              "p95" : 0.13380050659179688
            },
            "rewriteMs" : {
              "max" : 563.7999773025513,
              "min" : 446.6320276260376,
              "p50" : 493.8828945159912,
              "p95" : 557.2361707687378
            },
            "sttMs" : {
              "max" : 977.8549671173096,
              "min" : 602.9350757598877,
              "p50" : 613.178014755249,
              "p95" : 919.6757555007935
            },
            "totalStageMs" : {
              "max" : 1471.8708992004395,
              "min" : 1056.994080543518,
              "p50" : 1152.9709100723267,
              "p95" : 1412.9191160202026
            }
          },
          "iterations" : 5,
          "level" : "polish",
          "providers" : {
            "rewriteObserved" : [
              {
                "count" : 5,
                "model" : "x-ai/grok-4.1-fast",
                "path" : "openrouter"
              }
            ],
            "sttMode" : "batch",
            "sttObserved" : [
              {
                "count" : 5,
                "model" : "scribe_v2",
                "provider" : "ElevenLabs"
              }
            ]
          }
        }
      ]
    },
    {
      "audioBytes" : 427630,
      "audioFile" : "fixture-medium.caf",
      "fixtureID" : "fixture-medium",
      "levels" : [
        {
          "distributions" : {
            "encodeMs" : {
              "max" : 50.7659912109375,
              "min" : 30.46596050262451,
              "p50" : 32.4779748916626,
              "p95" : 48.70960712432861
            },
            "generationMs" : {
              "max" : 7480.123996734619,
              "min" : 1002.4518966674805,
              "p50" : 1192.8980350494385,
              "p95" : 6244.678807258605
            },
            "pasteMs" : {
              "max" : 0.2980232238769531,
              "min" : 0.053048133850097656,
              "p50" : 0.09894371032714844,
              "p95" : 0.2590179443359375
            },
            "rewriteMs" : {
              "max" : 0,
              "min" : 0,
              "p50" : 0,
              "p95" : 0
            },
            "sttMs" : {
              "max" : 7429.358005523682,
              "min" : 971.985936164856,
              "p50" : 1161.7209911346436,
              "p95" : 6195.969200134276
            },
            "totalStageMs" : {
              "max" : 7480.177044868469,
              "min" : 1002.5548934936523,
              "p50" : 1193.1960582733154,
              "p95" : 6244.735860824584
            }
          },
          "iterations" : 5,
          "level" : "raw",
          "providers" : {
            "sttMode" : "batch",
            "sttObserved" : [
              {
                "count" : 5,
                "model" : "scribe_v2",
                "provider" : "ElevenLabs"
              }
            ]
          }
        },
        {
          "distributions" : {
            "encodeMs" : {
              "max" : 53.555965423583984,
              "min" : 35.11703014373779,
              "p50" : 51.76496505737305,
              "p95" : 53.25777530670166
            },
            "generationMs" : {
              "max" : 1733.7690591812134,
              "min" : 1427.3838996887207,
              "p50" : 1594.0810441970825,
              "p95" : 1714.830470085144
            },
            "pasteMs" : {
              "max" : 0.14698505401611328,
              "min" : 0.12803077697753906,
              "p50" : 0.1430511474609375,
              "p95" : 0.14657974243164062
            },
            "rewriteMs" : {
              "max" : 584.4730138778687,
              "min" : 412.4879837036133,
              "p50" : 498.9960193634033,
              "p95" : 571.9334125518799
            },
            "sttMs" : {
              "max" : 1146.4760303497314,
              "min" : 940.0149583816528,