{
  "audioBytes" : 558044,
  "audioFile" : "2 fixtures",
  "commitSHA" : "40d5c722bf4d4ad7aa2d6f5f65f929de1a08092b",
  "fixtureResults" : [
    {
      "audioBytes" : 130414,
      "audioFile" : "fixture-short.caf",
      "fixtureID" : "fixture-short",
      "levels" : [
        {
          "distributions" : {
            "encodeMs" : {
              "max" : 0,
              "min" : 0,
              "p50" : 0,
              "p95" : 0
            },
            "generationMs" : {
              "max" : 650.9380340576172,
              "min" : 553.0990362167358,
              "p50" : 647.4649906158447,
              "p95" : 650.4818201065063
            },
            "pasteMs" : {
              "max" : 0.048995018005371094,
              "min" : 0.012040138244628906,
              "p50" : 0.02002716064453125,
              "p95" : 0.04398822784423828
            },
            "rewriteMs" : {
              "max" : 0,
              "min" : 0,
              "p50" : 0,
              "p95" : 0
            },
            "sttMs" : {
              "max" : 650.9380340576172,
              "min" : 553.0990362167358,
              "p50" : 647.4649906158447,
              "p95" : 650.4818201065063
            },
            "totalStageMs" : {
              "max" : 650.9870290756226,
              "min" : 553.1229972839355,
              "p50" : 647.4789381027222,
              "p95" : 650.5250215530396
            }
          },
          "iterations" : 5,
          "level" : "raw",
          "providers" : {
            "sttMode" : "batch",
            "sttObserved" : [
              {
                "count" : 5,
                "model" : "scribe_v2",
                "provider" : "ElevenLabs"
              }
            ]
          }
        },
        {
          "distributions" : {
            "encodeMs" : {
              "max" : 0,
              "min" : 0,
              "p50" : 0,
              "p95" : 0
            },
            "generationMs" : {
              "max" : 2036.255955696106,
              "min" : 1005.8881044387817,
              "p50" : 1114.4880056381226,
              "p95" : 1883.0461502075195
            },
            "pasteMs" : {
              "max" : 0.8080005645751953,
              "min" : 0.025987625122070312,
              "p50" : 0.06902217864990234,
              "p95" : 0.6702184677124022
            },
            "rewriteMs" : {
              "max" : 699.550986289978,
              "min" : 392.26603507995605,
              "p50" : 445.33491134643555,
              "p95" : 650.4509925842285
            },
            "sttMs" : {
              "max" : 1336.704969406128,
              "min" : 603.2140254974365,
              "p50" : 691.5919780731201,
              "p95" : 1234.33837890625
            },
            "totalStageMs" : {
              "max" : 2036.3750457763672,
              "min" : 1005.9150457382202,
              "p50" : 1114.5570278167725,
              "p95" : 1883.146619796753
            }
          },
          "iterations" : 5,
          "level" : "clean",
          "providers" : {
            "rewriteObserved" : [
              {
                "count" : 5,
                "model" : "google/gemini-2.5-flash-lite",
                "path" : "openrouter"
              }
            ],
            "sttMode" : "batch",
            "sttObserved" : [
              {
                "count" : 5,
                "model" : "scribe_v2",
                "provider" : "ElevenLabs"
              }
            ]
          }
        },
        {
          "distributions" : {
            "encodeMs" : {
              "max" : 0,
              "min" : 0,
              "p50" : 0,
              "p95" : 0
            },
            "generationMs" : {
              "max" : 1920.1849699020386,
              "min" : 1158.871054649353,
              "p50" : 1550.4108667373657,
              "p95" : 1884.3771696090698
            },
            "pasteMs" : {
              "max" : 0.12493133544921875,
              "min" : 0.03695487976074219,
              "p50" : 0.1169443130493164,
              "p95" : 0.12335777282714844
            },
            "rewriteMs" : {
              "max" : 902.8799533843994,
              "min" : 400.1660346984863,
              "p50" : 520.7440853118896,
              "p95" : 832.91335105896
            },
            "sttMs" : {
              "max" : 1367.1380281448364,
              "min" : 638.1269693374634,
              "p50" : 1080.443024635315,
              "p95" : 1347.4412202835083
            },
            "totalStageMs" : {
              "max" : 1920.3020334243774,
              "min" : 1158.9879989624023,
              "p50" : 1550.4978895187378,
              "p95" : 1884.4958066940308
            }
          },
          "iterations" : 5,
          "level" : "polish",
          "providers" : {
            "rewriteObserved" : [
              {
                "count" : 5,
                "model" : "x-ai/grok-4.1-fast",
                "path" : "openrouter"
              }
            ],
            "sttMode" : "batch",
            "sttObserved" : [
              {
                "count" : 5,
                "model" : "scribe_v2",
                "provider" : "ElevenLabs"
              }
            ]
          }
        }
      ]
    },
    {
      "audioBytes" : 427630,
      "audioFile" : "fixture-medium.caf",
      "fixtureID" : "fixture-medium",
      "levels" : [
        {
          "distributions" : {
            "encodeMs" : {
              "max" : 32.25302696228027,
              "min" : 18.620014190673828,
              "p50" : 30.79402446746826,
              "p95" : 32.175230979919434
            },
            "generationMs" : {
              "max" : 1404.278039932251,
              "min" : 1122.217059135437,
              "p50" : 1213.2400274276733,
              "p95" : 1394.959020614624
            },
            "pasteMs" : {
              "max" : 0.2690553665161133,
              "min" : 0.0699758529663086,
              "p50" : 0.19598007202148438,
              "p95" : 0.2544403076171875
            },
            "rewriteMs" : {
              "max" : 0,
              "min" : 0,
              "p50" : 0,
              "p95" : 0
            },
            "sttMs" : {
              "max" : 1372.413992881775,
              "min" : 1091.4230346679688,
              "p50" : 1180.987000465393,
              "p95" : 1365.7437801361084
            },
            "totalStageMs" : {
              "max" : 1404.3480157852173,
              "min" : 1122.4130392074585,
              "p50" : 1213.312029838562,
              "p95" : 1395.0541973114014
            }
          },
          "iterations" : 5,
          "level" : "raw",
          "providers" : {
            "sttMode" : "batch",
            "sttObserved" : [
              {
                "count" : 5,
                "model" : "scribe_v2",
                "provider" : "ElevenLabs"
              }
            ]
          }
        },
        {
          "distributions" : {
            "encodeMs" : {
              "max" : 18.91505718231201,
              "min" : 16.867995262145996,
              "p50" : 17.680048942565918,
              "p95" : 18.888235092163086
            },
            "generationMs" : {
              "max" : 2205.9050798416138,
              "min" : 1604.9400568008423,
              "p50" : 1724.1839170455933,
              "p95" : 2138.4870529174805
            },
            "pasteMs" : {
              "max" : 0.08094310760498047,
              "min" : 0.04291534423828125,
              "p50" : 0.06794929504394531,
              "p95" : 0.08056163787841797
            },
            "rewriteMs" : {
              "max" : 619.8149919509888,
              "min" : 480.09800910949707,
              "p50" : 555.6650161743164,
              "p95" : 614.385199546814
            },
            "sttMs" : {
              "max" : 1596.2320566177368,
              "min" : 1033.3579778671265,