{
  "audioBytes" : 558044,
  "audioFile" : "2 fixtures",
  "commitSHA" : "59c6447178af078e95f96c6552417bb2ae8e7bce",
  "fixtureResults" : [
    {
      "audioBytes" : 130414,
      "audioFile" : "fixture-short.caf",
      "fixtureID" : "fixture-short",
      "levels" : [
        {
          "distributions" : {
            "encodeMs" : {
              "max" : 0,
              "min" : 0,
              "p50" : 0,
              "p95" : 0
            },
            "generationMs" : {
              "max" : 886.8919610977173,
              "min" : 529.2969942092896,
              "p50" : 571.4080333709717,
              "p95" : 856.091570854187
            },
            "pasteMs" : {
              "max" : 0.07510185241699219,
              "min" : 0.008940696716308594,
              "p50" : 0.02205371856689453,
              "p95" : 0.06747245788574219
            },
            "rewriteMs" : {
              "max" : 0,
              "min" : 0,
              "p50" : 0,
              "p95" : 0
            },
            "sttMs" : {
              "max" : 886.8919610977173,
              "min" : 529.2969942092896,
              "p50" : 571.4080333709717,
              "p95" : 856.091570854187
            },
            "totalStageMs" : {
              "max" : 886.9099617004395,
              "min" : 529.3190479278564,
              "p50" : 571.4831352233887,
              "p95" : 856.1133623123169
            }
          },
          "iterations" : 5,
          "level" : "raw",
          "providers" : {
            "sttMode" : "batch",
            "sttObserved" : [
              {
                "count" : 5,
                "model" : "scribe_v2",
                "provider" : "ElevenLabs"
              }
            ]
          }
        },
        {
          "distributions" : {
            "encodeMs" : {
              "max" : 0,
              "min" : 0,
              "p50" : 0,
              "p95" : 0
            },
            "generationMs" : {
              "max" : 1210.4400396347046,
              "min" : 888.1789445877075,
              "p50" : 934.7399473190308,
              "p95" : 1160.0432634353638
            },
            "pasteMs" : {
              "max" : 0.1989603042602539,
              "min" : 0.03802776336669922,
              "p50" : 0.12493133544921875,
              "p95" : 0.19516944885253906
            },
            "rewriteMs" : {
              "max" : 621.2409734725952,
              "min" : 311.6610050201416,
              "p50" : 357.8449487686157,
              "p95" : 586.6525888442993
            },
            "sttMs" : {
              "max" : 614.8209571838379,
              "min" : 510.15710830688477,
              "p50" : 576.894998550415,
              "p95" : 609.6965789794922
            },
            "totalStageMs" : {
              "max" : 1210.5649709701538,
              "min" : 888.3779048919678,
              "p50" : 934.7950220108032,
              "p95" : 1160.1508140563965
            }
          },
          "iterations" : 5,
          "level" : "clean",
          "providers" : {
            "rewriteObserved" : [
              {
                "count" : 5,
                "model" : "google/gemini-2.5-flash-lite",
                "path" : "openrouter"
              }
            ],
            "sttMode" : "batch",
            "sttObserved" : [
              {
                "count" : 5,
                "model" : "scribe_v2",
                "provider" : "ElevenLabs"
              }
            ]
          }
        },
        {
          "distributions" : {
            "encodeMs" : {
              "max" : 0,
              "min" : 0,
              "p50" : 0,
              "p95" : 0
            },
            "generationMs" : {
              "max" : 2863.9490604400635,
              "min" : 960.6350660324097,
              "p50" : 1088.4231328964233,
              "p95" : 2561.666250228882
            },
            "pasteMs" : {
              "max" : 0.1780986785888672,
              "min" : 0.07903575897216797,
              "p50" : 0.14102458953857422,
              "p95" : 0.17287731170654297
            },
            "rewriteMs" : {
              "max" : 2341.6470289230347,
              "min" : 369.900107383728,
              "p50" : 431.36298656463623,
              "p95" : 1969.7574377059934
            },
            "sttMs" : {
              "max" : 921.172022819519,
              "min" : 522.3020315170288,
              "p50" : 590.7349586486816,
              "p95" : 858.182430267334
            },
            "totalStageMs" : {
              "max" : 2864.1271591186523,
              "min" : 960.7141017913818,
              "p50" : 1088.5751247406006,
              "p95" : 2561.8369340896606
            }
          },
          "iterations" : 5,
          "level" : "polish",
          "providers" : {
            "rewriteObserved" : [
              {
                "count" : 5,
                "model" : "x-ai/grok-4.1-fast",
                "path" : "openrouter"
              }
            ],
            "sttMode" : "batch",
            "sttObserved" : [
              {
                "count" : 5,
                "model" : "scribe_v2",
                "provider" : "ElevenLabs"
              }
            ]
          }
        }
      ]
    },
    {
      "audioBytes" : 427630,
      "audioFile" : "fixture-medium.caf",
      "fixtureID" : "fixture-medium",
      "levels" : [
        {
          "distributions" : {
            "encodeMs" : {
              "max" : 50.66502094268799,
              "min" : 29.765963554382324,
              "p50" : 47.50502109527588,
              "p95" : 50.38881301879883
            },
            "generationMs" : {
              "max" : 1210.3569507598877,
              "min" : 983.2760095596313,
              "p50" : 1033.4680080413818,
              "p95" : 1177.4497747421265
            },
            "pasteMs" : {
              "max" : 0.26404857635498047,
              "min" : 0.041961669921875,
              "p50" : 0.10001659393310547,
              "p95" : 0.23124217987060544
            },
            "rewriteMs" : {
              "max" : 0,
              "min" : 0,
              "p50" : 0,
              "p95" : 0
            },
            "sttMs" : {
              "max" : 1180.1869869232178,
              "min" : 953.510046005249,
              "p50" : 984.1840267181396,
              "p95" : 1143.180799484253
            },
            "totalStageMs" : {
              "max" : 1210.4439735412598,
              "min" : 983.3179712295532,
              "p50" : 1033.568024635315,
              "p95" : 1177.5722026824951
            }
          },
          "iterations" : 5,
          "level" : "raw",
          "providers" : {
            "sttMode" : "batch",
            "sttObserved" : [
              {
                "count" : 5,
                "model" : "scribe_v2",
                "provider" : "ElevenLabs"
              }
            ]
          }
        },
        {
          "distributions" : {
            "encodeMs" : {
              "max" : 53.24602127075195,
              "min" : 25.228023529052734,
              "p50" : 44.906020164489746,
              "p95" : 53.20162773132324
            },
            "generationMs" : {
              "max" : 2322.07190990448,
              "min" : 1350.5690097808838,
              "p50" : 1643.977165222168,
              "p95" : 2275.6401538848877
            },
            "pasteMs" : {
              "max" : 0.14901161193847656,
              "min" : 0.03898143768310547,
              "p50" : 0.1270771026611328,
              "p95" : 0.14801025390625
            },
            "rewriteMs" : {
              "max" : 811.3019466400146,
              "min" : 283.2258939743042,
              "p50" : 392.4250602722168,
              "p95" : 767.3927783966064
            },
            "sttMs" : {
              "max" : 1662.8130674362183,
              "min" : 962.6790285110474,