{
  "audioBytes" : 558044,
  "audioFile" : "2 fixtures",
  "commitSHA" : "eec87af00acc2d9d4756b04c47268f921318df23",
  "fixtureResults" : [
    {
      "audioBytes" : 130414,
      "audioFile" : "fixture-short.caf",
      "fixtureID" : "fixture-short",
      "levels" : [
        {
          "distributions" : {
            "encodeMs" : {
              "max" : 0,
              "min" : 0,
              "p50" : 0,
              "p95" : 0
            },
            "generationMs" : {
              "max" : 653.3910036087036,
              "min" : 588.9990329742432,
              "p50" : 599.3120670318604,
              "p95" : 642.7323818206787
            },
            "pasteMs" : {
              "max" : 0.09500980377197266,
              "min" : 0.04589557647705078,
              "p50" : 0.0768899917602539,
              "p95" : 0.09222030639648438
            },
            "rewriteMs" : {
              "max" : 0,
              "min" : 0,
              "p50" : 0,
              "p95" : 0
            },
            "sttMs" : {
              "max" : 653.3910036087036,
              "min" : 588.9990329742432,
              "p50" : 599.3120670318604,
              "p95" : 642.7323818206787
            },
            "totalStageMs" : {
              "max" : 653.4368991851807,
              "min" : 589.0759229660034,
              "p50" : 599.4070768356323,
              "p95" : 642.7853107452393
            }
          },
          "iterations" : 5,
          "level" : "raw",
          "providers" : {
            "sttMode" : "batch",
            "sttObserved" : [
              {
                "count" : 5,
                "model" : "scribe_v2",
                "provider" : "ElevenLabs"
              }
            ]
          }
        },
        {
          "distributions" : {
            "encodeMs" : {
              "max" : 0,
              "min" : 0,
              "p50" : 0,
              "p95" : 0
            },
            "generationMs" : {
              "max" : 1194.4271326065063,
              "min" : 884.719967842102,
              "p50" : 974.2439985275269,
              "p95" : 1154.1818857192993
            },
            "pasteMs" : {
              "max" : 0.25200843811035156,
              "min" : 0.054001808166503906,
              "p50" : 0.12493133544921875,
              "p95" : 0.22759437561035153
            },
            "rewriteMs" : {
              "max" : 548.0700731277466,
              "min" : 321.69902324676514,
              "p50" : 356.41705989837646,
              "p95" : 516.9774532318115
            },
            "sttMs" : {
              "max" : 646.3570594787598,
              "min" : 563.0209445953369,
              "p50" : 600.5939245223999,
              "p95" : 644.340443611145
            },
            "totalStageMs" : {
              "max" : 1194.5570707321167,
              "min" : 884.8229646682739,
              "p50" : 974.2980003356934,
              "p95" : 1154.3108224868774
            }
          },
          "iterations" : 5,
          "level" : "clean",
          "providers" : {
            "rewriteObserved" : [
              {
                "count" : 5,
                "model" : "google/gemini-2.5-flash-lite",
                "path" : "openrouter"
              }
            ],
            "sttMode" : "batch",
            "sttObserved" : [
              {
                "count" : 5,
                "model" : "scribe_v2",
                "provider" : "ElevenLabs"
              }
            ]
          }
        },
        {
          "distributions" : {
            "encodeMs" : {
              "max" : 0,
              "min" : 0,
              "p50" : 0,
              "p95" : 0
            },
            "generationMs" : {
              "max" : 1924.4420528411865,
              "min" : 956.6049575805664,
              "p50" : 1161.96608543396,
              "p95" : 1778.496265411377
            },
            "pasteMs" : {
              "max" : 0.07903575897216797,
              "min" : 0.06103515625,
              "p50" : 0.07200241088867188,
              "p95" : 0.07882118225097656
            },
            "rewriteMs" : {
              "max" : 625.8929967880249,
              "min" : 324.753999710083,
              "p50" : 429.82304096221924,
              "p95" : 587.9194021224976
            },
            "sttMs" : {
              "max" : 1298.5490560531616,
              "min" : 612.7179861068726,
              "p50" : 725.9410619735718,
              "p95" : 1199.7780561447144
            },
            "totalStageMs" : {
              "max" : 1924.5140552520752,
              "min" : 956.6829204559326,
              "p50" : 1162.032127380371,
              "p95" : 1778.566074371338
            }
          },
          "iterations" : 5,
          "level" : "polish",
          "providers" : {
            "rewriteObserved" : [
              {
                "count" : 5,
                "model" : "x-ai/grok-4.1-fast",
                "path" : "openrouter"
              }
            ],
            "sttMode" : "batch",
            "sttObserved" : [
              {
                "count" : 5,
                "model" : "scribe_v2",
                "provider" : "ElevenLabs"
              }
            ]
          }
        }
      ]
    },
    {
      "audioBytes" : 427630,
      "audioFile" : "fixture-medium.caf",
      "fixtureID" : "fixture-medium",
      "levels" : [
        {
          "distributions" : {
            "encodeMs" : {
              "max" : 47.71697521209717,
              "min" : 18.550992012023926,
              "p50" : 28.32198143005371,
              "p95" : 45.19977569580078
            },
            "generationMs" : {
              "max" : 1278.1939506530762,
              "min" : 1123.8850355148315,
              "p50" : 1171.5270280838013,
              "p95" : 1270.9479808807373
            },
            "pasteMs" : {
              "max" : 0.3839731216430664,
              "min" : 0.1150369644165039,
              "p50" : 0.21398067474365234,
              "p95" : 0.3618001937866211
            },
            "rewriteMs" : {
              "max" : 0,
              "min" : 0,
              "p50" : 0,
              "p95" : 0
            },
            "sttMs" : {
              "max" : 1243.062973022461,
              "min" : 1084.0920209884644,
              "p50" : 1143.2050466537476,
              "p95" : 1238.5825872421265
            },
            "totalStageMs" : {
              "max" : 1278.4079313278198,
              "min" : 1124.1581439971924,
              "p50" : 1171.9110012054443,
              "p95" : 1271.1421728134155
            }
          },
          "iterations" : 5,
          "level" : "raw",
          "providers" : {
            "sttMode" : "batch",
            "sttObserved" : [
              {
                "count" : 5,
                "model" : "scribe_v2",
                "provider" : "ElevenLabs"
              }
            ]
          }
        },
        {
          "distributions" : {
            "encodeMs" : {
              "max" : 44.39496994018555,
              "min" : 18.7150239944458,
              "p50" : 25.19094944000244,
              "p95" : 42.55797863006592
            },
            "generationMs" : {
              "max" : 1667.7769422531128,
              "min" : 1389.1479969024658,
              "p50" : 1562.1939897537231,
              "p95" : 1665.6757593154907
            },
            "pasteMs" : {
              "max" : 0.1100301742553711,
              "min" : 0.048995018005371094,
              "p50" : 0.05793571472167969,
              "p95" : 0.10280609130859375
            },
            "rewriteMs" : {
              "max" : 637.3239755630493,
              "min" : 344.7229862213135,
              "p50" : 442.45100021362305,
              "p95" : 610.7637882232666
            },
            "sttMs" : {
              "max" : 1170.3189611434937,
              "min" : 921.5060472488403,