{
  "audioBytes" : 558044,
  "audioFile" : "2 fixtures",
  "commitSHA" : "d690cc112e162e16f01e87aeaab6ddc5a4a6255f",
  "fixtureResults" : [
    {
      "audioBytes" : 130414,
      "audioFile" : "fixture-short.caf",
      "fixtureID" : "fixture-short",
      "levels" : [
        {
          "distributions" : {
            "encodeMs" : {
              "max" : 0,
              "min" : 0,
              "p50" : 0,
              "p95" : 0
            },
            "generationMs" : {
              "max" : 868.4630393981934,
              "min" : 504.6079158782959,
              "p50" : 710.5419635772705,
              "p95" : 859.8536252975464
            },
            "pasteMs" : {
              "max" : 0.10001659393310547,
              "min" : 0.013947486877441406,
              "p50" : 0.053048133850097656,
              "p95" : 0.0990152359008789
            },
            "rewriteMs" : {
              "max" : 0,
              "min" : 0,
              "p50" : 0,
              "p95" : 0
            },
            "sttMs" : {
              "max" : 868.4630393981934,
              "min" : 504.6079158782959,
              "p50" : 710.5419635772705,
              "p95" : 859.8536252975464
            },
            "totalStageMs" : {
              "max" : 868.5630559921265,
              "min" : 504.70292568206787,
              "p50" : 710.5950117111206,
              "p95" : 859.9364280700684
            }
          },
          "iterations" : 5,
          "level" : "raw",
          "providers" : {
            "sttMode" : "batch",
            "sttObserved" : [
              {
                "count" : 5,
                "model" : "scribe_v2",
                "provider" : "ElevenLabs"
              }
            ]
          }
        },
        {
          "distributions" : {
            "encodeMs" : {
              "max" : 0,
              "min" : 0,
              "p50" : 0,
              "p95" : 0
            },
            "generationMs" : {
              "max" : 1015.2559280395508,
              "min" : 931.6319227218628,
              "p50" : 952.072024345398,
              "p95" : 1011.2939357757568
            },
            "pasteMs" : {
              "max" : 0.17595291137695312,
              "min" : 0.08094310760498047,
              "p50" : 0.13506412506103516,
              "p95" : 0.1699686050415039
            },
            "rewriteMs" : {
              "max" : 394.4159746170044,
              "min" : 252.31194496154785,
              "p50" : 348.92094135284424,
              "p95" : 389.65797424316406
            },
            "sttMs" : {
              "max" : 699.7600793838501,
              "min" : 582.7109813690186,
              "p50" : 623.5889196395874,
              "p95" : 684.7720623016357
            },
            "totalStageMs" : {
              "max" : 1015.3368711471558,
              "min" : 931.8078756332397,
              "p50" : 952.207088470459,
              "p95" : 1011.375904083252
            }
          },
          "iterations" : 5,
          "level" : "clean",
          "providers" : {
            "rewriteObserved" : [
              {
                "count" : 5,
                "model" : "google/gemini-2.5-flash-lite",
                "path" : "openrouter"
              }
            ],
            "sttMode" : "batch",
            "sttObserved" : [
              {
                "count" : 5,
                "model" : "scribe_v2",
                "provider" : "ElevenLabs"
              }
            ]
          }
        },
        {
          "distributions" : {
            "encodeMs" : {
              "max" : 0,
              "min" : 0,
              "p50" : 0,
              "p95" : 0
            },
            "generationMs" : {
              "max" : 1252.4380683898926,
              "min" : 973.8479852676392,
              "p50" : 1047.3699569702148,
              "p95" : 1227.5596618652344
            },
            "pasteMs" : {
              "max" : 0.1850128173828125,
              "min" : 0.05507469177246094,
              "p50" : 0.05805492401123047,
              "p95" : 0.17561912536621094
            },
            "rewriteMs" : {
              "max" : 645.7990407943726,
              "min" : 451.8239498138428,
              "p50" : 455.25288581848145,
              "p95" : 608.4262371063232
            },
            "sttMs" : {
              "max" : 669.1110134124756,
              "min" : 518.5950994491577,
              "p50" : 592.9949283599854,
              "p95" : 656.6166162490845
            },
            "totalStageMs" : {
              "max" : 1252.4961233139038,
              "min" : 974.032998085022,
              "p50" : 1047.4259853363037,
              "p95" : 1227.6337146759033
            }
          },
          "iterations" : 5,
          "level" : "polish",
          "providers" : {
            "rewriteObserved" : [
              {
                "count" : 5,
                "model" : "x-ai/grok-4.1-fast",
                "path" : "openrouter"
              }
            ],
            "sttMode" : "batch",
            "sttObserved" : [
              {
                "count" : 5,
                "model" : "scribe_v2",
                "provider" : "ElevenLabs"
              }
            ]
          }
        }
      ]
    },
    {
      "audioBytes" : 427630,
      "audioFile" : "fixture-medium.caf",
      "fixtureID" : "fixture-medium",
      "levels" : [
        {
          "distributions" : {
            "encodeMs" : {
              "max" : 52.160024642944336,
              "min" : 27.17602252960205,
              "p50" : 50.482988357543945,
              "p95" : 52.07960605621338
            },
            "generationMs" : {
              "max" : 1502.8750896453857,
              "min" : 1145.47598361969,
              "p50" : 1224.0980863571167,
              "p95" : 1472.4056482315063
            },
            "pasteMs" : {
              "max" : 0.14603137969970703,
              "min" : 0.014066696166992188,
              "p50" : 0.041961669921875,
              "p95" : 0.13604164123535156
            },
            "rewriteMs" : {
              "max" : 0,
              "min" : 0,
              "p50" : 0,
              "p95" : 0
            },
            "sttMs" : {
              "max" : 1450.7150650024414,
              "min" : 1118.299961090088,
              "p50" : 1188.7190341949463,
              "p95" : 1420.326042175293
            },
            "totalStageMs" : {
              "max" : 1502.9711723327637,
              "min" : 1145.5179452896118,
              "p50" : 1224.2441177368164,
              "p95" : 1472.4903345108032
            }
          },
          "iterations" : 5,
          "level" : "raw",
          "providers" : {
            "sttMode" : "batch",
            "sttObserved" : [
              {
                "count" : 5,
                "model" : "scribe_v2",
                "provider" : "ElevenLabs"
              }
            ]
          }
        },
        {
          "distributions" : {
            "encodeMs" : {
              "max" : 54.24201488494873,
              "min" : 16.37399196624756,
              "p50" : 51.66804790496826,
              "p95" : 53.78742218017578
            },
            "generationMs" : {
              "max" : 1870.642900466919,
              "min" : 1528.6121368408203,
              "p50" : 1635.56706905365,
              "p95" : 1832.5353145599365
            },
            "pasteMs" : {
              "max" : 0.3679990768432617,
              "min" : 0.027060508728027344,
              "p50" : 0.1760721206665039,
              "p95" : 0.33218860626220703
            },
            "rewriteMs" : {
              "max" : 568.666934967041,
              "min" : 338.53697776794434,
              "p50" : 466.63594245910645,
              "p95" : 555.3977489471436
            },
            "sttMs" : {
              "max" : 1285.6019735336304,
              "min" : 1081.578016281128,