{
  "audioBytes" : 558044,
  "audioFile" : "2 fixtures",
  "commitSHA" : "41124ba7fd2801ab0982e81cc58a18a62ba02aab",
  "fixtureResults" : [
    {
      "audioBytes" : 130414,
      "audioFile" : "fixture-short.caf",
      "fixtureID" : "fixture-short",
      "levels" : [
        {
          "distributions" : {
            "encodeMs" : {
              "max" : 0,
              "min" : 0,
              "p50" : 0,
              "p95" : 0
            },
            "generationMs" : {
              "max" : 2089.5949602127075,
              "min" : 560.0379705429077,
              "p50" : 586.9420766830444,
              "p95" : 1805.504775047302
            },
            "pasteMs" : {
              "max" : 0.370025634765625,
              "min" : 0.016927719116210938,
              "p50" : 0.09107589721679688,
              "p95" : 0.33380985260009766
            },
            "rewriteMs" : {
              "max" : 0,
              "min" : 0,
              "p50" : 0,
              "p95" : 0
            },
            "sttMs" : {
              "max" : 2089.5949602127075,
              "min" : 560.0379705429077,
              "p50" : 586.9420766830444,
              "p95" : 1805.504775047302
            },
            "totalStageMs" : {
              "max" : 2089.7839069366455,
              "min" : 560.0600242614746,
              "p50" : 587.0331525802612,
              "p95" : 1805.7299375534055
            }
          },
          "iterations" : 5,
          "level" : "raw",
          "providers" : {
            "sttMode" : "batch",
            "sttObserved" : [
              {
                "count" : 5,
                "model" : "scribe_v2",
                "provider" : "ElevenLabs"
              }
            ]
          }
        },
        {
          "distributions" : {
            "encodeMs" : {
              "max" : 0,
              "min" : 0,
              "p50" : 0,
              "p95" : 0
            },
            "generationMs" : {
              "max" : 1485.6101274490356,
              "min" : 909.013032913208,
              "p50" : 1179.7939538955688,
              "p95" : 1480.4442882537842
            },
            "pasteMs" : {
              "max" : 0.6729364395141602,
              "min" : 0.0890493392944336,
              "p50" : 0.15592575073242188,
              "p95" : 0.5713462829589843
            },
            "rewriteMs" : {
              "max" : 586.7630243301392,
              "min" : 313.0899667739868,
              "p50" : 465.533971786499,
              "p95" : 572.7386236190796
            },
            "sttMs" : {
              "max" : 994.2469596862793,
              "min" : 562.4899864196777,
              "p50" : 762.5939846038818,
              "p95" : 989.1913890838623
            },
            "totalStageMs" : {
              "max" : 1485.7110977172852,
              "min" : 909.1780185699463,
              "p50" : 1180.466890335083,
              "p95" : 1480.5428743362427
            }
          },
          "iterations" : 5,
          "level" : "clean",
          "providers" : {
            "rewriteObserved" : [
              {
                "count" : 5,
                "model" : "inception/mercury",
                "path" : "openrouter"
              }
            ],
            "sttMode" : "batch",
            "sttObserved" : [
              {
                "count" : 5,
                "model" : "scribe_v2",
                "provider" : "ElevenLabs"
              }
            ]
          }
        },
        {
          "distributions" : {
            "encodeMs" : {
              "max" : 0,
              "min" : 0,
              "p50" : 0,
              "p95" : 0
            },
            "generationMs" : {
              "max" : 1640.0281190872192,
              "min" : 1107.9740524291992,
              "p50" : 1383.4280967712402,
              "p95" : 1591.397500038147
            },
            "pasteMs" : {
              "max" : 0.3339052200317383,
              "min" : 0.052928924560546875,
              "p50" : 0.14793872833251953,
              "p95" : 0.2999305725097656
            },
            "rewriteMs" : {
              "max" : 964.5240306854248,
              "min" : 531.4429998397827,
              "p50" : 753.0850172042847,
              "p95" : 922.4300384521484
            },
            "sttMs" : {
              "max" : 675.5040884017944,
              "min" : 576.5310525894165,
              "p50" : 629.3740272521973,
              "p95" : 670.9288597106934
            },
            "totalStageMs" : {
              "max" : 1640.0810480117798,
              "min" : 1108.307957649231,
              "p50" : 1383.5760354995728,
              "p95" : 1591.4726495742798
            }
          },
          "iterations" : 5,
          "level" : "polish",
          "providers" : {
            "rewriteObserved" : [
              {
                "count" : 5,
                "model" : "inception/mercury",
                "path" : "openrouter"
              }
            ],
            "sttMode" : "batch",
            "sttObserved" : [
              {
                "count" : 5,
                "model" : "scribe_v2",
                "provider" : "ElevenLabs"
              }
            ]
          }
        }
      ]
    },
    {
      "audioBytes" : 427630,
      "audioFile" : "fixture-medium.caf",
      "fixtureID" : "fixture-medium",
      "levels" : [
        {
          "distributions" : {
            "encodeMs" : {
              "max" : 0.007987022399902344,
              "min" : 0.0029802322387695312,
              "p50" : 0.007987022399902344,
              "p95" : 0.007987022399902344
            },
            "generationMs" : {
              "max" : 1402.337908744812,
              "min" : 1025.156021118164,
              "p50" : 1081.4290046691895,
              "p95" : 1343.9095258712769
            },
            "pasteMs" : {
              "max" : 0.30410289764404297,
              "min" : 0.015974044799804688,
              "p50" : 0.07200241088867188,
              "p95" : 0.26068687438964844
            },
            "rewriteMs" : {
              "max" : 0,
              "min" : 0,
              "p50" : 0,
              "p95" : 0
            },
            "sttMs" : {
              "max" : 1402.329921722412,
              "min" : 1025.1519680023193,
              "p50" : 1081.4210176467896,
              "p95" : 1343.901538848877
            },
            "totalStageMs" : {
              "max" : 1402.4099111557007,
              "min" : 1025.1719951629639,
              "p50" : 1081.7331075668335,
              "p95" : 1343.9725399017334
            }
          },
          "iterations" : 5,
          "level" : "raw",
          "providers" : {
            "sttMode" : "batch",
            "sttObserved" : [
              {
                "count" : 5,
                "model" : "scribe_v2",
                "provider" : "ElevenLabs"
              }
            ]
          }
        },
        {
          "distributions" : {
            "encodeMs" : {
              "max" : 0.030994415283203125,
              "min" : 0.0040531158447265625,
              "p50" : 0.007987022399902344,
              "p95" : 0.02660751342773437
            },
            "generationMs" : {
              "max" : 2255.1859617233276,
              "min" : 1513.5600566864014,
              "p50" : 1772.5582122802734,
              "p95" : 2171.4303970336914
            },
            "pasteMs" : {
              "max" : 0.32007694244384766,
              "min" : 0.051021575927734375,
              "p50" : 0.125885009765625,
              "p95" : 0.29146671295166016
            },
            "rewriteMs" : {
              "max" : 720.5020189285278,
              "min" : 444.2930221557617,
              "p50" : 582.7100276947021,
              "p95" : 718.5810327529907
            },
            "sttMs" : {
              "max" : 1788.8580560684204,
              "min" : 1061.6570711135864,