{
  "audioBytes" : 558044,
  "audioFile" : "2 fixtures",
  "commitSHA" : "e6b713114c2784b63172d1673c77c514e62b8ee9",
  "fixtureResults" : [
    {
      "audioBytes" : 130414,
      "audioFile" : "fixture-short.caf",
      "fixtureID" : "fixture-short",
      "levels" : [
        {
          "distributions" : {
            "encodeMs" : {
              "max" : 0,
              "min" : 0,
              "p50" : 0,
              "p95" : 0
            },
            "generationMs" : {
              "max" : 879.5590400695801,
              "min" : 585.3710174560547,
              "p50" : 659.7720384597778,
              "p95" : 857.2712421417236
            },
            "pasteMs" : {
              "max" : 0.3210306167602539,
              "min" : 0.015974044799804688,
              "p50" : 0.03600120544433594,
              "p95" : 0.2652406692504882
            },
            "rewriteMs" : {
              "max" : 0,
              "min" : 0,
              "p50" : 0,
              "p95" : 0
            },
            "sttMs" : {
              "max" : 879.5590400695801,
              "min" : 585.3710174560547,
              "p50" : 659.7720384597778,
              "p95" : 857.2712421417236
            },
            "totalStageMs" : {
              "max" : 879.6011209487915,
              "min" : 585.3869915008545,
              "p50" : 659.791111946106,
              "p95" : 857.3691129684448
            }
          },
          "iterations" : 5,
          "level" : "raw",
          "providers" : {
            "sttMode" : "batch",
            "sttObserved" : [
              {
                "count" : 5,
                "model" : "scribe_v2",
                "provider" : "ElevenLabs"
              }
            ]
          }
        },
        {
          "distributions" : {
            "encodeMs" : {
              "max" : 0,
              "min" : 0,
              "p50" : 0,
              "p95" : 0
            },
            "generationMs" : {
              "max" : 1760.2521181106567,
              "min" : 955.1620483398438,
              "p50" : 1484.484076499939,
              "p95" : 1759.8960876464844
            },
            "pasteMs" : {
              "max" : 0.9180307388305664,
              "min" : 0.06496906280517578,
              "p50" : 0.07605552673339844,
              "p95" : 0.811624526977539
            },
            "rewriteMs" : {
              "max" : 1166.6090488433838,
              "min" : 320.9819793701172,
              "p50" : 725.1260280609131,
              "p95" : 1108.9122533798218
            },
            "sttMs" : {
              "max" : 1421.6359853744507,
              "min" : 593.643069267273,
              "p50" : 631.5679550170898,
              "p95" : 1264.1448020935059
            },
            "totalStageMs" : {
              "max" : 1760.3281736373901,
              "min" : 956.0800790786743,
              "p50" : 1484.5601320266724,
              "p95" : 1760.0341320037842
            }
          },
          "iterations" : 5,
          "level" : "clean",
          "providers" : {
            "rewriteObserved" : [
              {
                "count" : 5,
                "model" : "inception/mercury",
                "path" : "openrouter"
              }
            ],
            "sttMode" : "batch",
            "sttObserved" : [
              {
                "count" : 5,
                "model" : "scribe_v2",
                "provider" : "ElevenLabs"
              }
            ]
          }
        },
        {
          "distributions" : {
            "encodeMs" : {
              "max" : 0,
              "min" : 0,
              "p50" : 0,
              "p95" : 0
            },
            "generationMs" : {
              "max" : 1973.4859466552734,
              "min" : 1050.747036933899,
              "p50" : 1251.2450218200684,
              "p95" : 1830.4879665374756
            },
            "pasteMs" : {
              "max" : 1.1909008026123047,
              "min" : 0.04303455352783203,
              "p50" : 0.051021575927734375,
              "p95" : 0.9747266769409177
            },
            "rewriteMs" : {
              "max" : 1343.0860042572021,
              "min" : 435.51695346832275,
              "p50" : 667.4540042877197,
              "p95" : 1208.0740213394165
            },
            "sttMs" : {
              "max" : 630.3999423980713,
              "min" : 583.7910175323486,
              "p50" : 615.2300834655762,
              "p95" : 629.5895576477051
            },
            "totalStageMs" : {
              "max" : 1973.5959768295288,
              "min" : 1050.7980585098267,
              "p50" : 1251.2880563735962,
              "p95" : 1830.8141708374023
            }
          },
          "iterations" : 5,
          "level" : "polish",
          "providers" : {
            "rewriteObserved" : [
              {
                "count" : 5,
                "model" : "inception/mercury",
                "path" : "openrouter"
              }
            ],
            "sttMode" : "batch",
            "sttObserved" : [
              {
                "count" : 5,
                "model" : "scribe_v2",
                "provider" : "ElevenLabs"
              }
            ]
          }
        }
      ]
    },
    {
      "audioBytes" : 427630,
      "audioFile" : "fixture-medium.caf",
      "fixtureID" : "fixture-medium",
      "levels" : [
        {
          "distributions" : {
            "encodeMs" : {
              "max" : 0.010013580322265625,
              "min" : 0.0029802322387695312,
              "p50" : 0.0040531158447265625,
              "p95" : 0.009608268737792969
            },
            "generationMs" : {
              "max" : 1299.0230321884155,
              "min" : 1040.6190156936646,
              "p50" : 1183.3339929580688,
              "p95" : 1281.7232370376587
            },
            "pasteMs" : {
              "max" : 0.2560615539550781,
              "min" : 0.010967254638671875,
              "p50" : 0.051021575927734375,
              "p95" : 0.2158403396606445
            },
            "rewriteMs" : {
              "max" : 0,
              "min" : 0,
              "p50" : 0,
              "p95" : 0
            },
            "sttMs" : {
              "max" : 1299.0200519561768,
              "min" : 1040.6110286712646,
              "p50" : 1183.3239793777466,
              "p95" : 1281.7200422286987
            },
            "totalStageMs" : {
              "max" : 1299.2790937423706,
              "min" : 1040.645956993103,
              "p50" : 1183.3449602127075,
              "p95" : 1281.9382905960083
            }
          },
          "iterations" : 5,
          "level" : "raw",
          "providers" : {
            "sttMode" : "batch",
            "sttObserved" : [
              {
                "count" : 5,
                "model" : "scribe_v2",
                "provider" : "ElevenLabs"
              }
            ]
          }
        },
        {
          "distributions" : {
            "encodeMs" : {
              "max" : 0.007987022399902344,
              "min" : 0.0040531158447265625,
              "p50" : 0.0059604644775390625,
              "p95" : 0.0077724456787109375
            },
            "generationMs" : {
              "max" : 2515.923023223877,
              "min" : 1458.9990377426147,
              "p50" : 2199.786901473999,
              "p95" : 2504.1264057159424
            },
            "pasteMs" : {
              "max" : 0.3439188003540039,
              "min" : 0.033974647521972656,
              "p50" : 0.07200241088867188,
              "p95" : 0.29811859130859375
            },
            "rewriteMs" : {
              "max" : 1151.2709856033325,
              "min" : 430.2849769592285,
              "p50" : 1017.4959897994995,
              "p95" : 1149.2013931274414
            },
            "sttMs" : {
              "max" : 1439.437985420227,