{
  "audioBytes" : 558044,
  "audioFile" : "2 fixtures",
  "commitSHA" : "fc8eccb1402f99a2b742073a6c31c4671ef17080",
  "fixtureResults" : [
    {
      "audioBytes" : 130414,
      "audioFile" : "fixture-short.caf",
      "fixtureID" : "fixture-short",
      "levels" : [
        {
          "distributions" : {
            "encodeMs" : {
              "max" : 0,
              "min" : 0,
              "p50" : 0,
              "p95" : 0
            },
            "generationMs" : {
              "max" : 898.7759351730347,
              "min" : 571.5190172195435,
              "p50" : 619.4939613342285,
              "p95" : 851.8855571746826
            },
            "pasteMs" : {
              "max" : 0.0959634780883789,
              "min" : 0.013947486877441406,
              "p50" : 0.01800060272216797,
              "p95" : 0.09036064147949219
            },
            "rewriteMs" : {
              "max" : 0,
              "min" : 0,
              "p50" : 0,
              "p95" : 0
            },
            "sttMs" : {
              "max" : 898.7759351730347,
              "min" : 571.5190172195435,
              "p50" : 619.4939613342285,
              "p95" : 851.8855571746826
            },
            "totalStageMs" : {
              "max" : 898.8438844680786,
              "min" : 571.5370178222656,
              "p50" : 619.507908821106,
              "p95" : 851.9591093063354
            }
          },
          "iterations" : 5,
          "level" : "raw",
          "providers" : {
            "sttMode" : "batch",
            "sttObserved" : [
              {
                "count" : 5,
                "model" : "scribe_v2",
                "provider" : "ElevenLabs"
              }
            ]
          }
        },
        {
          "distributions" : {
            "encodeMs" : {
              "max" : 0,
              "min" : 0,
              "p50" : 0,
              "p95" : 0
            },
            "generationMs" : {
              "max" : 1786.9951725006104,
              "min" : 956.8190574645996,
              "p50" : 1285.7221364974976,
              "p95" : 1720.9907531738281
            },
            "pasteMs" : {
              "max" : 2.435922622680664,
              "min" : 0.02193450927734375,
              "p50" : 0.12099742889404297,
              "p95" : 2.0597457885742183
            },
            "rewriteMs" : {
              "max" : 1206.9140672683716,
              "min" : 286.17405891418457,
              "p50" : 697.9800462722778,
              "p95" : 1137.9538536071777
            },
            "sttMs" : {
              "max" : 928.476095199585,
              "min" : 580.0811052322388,
              "p50" : 594.8600769042969,
              "p95" : 876.909875869751
            },
            "totalStageMs" : {
              "max" : 1789.431095123291,
              "min" : 956.840991973877,
              "p50" : 1285.8431339263916,
              "p95" : 1722.9456901550293
            }
          },
          "iterations" : 5,
          "level" : "clean",
          "providers" : {
            "rewriteObserved" : [
              {
                "count" : 5,
                "model" : "inception/mercury",
                "path" : "openrouter"
              }
            ],
            "sttMode" : "batch",
            "sttObserved" : [
              {
                "count" : 5,
                "model" : "scribe_v2",
                "provider" : "ElevenLabs"
              }
            ]
          }
        },
        {
          "distributions" : {
            "encodeMs" : {
              "max" : 0,
              "min" : 0,
              "p50" : 0,
              "p95" : 0
            },
            "generationMs" : {
              "max" : 2329.8280239105225,
              "min" : 1054.8498630523682,
              "p50" : 1640.3090953826904,
              "p95" : 2259.6532106399536
            },
            "pasteMs" : {
              "max" : 0.4659891128540039,
              "min" : 0.025987625122070312,
              "p50" : 0.054001808166503906,
              "p95" : 0.4162073135375976
            },
            "rewriteMs" : {
              "max" : 1741.913080215454,
              "min" : 461.12895011901855,
              "p50" : 712.7780914306641,
              "p95" : 1633.504056930542
            },
            "sttMs" : {
              "max" : 927.5310039520264,
              "min" : 587.9149436950684,
              "p50" : 608.4399223327637,
              "p95" : 897.842001914978
            },
            "totalStageMs" : {
              "max" : 2329.8550844192505,
              "min" : 1054.8758506774902,
              "p50" : 1640.363097190857,
              "p95" : 2259.7182750701904
            }
          },
          "iterations" : 5,
          "level" : "polish",
          "providers" : {
            "rewriteObserved" : [
              {
                "count" : 5,
                "model" : "inception/mercury",
                "path" : "openrouter"
              }
            ],
            "sttMode" : "batch",
            "sttObserved" : [
              {
                "count" : 5,
                "model" : "scribe_v2",
                "provider" : "ElevenLabs"
              }
            ]
          }
        }
      ]
    },
    {
      "audioBytes" : 427630,
      "audioFile" : "fixture-medium.caf",
      "fixtureID" : "fixture-medium",
      "levels" : [
        {
          "distributions" : {
            "encodeMs" : {
              "max" : 0.009059906005859375,
              "min" : 0.0020265579223632812,
              "p50" : 0.0050067901611328125,
              "p95" : 0.008845329284667969
            },
            "generationMs" : {
              "max" : 2249.764919281006,
              "min" : 1025.5489349365234,
              "p50" : 1434.9889755249023,
              "p95" : 2087.1185302734375
            },
            "pasteMs" : {
              "max" : 1.1670589447021484,
              "min" : 0.015974044799804688,
              "p50" : 0.051021575927734375,
              "p95" : 0.9526491165161131
            },
            "rewriteMs" : {
              "max" : 0,
              "min" : 0,
              "p50" : 0,
              "p95" : 0
            },
            "sttMs" : {
              "max" : 2249.756932258606,
              "min" : 1025.5459547042847,
              "p50" : 1434.9839687347412,
              "p95" : 2087.1103286743164
            },
            "totalStageMs" : {
              "max" : 2250.931978225708,
              "min" : 1025.5669355392456,
              "p50" : 1435.0839853286743,
              "p95" : 2088.055372238159
            }
          },
          "iterations" : 5,
          "level" : "raw",
          "providers" : {
            "sttMode" : "batch",
            "sttObserved" : [
              {
                "count" : 5,
                "model" : "scribe_v2",
                "provider" : "ElevenLabs"
              }
            ]
          }
        },
        {
          "distributions" : {
            "encodeMs" : {
              "max" : 0.009059906005859375,
              "min" : 0.0019073486328125,
              "p50" : 0.0029802322387695312,
              "p95" : 0.008654594421386719
            },
            "generationMs" : {
              "max" : 3206.127166748047,
              "min" : 1767.1940326690674,
              "p50" : 2140.6049728393555,
              "p95" : 3074.9649047851562
            },
            "pasteMs" : {
              "max" : 0.5750656127929688,
              "min" : 0.027060508728027344,
              "p50" : 0.3560781478881836,
              "p95" : 0.5378484725952148
            },
            "rewriteMs" : {
              "max" : 1447.924017906189,
              "min" : 674.2349863052368,
              "p50" : 818.1780576705933,
              "p95" : 1342.1786069869995
            },
            "sttMs" : {
              "max" : 1758.194088935852,
              "min" : 949.0129947662354,