{
  "audioBytes" : 558044,
  "audioFile" : "2 fixtures",
  "commitSHA" : "c01eb0209842faec3bd6a562b570c16e083386f8",
  "fixtureResults" : [
    {
      "audioBytes" : 130414,
      "audioFile" : "fixture-short.caf",
      "fixtureID" : "fixture-short",
      "levels" : [
        {
          "distributions" : {
            "encodeMs" : {
              "max" : 0,
              "min" : 0,
              "p50" : 0,
              "p95" : 0
            },
            "generationMs" : {
              "max" : 2340.680956840515,
              "min" : 623.2030391693115,
              "p50" : 747.5990056991577,
              "p95" : 2023.5299587249754
            },
            "pasteMs" : {
              "max" : 0.3160238265991211,
              "min" : 0.028967857360839844,
              "p50" : 0.051975250244140625,
              "p95" : 0.2681970596313476
            },
            "rewriteMs" : {
              "max" : 0,
              "min" : 0,
              "p50" : 0,
              "p95" : 0
            },
            "sttMs" : {
              "max" : 2340.680956840515,
              "min" : 623.2030391693115,
              "p50" : 747.5990056991577,
              "p95" : 2023.5299587249754
            },
            "totalStageMs" : {
              "max" : 2340.9969806671143,
              "min" : 623.2320070266724,
              "p50" : 747.675895690918,
              "p95" : 2023.7909793853757
            }
          },
          "iterations" : 5,
          "level" : "raw",
          "providers" : {
            "sttMode" : "batch",
            "sttObserved" : [
              {
                "count" : 5,
                "model" : "scribe_v2",
                "provider" : "ElevenLabs"
              }
            ]
          }
        },
        {
          "distributions" : {
            "encodeMs" : {
              "max" : 0,
              "min" : 0,
              "p50" : 0,
              "p95" : 0
            },
            "generationMs" : {
              "max" : 1706.7691087722778,
              "min" : 929.7890663146973,
              "p50" : 1048.7940311431885,
              "p95" : 1584.2748880386353
            },
            "pasteMs" : {
              "max" : 0.19299983978271484,
              "min" : 0.01990795135498047,
              "p50" : 0.15497207641601562,
              "p95" : 0.18918514251708984
            },
            "rewriteMs" : {
              "max" : 437.4459981918335,
              "min" : 266.3240432739258,
              "p50" : 352.7170419692993,
              "p95" : 421.44601345062256
            },
            "sttMs" : {
              "max" : 1349.323034286499,
              "min" : 656.8520069122314,
              "p50" : 696.0769891738892,
              "p95" : 1219.8118209838867
            },
            "totalStageMs" : {
              "max" : 1706.9240808486938,
              "min" : 929.9629926681519,
              "p50" : 1048.9870309829712,
              "p95" : 1584.4244480133057
            }
          },
          "iterations" : 5,
          "level" : "clean",
          "providers" : {
            "rewriteObserved" : [
              {
                "count" : 5,
                "model" : "google/gemini-2.5-flash-lite",
                "path" : "openrouter"
              }
            ],
            "sttMode" : "batch",
            "sttObserved" : [
              {
                "count" : 5,
                "model" : "scribe_v2",
                "provider" : "ElevenLabs"
              }
            ]
          }
        },
        {
          "distributions" : {
            "encodeMs" : {
              "max" : 0,
              "min" : 0,
              "p50" : 0,
              "p95" : 0
            },
            "generationMs" : {
              "max" : 5847.081899642944,
              "min" : 1123.1999397277832,
              "p50" : 1177.290916442871,
              "p95" : 4978.241896629333
            },
            "pasteMs" : {
              "max" : 0.14400482177734375,
              "min" : 0.054001808166503906,
              "p50" : 0.0820159912109375,
              "p95" : 0.14040470123291016
            },
            "rewriteMs" : {
              "max" : 5141.589999198914,
              "min" : 490.3680086135864,
              "p50" : 535.256028175354,
              "p95" : 4252.20239162445
            },
            "sttMs" : {
              "max" : 808.229923248291,
              "min" : 622.9499578475952,
              "p50" : 653.8059711456299,
              "p95" : 787.682318687439
            },
            "totalStageMs" : {
              "max" : 5847.2079038619995,
              "min" : 1123.268961906433,
              "p50" : 1177.4349212646484,
              "p95" : 4978.359103202819
            }
          },
          "iterations" : 5,
          "level" : "polish",
          "providers" : {
            "rewriteObserved" : [
              {
                "count" : 5,
                "model" : "x-ai/grok-4.1-fast",
                "path" : "openrouter"
              }
            ],
            "sttMode" : "batch",
            "sttObserved" : [
              {
                "count" : 5,
                "model" : "scribe_v2",
                "provider" : "ElevenLabs"
              }
            ]
          }
        }
      ]
    },
    {
      "audioBytes" : 427630,
      "audioFile" : "fixture-medium.caf",
      "fixtureID" : "fixture-medium",
      "levels" : [
        {
          "distributions" : {
            "encodeMs" : {
              "max" : 33.34999084472656,
              "min" : 18.8370943069458,
              "p50" : 20.811915397644043,
              "p95" : 31.48019313812256
            },
            "generationMs" : {
              "max" : 1851.3370752334595,
              "min" : 1101.564884185791,
              "p50" : 1114.6680116653442,
              "p95" : 1708.9998722076416
            },
            "pasteMs" : {
              "max" : 0.17499923706054688,
              "min" : 0.11396408081054688,
              "p50" : 0.1220703125,
              "p95" : 0.17218589782714844
            },
            "rewriteMs" : {
              "max" : 0,
              "min" : 0,
              "p50" : 0,
              "p95" : 0
            },
            "sttMs" : {
              "max" : 1832.4999809265137,
              "min" : 1074.1380453109741,
              "p50" : 1095.5719947814941,
              "p95" : 1689.1299962997437
            },
            "totalStageMs" : {
              "max" : 1851.51207447052,
              "min" : 1101.6788482666016,
              "p50" : 1114.8289442062378,
              "p95" : 1709.1640710830688
            }
          },
          "iterations" : 5,
          "level" : "raw",
          "providers" : {
            "sttMode" : "batch",
            "sttObserved" : [
              {
                "count" : 5,
                "model" : "scribe_v2",
                "provider" : "ElevenLabs"
              }
            ]
          }
        },
        {
          "distributions" : {
            "encodeMs" : {
              "max" : 52.352070808410645,
              "min" : 18.707990646362305,
              "p50" : 48.002004623413086,
              "p95" : 52.23846435546875
            },
            "generationMs" : {
              "max" : 2194.3711042404175,
              "min" : 1609.6969842910767,
              "p50" : 1787.9509925842285,
              "p95" : 2132.042074203491
            },
            "pasteMs" : {
              "max" : 0.16188621520996094,
              "min" : 0.11301040649414062,
              "p50" : 0.12695789337158203,
              "p95" : 0.15590190887451172
            },
            "rewriteMs" : {
              "max" : 445.7319974899292,
              "min" : 334.3930244445801,
              "p50" : 413.5749340057373,
              "p95" : 439.6384000778198
            },
            "sttMs" : {
              "max" : 1807.6260089874268,
              "min" : 1150.393009185791,