{
  "audioBytes" : 558044,
  "audioFile" : "2 fixtures",
  "commitSHA" : "96f23a52080528b2a748ca745f03596160428c57",
  "fixtureResults" : [
    {
      "audioBytes" : 130414,
      "audioFile" : "fixture-short.caf",
      "fixtureID" : "fixture-short",
      "levels" : [
        {
          "distributions" : {
            "encodeMs" : {
              "max" : 0,
              "min" : 0,
              "p50" : 0,
              "p95" : 0
            },
            "generationMs" : {
              "max" : 690.0389194488525,
              "min" : 589.6289348602295,
              "p50" : 617.108941078186,
              "p95" : 685.863733291626
            },
            "pasteMs" : {
              "max" : 0.09000301361083984,
              "min" : 0.01800060272216797,
              "p50" : 0.07796287536621094,
              "p95" : 0.08780956268310547
            },
            "rewriteMs" : {
              "max" : 0,
              "min" : 0,
              "p50" : 0,
              "p95" : 0
            },
            "sttMs" : {
              "max" : 690.0389194488525,
              "min" : 589.6289348602295,
              "p50" : 617.108941078186,
              "p95" : 685.863733291626
            },
            "totalStageMs" : {
              "max" : 690.1179552078247,
              "min" : 589.7189378738403,
              "p50" : 617.1269416809082,
              "p95" : 685.942554473877
            }
          },
          "iterations" : 5,
          "level" : "raw",
          "providers" : {
            "sttMode" : "batch",
            "sttObserved" : [
              {
                "count" : 5,
                "model" : "scribe_v2",
                "provider" : "ElevenLabs"
              }
            ]
          }
        },
        {
          "distributions" : {
            "encodeMs" : {
              "max" : 0,
              "min" : 0,
              "p50" : 0,
              "p95" : 0
            },
            "generationMs" : {
              "max" : 1153.2968282699585,
              "min" : 890.9260034561157,
              "p50" : 961.9799852371216,
              "p95" : 1128.1562566757202
            },
            "pasteMs" : {
              "max" : 0.1760721206665039,
              "min" : 0.048995018005371094,
              "p50" : 0.10001659393310547,
              "p95" : 0.17347335815429688
            },
            "rewriteMs" : {
              "max" : 445.8119869232178,
              "min" : 274.9919891357422,
              "p50" : 351.1260747909546,
              "p95" : 432.74738788604736
            },
            "sttMs" : {
              "max" : 836.7209434509277,
              "min" : 581.4909934997559,
              "p50" : 585.9190225601196,
              "p95" : 792.5635576248169
            },
            "totalStageMs" : {
              "max" : 1153.3458232879639,
              "min" : 891.1020755767822,
              "p50" : 962.143063545227,
              "p95" : 1128.2154560089111
            }
          },
          "iterations" : 5,
          "level" : "clean",
          "providers" : {
            "rewriteObserved" : [
              {
                "count" : 5,
                "model" : "google/gemini-2.5-flash-lite",
                "path" : "openrouter"
              }
            ],
            "sttMode" : "batch",
            "sttObserved" : [
              {
                "count" : 5,
                "model" : "scribe_v2",
                "provider" : "ElevenLabs"
              }
            ]
          }
        },
        {
          "distributions" : {
            "encodeMs" : {
              "max" : 0,
              "min" : 0,
              "p50" : 0,
              "p95" : 0
            },
            "generationMs" : {
              "max" : 2222.3390340805054,
              "min" : 941.8990612030029,
              "p50" : 1060.052990913391,
              "p95" : 1993.5842275619505
            },
            "pasteMs" : {
              "max" : 0.15604496002197266,
              "min" : 0.026941299438476562,
              "p50" : 0.11909008026123047,
              "p95" : 0.15323162078857422
            },
            "rewriteMs" : {
              "max" : 1647.8769779205322,
              "min" : 355.40497303009033,
              "p50" : 461.96603775024414,
              "p95" : 1424.1463899612424
            },
            "sttMs" : {
              "max" : 604.2900085449219,
              "min" : 549.3409633636475,
              "p50" : 586.4940881729126,
              "p95" : 603.0493974685669
            },
            "totalStageMs" : {
              "max" : 2222.3809957504272,
              "min" : 942.0410394668579,
              "p50" : 1060.1720809936523,
              "p95" : 1993.6231851577757
            }
          },
          "iterations" : 5,
          "level" : "polish",
          "providers" : {
            "rewriteObserved" : [
              {
                "count" : 5,
                "model" : "x-ai/grok-4.1-fast",
                "path" : "openrouter"
              }
            ],
            "sttMode" : "batch",
            "sttObserved" : [
              {
                "count" : 5,
                "model" : "scribe_v2",
                "provider" : "ElevenLabs"
              }
            ]
          }
        }
      ]
    },
    {
      "audioBytes" : 427630,
      "audioFile" : "fixture-medium.caf",
      "fixtureID" : "fixture-medium",
      "levels" : [
        {
          "distributions" : {
            "encodeMs" : {
              "max" : 49.37303066253662,
              "min" : 17.53103733062744,
              "p50" : 32.148003578186035,
              "p95" : 48.73940944671631
            },
            "generationMs" : {
              "max" : 1343.3619737625122,
              "min" : 1083.5249423980713,
              "p50" : 1139.3499374389648,
              "p95" : 1340.1643514633179
            },
            "pasteMs" : {
              "max" : 0.22900104522705078,
              "min" : 0.04696846008300781,
              "p50" : 0.07200241088867188,
              "p95" : 0.19860267639160153
            },
            "rewriteMs" : {
              "max" : 0,
              "min" : 0,
              "p50" : 0,
              "p95" : 0
            },
            "sttMs" : {
              "max" : 1325.8309364318848,
              "min" : 1037.3200178146362,
              "p50" : 1089.9769067764282,
              "p95" : 1321.8957424163818
            },
            "totalStageMs" : {
              "max" : 1343.4089422225952,
              "min" : 1083.601951599121,
              "p50" : 1139.4219398498535,
              "p95" : 1340.2477264404297
            }
          },
          "iterations" : 5,
          "level" : "raw",
          "providers" : {
            "sttMode" : "batch",
            "sttObserved" : [
              {
                "count" : 5,
                "model" : "scribe_v2",
                "provider" : "ElevenLabs"
              }
            ]
          }
        },
        {
          "distributions" : {
            "encodeMs" : {
              "max" : 53.54905128479004,
              "min" : 17.54891872406006,
              "p50" : 46.658992767333984,
              "p95" : 52.52642631530762
            },
            "generationMs" : {
              "max" : 1597.4489450454712,
              "min" : 1379.140853881836,
              "p50" : 1423.8309860229492,
              "p95" : 1587.4845504760742
            },
            "pasteMs" : {
              "max" : 0.18906593322753906,
              "min" : 0.07200241088867188,
              "p50" : 0.13899803161621094,
              "p95" : 0.1880645751953125
            },
            "rewriteMs" : {
              "max" : 375.0540018081665,
              "min" : 282.64808654785156,
              "p50" : 336.43293380737305,
              "p95" : 367.4823999404907
            },
            "sttMs" : {
              "max" : 1258.3940029144287,
              "min" : 1025.1590013504028,