{
  "audioBytes" : 558044,
  "audioFile" : "2 fixtures",
  "commitSHA" : "fac0a6558c7ac8abce7ed142ea4319b0bcc0e351",
  "fixtureResults" : [
    {
      "audioBytes" : 130414,
      "audioFile" : "fixture-short.caf",
      "fixtureID" : "fixture-short",
      "levels" : [
        {
          "distributions" : {
            "encodeMs" : {
              "max" : 0,
              "min" : 0,
              "p50" : 0,
              "p95" : 0
            },
            "generationMs" : {
              "max" : 183.13896656036377,
              "min" : 77.81708240509033,
              "p50" : 103.29902172088623,
              "p95" : 170.01338005065918
            },
            "pasteMs" : {
              "max" : 0.04506111145019531,
              "min" : 0.02002716064453125,
              "p50" : 0.028014183044433594,
              "p95" : 0.04405975341796875
            },
            "rewriteMs" : {
              "max" : 0,
              "min" : 0,
              "p50" : 0,
              "p95" : 0
            },
            "sttMs" : {
              "max" : 183.13896656036377,
              "min" : 77.81708240509033,
              "p50" : 103.29902172088623,
              "p95" : 170.01338005065918
            },
            "totalStageMs" : {
              "max" : 183.17902088165283,
              "min" : 77.86214351654053,
              "p50" : 103.32703590393066,
              "p95" : 170.04942893981934
            }
          },
          "iterations" : 5,
          "level" : "raw",
          "providers" : {
            "sttMode" : "mock",
            "sttObserved" : [
              {
                "count" : 5,
                "model" : "fixed-delay-v1",
                "provider" : "DeterministicSTT"
              }
            ]
          }
        },
        {
          "distributions" : {
            "encodeMs" : {
              "max" : 0,
              "min" : 0,
              "p50" : 0,
              "p95" : 0
            },
            "generationMs" : {
              "max" : 436.5910291671753,
              "min" : 250.73087215423584,
              "p50" : 295.78983783721924,
              "p95" : 414.4216060638428
            },
            "pasteMs" : {
              "max" : 0.6279945373535156,
              "min" : 0.054001808166503906,
              "p50" : 0.10001659393310547,
              "p95" : 0.5295991897583007
            },
            "rewriteMs" : {
              "max" : 253.7820339202881,
              "min" : 116.2480115890503,
              "p50" : 168.40100288391113,
              "p95" : 247.54481315612793
            },
            "sttMs" : {
              "max" : 209.4959020614624,
              "min" : 73.19390773773193,
              "p50" : 101.24790668487549,
              "p95" : 204.15852069854736
            },
            "totalStageMs" : {
              "max" : 436.6910457611084,
              "min" : 250.86688995361328,
              "p50" : 296.41783237457275,
              "p95" : 414.51501846313477
            }
          },
          "iterations" : 5,
          "level" : "clean",
          "providers" : {
            "rewriteObserved" : [
              {
                "count" : 5,
                "model" : "inception/mercury",
                "path" : "deterministic"
              }
            ],
            "sttMode" : "mock",
            "sttObserved" : [
              {
                "count" : 5,
                "model" : "fixed-delay-v1",
                "provider" : "DeterministicSTT"
              }
            ]
          }
        },
        {
          "distributions" : {
            "encodeMs" : {
              "max" : 0,
              "min" : 0,
              "p50" : 0,
              "p95" : 0
            },
            "generationMs" : {
              "max" : 408.3869457244873,
              "min" : 336.5309238433838,
              "p50" : 390.8320665359497,
              "p95" : 408.306360244751
            },
            "pasteMs" : {
              "max" : 0.2180337905883789,
              "min" : 0.08499622344970703,
              "p50" : 0.17201900482177734,
              "p95" : 0.21083354949951172
            },
            "rewriteMs" : {
              "max" : 280.6180715560913,
              "min" : 166.13399982452393,
              "p50" : 215.42596817016602,
              "p95" : 272.4708557128906
            },
            "sttMs" : {
              "max" : 211.6180658340454,
              "min" : 121.10495567321777,
              "p50" : 168.5049533843994,
              "p95" : 208.7686538696289
            },
            "totalStageMs" : {
              "max" : 408.56897830963135,
              "min" : 336.70294284820557,
              "p50" : 390.9170627593994,
              "p95" : 408.4955930709839
            }
          },
          "iterations" : 5,
          "level" : "polish",
          "providers" : {
            "rewriteObserved" : [
              {
                "count" : 5,
                "model" : "inception/mercury",
                "path" : "deterministic"
              }
            ],
            "sttMode" : "mock",
            "sttObserved" : [
              {
                "count" : 5,
                "model" : "fixed-delay-v1",
                "provider" : "DeterministicSTT"
              }
            ]
          }
        }
      ]
    },
    {
      "audioBytes" : 427630,
      "audioFile" : "fixture-medium.caf",
      "fixtureID" : "fixture-medium",
      "levels" : [
        {
          "distributions" : {
            "encodeMs" : {
              "max" : 0,
              "min" : 0,
              "p50" : 0,
              "p95" : 0
            },
            "generationMs" : {
              "max" : 203.3379077911377,
              "min" : 99.99203681945801,
              "p50" : 101.98497772216797,
              "p95" : 187.76390552520752
            },
            "pasteMs" : {
              "max" : 0.05698204040527344,
              "min" : 0.010013580322265625,
              "p50" : 0.01895427703857422,
              "p95" : 0.050783157348632806
            },
            "rewriteMs" : {
              "max" : 0,
              "min" : 0,
              "p50" : 0,
              "p95" : 0
            },
            "sttMs" : {
              "max" : 203.3379077911377,
              "min" : 99.99203681945801,
              "p50" : 101.98497772216797,
              "p95" : 187.76390552520752
            },
            "totalStageMs" : {
              "max" : 203.36389541625977,
              "min" : 100.00205039978027,
              "p50" : 102.04195976257324,
              "p95" : 187.7884864807129
            }
          },
          "iterations" : 5,
          "level" : "raw",
          "providers" : {
            "sttMode" : "mock",
            "sttObserved" : [
              {
                "count" : 5,
                "model" : "fixed-delay-v1",
                "provider" : "DeterministicSTT"
              }
            ]
          }
        },
        {
          "distributions" : {
            "encodeMs" : {
              "max" : 0,
              "min" : 0,
              "p50" : 0,
              "p95" : 0
            },
            "generationMs" : {
              "max" : 458.40299129486084,
              "min" : 262.89498805999756,
              "p50" : 312.6319646835327,
              "p95" : 441.2260055541992
            },
            "pasteMs" : {
              "max" : 0.9399652481079102,
              "min" : 0.1220703125,
              "p50" : 0.15997886657714844,
              "p95" : 0.7949590682983397
            },
            "rewriteMs" : {
              "max" : 258.0549716949463,
              "min" : 101.31096839904785,
              "p50" : 156.60405158996582,
              "p95" : 249.46458339691162
            },
            "sttMs" : {
              "max" : 220.6050157546997,
              "min" : 65.70696830749512,
              "p50" : 200.34801959991455,
              "p95" : 218.74821186065674
            },