{
  "audioBytes" : 558044,
  "audioFile" : "2 fixtures",
  "commitSHA" : "fac0a6558c7ac8abce7ed142ea4319b0bcc0e351",
  "fixtureResults" : [
    {
      "audioBytes" : 130414,
      "audioFile" : "fixture-short.caf",
      "fixtureID" : "fixture-short",
      "levels" : [
        {
          "distributions" : {
            "encodeMs" : {
              "max" : 0,
              "min" : 0,
              "p50" : 0,
              "p95" : 0
            },
            "generationMs" : {
              "max" : 723.0409383773804,
              "min" : 574.9490261077881,
              "p50" : 639.9160623550415,
              "p95" : 720.4193592071533
            },
            "pasteMs" : {
              "max" : 0.1329183578491211,
              "min" : 0.009059906005859375,
              "p50" : 0.09500980377197266,
              "p95" : 0.12574195861816406
            },
            "rewriteMs" : {
              "max" : 0,
              "min" : 0,
              "p50" : 0,
              "p95" : 0
            },
            "sttMs" : {
              "max" : 723.0409383773804,
              "min" : 574.9490261077881,
              "p50" : 639.9160623550415,
              "p95" : 720.4193592071533
            },
            "totalStageMs" : {
              "max" : 723.0499982833862,
              "min" : 575.0460624694824,
              "p50" : 640.0110721588135,
              "p95" : 720.4344034194946
            }
          },
          "iterations" : 5,
          "level" : "raw",
          "providers" : {
            "sttMode" : "batch",
            "sttObserved" : [
              {
                "count" : 5,
                "model" : "scribe_v2",
                "provider" : "ElevenLabs"
              }
            ]
          }
        },
        {
          "distributions" : {
            "encodeMs" : {
              "max" : 0,
              "min" : 0,
              "p50" : 0,
              "p95" : 0
            },
            "generationMs" : {
              "max" : 1150.858998298645,
              "min" : 875.6730556488037,
              "p50" : 1007.3100328445435,
              "p95" : 1134.527587890625
            },
            "pasteMs" : {
              "max" : 0.7439851760864258,
              "min" : 0.04601478576660156,
              "p50" : 0.09691715240478516,
              "p95" : 0.6681919097900391
            },
            "rewriteMs" : {
              "max" : 570.1830387115479,
              "min" : 287.87100315093994,
              "p50" : 404.9450159072876,
              "p95" : 543.8886165618896
            },
            "sttMs" : {
              "max" : 630.4910182952881,
              "min" : 580.6759595870972,
              "p50" : 589.3920660018921,
              "p95" : 624.8658180236816
            },
            "totalStageMs" : {
              "max" : 1150.9559154510498,
              "min" : 876.4170408248901,
              "p50" : 1007.3560476303101,
              "p95" : 1134.6781253814697
            }
          },
          "iterations" : 5,
          "level" : "clean",
          "providers" : {
            "rewriteObserved" : [
              {
                "count" : 5,
                "model" : "inception/mercury",
                "path" : "openrouter"
              }
            ],
            "sttMode" : "batch",
            "sttObserved" : [
              {
                "count" : 5,
                "model" : "scribe_v2",
                "provider" : "ElevenLabs"
              }
            ]
          }
        },
        {
          "distributions" : {
            "encodeMs" : {
              "max" : 0,
              "min" : 0,
              "p50" : 0,
              "p95" : 0
            },
            "generationMs" : {
              "max" : 1320.5820322036743,
              "min" : 1030.8400392532349,
              "p50" : 1231.1609983444214,
              "p95" : 1310.848617553711
            },
            "pasteMs" : {
              "max" : 0.18608570098876953,
              "min" : 0.06103515625,
              "p50" : 0.1100301742553711,
              "p95" : 0.17228126525878906
            },
            "rewriteMs" : {
              "max" : 734.4299554824829,
              "min" : 443.34304332733154,
              "p50" : 659.7200632095337,
              "p95" : 729.7063589096069
            },
            "sttMs" : {
              "max" : 606.1609983444214,
              "min" : 561.1029863357544,
              "p50" : 586.1520767211914,
              "p95" : 602.4281978607178
            },
            "totalStageMs" : {
              "max" : 1320.681095123291,
              "min" : 1030.9500694274902,
              "p50" : 1231.2220335006714,
              "p95" : 1310.951280593872
            }
          },
          "iterations" : 5,
          "level" : "polish",
          "providers" : {
            "rewriteObserved" : [
              {
                "count" : 5,
                "model" : "inception/mercury",
                "path" : "openrouter"
              }
            ],
            "sttMode" : "batch",
            "sttObserved" : [
              {
                "count" : 5,
                "model" : "scribe_v2",
                "provider" : "ElevenLabs"
              }
            ]
          }
        }
      ]
    },
    {
      "audioBytes" : 427630,
      "audioFile" : "fixture-medium.caf",
      "fixtureID" : "fixture-medium",
      "levels" : [
        {
          "distributions" : {
            "encodeMs" : {
              "max" : 0.009059906005859375,
              "min" : 0.0029802322387695312,
              "p50" : 0.007987022399902344,
              "p95" : 0.009059906005859375
            },
            "generationMs" : {
              "max" : 1590.9360647201538,
              "min" : 1020.3659534454346,
              "p50" : 1114.2200231552124,
              "p95" : 1533.1786155700684
            },
            "pasteMs" : {
              "max" : 0.17499923706054688,
              "min" : 0.011920928955078125,
              "p50" : 0.026941299438476562,
              "p95" : 0.14882087707519528
            },
            "rewriteMs" : {
              "max" : 0,
              "min" : 0,
              "p50" : 0,
              "p95" : 0
            },
            "sttMs" : {
              "max" : 1590.927004814148,
              "min" : 1020.3579664230347,
              "p50" : 1114.2170429229736,
              "p95" : 1533.1705808639526
            },
            "totalStageMs" : {
              "max" : 1590.947985649109,
              "min" : 1020.4100608825684,
              "p50" : 1114.395022392273,
              "p95" : 1533.1935405731201
            }
          },
          "iterations" : 5,
          "level" : "raw",
          "providers" : {
            "sttMode" : "batch",
            "sttObserved" : [
              {
                "count" : 5,
                "model" : "scribe_v2",
                "provider" : "ElevenLabs"
              }
            ]
          }
        },
        {
          "distributions" : {
            "encodeMs" : {
              "max" : 0.015974044799804688,
              "min" : 0.0020265579223632812,
              "p50" : 0.007987022399902344,
              "p95" : 0.015783309936523438
            },
            "generationMs" : {
              "max" : 2250.867009162903,
              "min" : 1619.5110082626343,
              "p50" : 1816.0419464111328,
              "p95" : 2204.84082698822
            },
            "pasteMs" : {
              "max" : 0.12290477752685547,
              "min" : 0.0680685043334961,
              "p50" : 0.09107589721679688,
              "p95" : 0.12073516845703125
            },
            "rewriteMs" : {
              "max" : 777.2649526596069,
              "min" : 548.5079288482666,
              "p50" : 640.3390169143677,
              "p95" : 773.1923818588257
            },
            "sttMs" : {
              "max" : 1473.6000299453735,
              "min" : 1019.5260047912598,