{
  "audioBytes" : 558044,
  "audioFile" : "2 fixtures",
  "commitSHA" : "ac6e9b1b22a660f23ce0a8653fe3f6d1d6fff414",
  "fixtureResults" : [
    {
      "audioBytes" : 130414,
      "audioFile" : "fixture-short.caf",
      "fixtureID" : "fixture-short",
      "levels" : [
        {
          "distributions" : {
            "encodeMs" : {
              "max" : 0,
              "min" : 0,
              "p50" : 0,
              "p95" : 0
            },
            "generationMs" : {
              "max" : 627.5119781494141,
              "min" : 562.9410743713379,
              "p50" : 599.2410182952881,
              "p95" : 626.6097784042358
            },
            "pasteMs" : {
              "max" : 0.1270771026611328,
              "min" : 0.028014183044433594,
              "p50" : 0.04589557647705078,
              "p95" : 0.11706352233886719
            },
            "rewriteMs" : {
              "max" : 0,
              "min" : 0,
              "p50" : 0,
              "p95" : 0
            },
            "sttMs" : {
              "max" : 627.5119781494141,
              "min" : 562.9410743713379,
              "p50" : 599.2410182952881,
              "p95" : 626.6097784042358
            },
            "totalStageMs" : {
              "max" : 627.5399923324585,
              "min" : 562.9709959030151,
              "p50" : 599.3680953979492,
              "p95" : 626.6413688659668
            }
          },
          "iterations" : 5,
          "level" : "raw",
          "providers" : {
            "sttMode" : "batch",
            "sttObserved" : [
              {
                "count" : 5,
                "model" : "scribe_v2",
                "provider" : "ElevenLabs"
              }
            ]
          }
        },
        {
          "distributions" : {
            "encodeMs" : {
              "max" : 0,
              "min" : 0,
              "p50" : 0,
              "p95" : 0
            },
            "generationMs" : {
              "max" : 1410.7279777526855,
              "min" : 897.8040218353271,
              "p50" : 1131.1489343643188,
              "p95" : 1367.659592628479
            },
            "pasteMs" : {
              "max" : 0.1329183578491211,
              "min" : 0.09500980377197266,
              "p50" : 0.10907649993896484,
              "p95" : 0.13191699981689453
            },
            "rewriteMs" : {
              "max" : 796.8180179595947,
              "min" : 349.5069742202759,
              "p50" : 539.5509004592896,
              "p95" : 755.3344249725342
            },
            "sttMs" : {
              "max" : 613.9099597930908,
              "min" : 548.2970476150513,
              "p50" : 595.6789255142212,
              "p95" : 612.3251676559448
            },
            "totalStageMs" : {
              "max" : 1410.823941230774,
              "min" : 897.9130983352661,
              "p50" : 1131.2768459320068,
              "p95" : 1367.755365371704
            }
          },
          "iterations" : 5,
          "level" : "clean",
          "providers" : {
            "rewriteObserved" : [
              {
                "count" : 5,
                "model" : "google/gemini-2.5-flash-lite",
                "path" : "openrouter"
              }
            ],
            "sttMode" : "batch",
            "sttObserved" : [
              {
                "count" : 5,
                "model" : "scribe_v2",
                "provider" : "ElevenLabs"
              }
            ]
          }
        },
        {
          "distributions" : {
            "encodeMs" : {
              "max" : 0,
              "min" : 0,
              "p50" : 0,
              "p95" : 0
            },
            "generationMs" : {
              "max" : 1814.9199485778809,
              "min" : 1009.4149112701416,
              "p50" : 1088.3710384368896,
              "p95" : 1673.8897800445557
            },
            "pasteMs" : {
              "max" : 0.5129575729370117,
              "min" : 0.026106834411621094,
              "p50" : 0.21898746490478516,
              "p95" : 0.4883766174316406
            },
            "rewriteMs" : {
              "max" : 1213.1609916687012,
              "min" : 430.9709072113037,
              "p50" : 507.09807872772217,
              "p95" : 1077.9802083969116
            },
            "sttMs" : {
              "max" : 601.7589569091797,
              "min" : 572.5120306015015,
              "p50" : 580.1100730895996,
              "p95" : 597.6617574691772
            },
            "totalStageMs" : {
              "max" : 1814.9460554122925,
              "min" : 1009.9278688430786,
              "p50" : 1088.5900259017944,
              "p95" : 1673.988676071167
            }
          },
          "iterations" : 5,
          "level" : "polish",
          "providers" : {
            "rewriteObserved" : [
              {
                "count" : 5,
                "model" : "x-ai/grok-4.1-fast",
                "path" : "openrouter"
              }
            ],
            "sttMode" : "batch",
            "sttObserved" : [
              {
                "count" : 5,
                "model" : "scribe_v2",
                "provider" : "ElevenLabs"
              }
            ]
          }
        }
      ]
    },
    {
      "audioBytes" : 427630,
      "audioFile" : "fixture-medium.caf",
      "fixtureID" : "fixture-medium",
      "levels" : [
        {
          "distributions" : {
            "encodeMs" : {
              "max" : 52.06799507141113,
              "min" : 22.078990936279297,
              "p50" : 47.35302925109863,
              "p95" : 51.28121376037598
            },
            "generationMs" : {
              "max" : 1381.8390369415283,
              "min" : 1099.9350547790527,
              "p50" : 1146.401047706604,
              "p95" : 1377.4832248687744
            },
            "pasteMs" : {
              "max" : 0.21910667419433594,
              "min" : 0.031948089599609375,
              "p50" : 0.10395050048828125,
              "p95" : 0.21648406982421875
            },
            "rewriteMs" : {
              "max" : 0,
              "min" : 0,
              "p50" : 0,
              "p95" : 0
            },
            "sttMs" : {
              "max" : 1333.704948425293,
              "min" : 1077.8560638427734,
              "p50" : 1109.8580360412598,
              "p95" : 1329.5053482055664
            },
            "totalStageMs" : {
              "max" : 1382.045030593872,
              "min" : 1100.0230312347412,
              "p50" : 1146.5049982070923,
              "p95" : 1377.6918411254883
            }
          },
          "iterations" : 5,
          "level" : "raw",
          "providers" : {
            "sttMode" : "batch",
            "sttObserved" : [
              {
                "count" : 5,
                "model" : "scribe_v2",
                "provider" : "ElevenLabs"
              }
            ]
          }
        },
        {
          "distributions" : {
            "encodeMs" : {
              "max" : 52.57606506347656,
              "min" : 18.864989280700684,
              "p50" : 48.50006103515625,
              "p95" : 52.20303535461426
            },
            "generationMs" : {
              "max" : 1931.9450855255127,
              "min" : 1502.761960029602,
              "p50" : 1813.6460781097412,
              "p95" : 1915.5808687210083
            },
            "pasteMs" : {
              "max" : 0.1550912857055664,
              "min" : 0.050067901611328125,
              "p50" : 0.11909008026123047,
              "p95" : 0.15366077423095703
            },
            "rewriteMs" : {
              "max" : 470.12507915496826,
              "min" : 380.7339668273926,
              "p50" : 384.1019868850708,
              "p95" : 468.32706928253174
            },
            "sttMs" : {
              "max" : 1420.6019639968872,
              "min" : 1099.364995956421,