{
  "audioBytes" : 558044,
  "audioFile" : "2 fixtures",
  "commitSHA" : "6103afd96caf51520965670875c332871318d8ab",
  "fixtureResults" : [
    {
      "audioBytes" : 130414,
      "audioFile" : "fixture-short.caf",
      "fixtureID" : "fixture-short",
      "levels" : [
        {
          "distributions" : {
            "encodeMs" : {
              "max" : 0,
              "min" : 0,
              "p50" : 0,
              "p95" : 0
            },
            "generationMs" : {
              "max" : 1114.8760318756104,
              "min" : 567.8650140762329,
              "p50" : 587.8289937973022,
              "p95" : 1010.1576328277587
            },
            "pasteMs" : {
              "max" : 0.225067138671875,
              "min" : 0.012993812561035156,
              "p50" : 0.07700920104980469,
              "p95" : 0.2206563949584961
            },
            "rewriteMs" : {
              "max" : 0,
              "min" : 0,
              "p50" : 0,
              "p95" : 0
            },
            "sttMs" : {
              "max" : 1114.8760318756104,
              "min" : 567.8650140762329,
              "p50" : 587.8289937973022,
              "p95" : 1010.1576328277587
            },
            "totalStageMs" : {
              "max" : 1114.8890256881714,
              "min" : 568.0680274963379,
              "p50" : 587.906002998352,
              "p95" : 1010.2130413055419
            }
          },
          "iterations" : 5,
          "level" : "raw",
          "providers" : {
            "sttMode" : "batch",
            "sttObserved" : [
              {
                "count" : 5,
                "model" : "scribe_v2",
                "provider" : "ElevenLabs"
              }
            ]
          }
        },
        {
          "distributions" : {
            "encodeMs" : {
              "max" : 0,
              "min" : 0,
              "p50" : 0,
              "p95" : 0
            },
            "generationMs" : {
              "max" : 1127.1508932113647,
              "min" : 888.5740041732788,
              "p50" : 978.9209365844727,
              "p95" : 1106.7703247070312
            },
            "pasteMs" : {
              "max" : 0.17905235290527344,
              "min" : 0.033020973205566406,
              "p50" : 0.15997886657714844,
              "p95" : 0.17642974853515625
            },
            "rewriteMs" : {
              "max" : 535.5409383773804,
              "min" : 306.32197856903076,
              "p50" : 415.41993618011475,
              "p95" : 514.8507595062256
            },
            "sttMs" : {
              "max" : 593.1580066680908,
              "min" : 563.5010004043579,
              "p50" : 582.252025604248,
              "p95" : 592.8483963012695
            },
            "totalStageMs" : {
              "max" : 1127.3168325424194,
              "min" : 888.733983039856,
              "p50" : 978.9539575576782,
              "p95" : 1106.929087638855
            }
          },
          "iterations" : 5,
          "level" : "clean",
          "providers" : {
            "rewriteObserved" : [
              {
                "count" : 5,
                "model" : "google/gemini-2.5-flash-lite",
                "path" : "openrouter"
              }
            ],
            "sttMode" : "batch",
            "sttObserved" : [
              {
                "count" : 5,
                "model" : "scribe_v2",
                "provider" : "ElevenLabs"
              }
            ]
          }
        },
        {
          "distributions" : {
            "encodeMs" : {
              "max" : 0,
              "min" : 0,
              "p50" : 0,
              "p95" : 0
            },
            "generationMs" : {
              "max" : 1213.6740684509277,
              "min" : 1051.8239736557007,
              "p50" : 1126.0749101638794,
              "p95" : 1206.219244003296
            },
            "pasteMs" : {
              "max" : 0.14007091522216797,
              "min" : 0.019073486328125,
              "p50" : 0.048995018005371094,
              "p95" : 0.1384735107421875
            },
            "rewriteMs" : {
              "max" : 608.1370115280151,
              "min" : 448.341965675354,
              "p50" : 540.4680967330933,
              "p95" : 604.3318033218384
            },
            "sttMs" : {
              "max" : 672.4939346313477,
              "min" : 550.3300428390503,
              "p50" : 603.4820079803467,
              "p95" : 659.1025590896606
            },
            "totalStageMs" : {
              "max" : 1213.6931419372559,
              "min" : 1051.9640445709229,
              "p50" : 1126.1239051818848,
              "p95" : 1206.2386989593506
            }
          },
          "iterations" : 5,
          "level" : "polish",
          "providers" : {
            "rewriteObserved" : [
              {
                "count" : 5,
                "model" : "x-ai/grok-4.1-fast",
                "path" : "openrouter"
              }
            ],
            "sttMode" : "batch",
            "sttObserved" : [
              {
                "count" : 5,
                "model" : "scribe_v2",
                "provider" : "ElevenLabs"
              }
            ]
          }
        }
      ]
    },
    {
      "audioBytes" : 427630,
      "audioFile" : "fixture-medium.caf",
      "fixtureID" : "fixture-medium",
      "levels" : [
        {
          "distributions" : {
            "encodeMs" : {
              "max" : 51.367998123168945,
              "min" : 16.453981399536133,
              "p50" : 47.81603813171387,
              "p95" : 51.1293888092041
            },
            "generationMs" : {
              "max" : 1578.3350467681885,
              "min" : 1065.5529499053955,
              "p50" : 1161.0279083251953,
              "p95" : 1502.1464347839355
            },
            "pasteMs" : {
              "max" : 0.18799304962158203,
              "min" : 0.04398822784423828,
              "p50" : 0.09500980377197266,
              "p95" : 0.17240047454833984
            },
            "rewriteMs" : {
              "max" : 0,
              "min" : 0,
              "p50" : 0,
              "p95" : 0
            },
            "sttMs" : {
              "max" : 1530.5190086364746,
              "min" : 1049.0819215774536,
              "p50" : 1144.5739269256592,
              "p95" : 1453.6200046539307
            },
            "totalStageMs" : {
              "max" : 1578.4450769424438,
              "min" : 1065.6460523605347,
              "p50" : 1161.0718965530396,
              "p95" : 1502.2720575332642
            }
          },
          "iterations" : 5,
          "level" : "raw",
          "providers" : {
            "sttMode" : "batch",
            "sttObserved" : [
              {
                "count" : 5,
                "model" : "scribe_v2",
                "provider" : "ElevenLabs"
              }
            ]
          }
        },
        {
          "distributions" : {
            "encodeMs" : {
              "max" : 52.55305767059326,
              "min" : 16.27504825592041,
              "p50" : 50.78995227813721,
              "p95" : 52.44903564453125
            },
            "generationMs" : {
              "max" : 1956.1541080474854,
              "min" : 1353.659987449646,
              "p50" : 1546.273112297058,
              "p95" : 1914.0968561172485
            },
            "pasteMs" : {
              "max" : 0.164031982421875,
              "min" : 0.11396408081054688,
              "p50" : 0.15997886657714844,
              "p95" : 0.1632213592529297
            },
            "rewriteMs" : {
              "max" : 467.6320552825928,
              "min" : 344.80392932891846,
              "p50" : 379.4410228729248,
              "p95" : 465.14244079589844
            },
            "sttMs" : {
              "max" : 1448.417067527771,
              "min" : 956.8231105804443,