{
  "audioBytes" : 558044,
  "audioFile" : "2 fixtures",
  "commitSHA" : "4a6f39e448711989fec79a727475dd167cbf16ab",
  "fixtureResults" : [
    {
      "audioBytes" : 130414,
      "audioFile" : "fixture-short.caf",
      "fixtureID" : "fixture-short",
      "levels" : [
        {
          "distributions" : {
            "encodeMs" : {
              "max" : 0,
              "min" : 0,
              "p50" : 0,
              "p95" : 0
            },
            "generationMs" : {
              "max" : 789.4129753112793,
              "min" : 507.9660415649414,
              "p50" : 565.9290552139282,
              "p95" : 753.1725883483887
            },
            "pasteMs" : {
              "max" : 0.11909008026123047,
              "min" : 0.0209808349609375,
              "p50" : 0.03802776336669922,
              "p95" : 0.10967254638671875
            },
            "rewriteMs" : {
              "max" : 0,
              "min" : 0,
              "p50" : 0,
              "p95" : 0
            },
            "sttMs" : {
              "max" : 789.4129753112793,
              "min" : 507.9660415649414,
              "p50" : 565.9290552139282,
              "p95" : 753.1725883483887
            },
            "totalStageMs" : {
              "max" : 789.4439697265625,
              "min" : 508.0380439758301,
              "p50" : 566.0481452941895,
              "p95" : 753.2015800476074
            }
          },
          "iterations" : 5,
          "level" : "raw",
          "providers" : {
            "sttMode" : "batch",
            "sttObserved" : [
              {
                "count" : 5,
                "model" : "scribe_v2",
                "provider" : "ElevenLabs"
              }
            ]
          }
        },
        {
          "distributions" : {
            "encodeMs" : {
              "max" : 0,
              "min" : 0,
              "p50" : 0,
              "p95" : 0
            },
            "generationMs" : {
              "max" : 986.0720634460449,
              "min" : 875.2321004867554,
              "p50" : 939.1849040985107,
              "p95" : 983.8856220245361
            },
            "pasteMs" : {
              "max" : 0.1850128173828125,
              "min" : 0.03707408905029297,
              "p50" : 0.07402896881103516,
              "p95" : 0.17821788787841797
            },
            "rewriteMs" : {
              "max" : 448.0670690536499,
              "min" : 296.4690923690796,
              "p50" : 373.3929395675659,
              "p95" : 436.9798421859741
            },
            "sttMs" : {
              "max" : 582.50892162323,
              "min" : 538.004994392395,
              "p50" : 578.7630081176758,
              "p95" : 582.1001291275024
            },
            "totalStageMs" : {
              "max" : 986.146092414856,
              "min" : 875.2990961074829,
              "p50" : 939.221978187561,
              "p95" : 983.9818477630615
            }
          },
          "iterations" : 5,
          "level" : "clean",
          "providers" : {
            "rewriteObserved" : [
              {
                "count" : 5,
                "model" : "google/gemini-2.5-flash-lite",
                "path" : "openrouter"
              }
            ],
            "sttMode" : "batch",
            "sttObserved" : [
              {
                "count" : 5,
                "model" : "scribe_v2",
                "provider" : "ElevenLabs"
              }
            ]
          }
        },
        {
          "distributions" : {
            "encodeMs" : {
              "max" : 0,
              "min" : 0,
              "p50" : 0,
              "p95" : 0
            },
            "generationMs" : {
              "max" : 1404.0279388427734,
              "min" : 915.3639078140259,
              "p50" : 957.4110507965088,
              "p95" : 1333.5907697677612
            },
            "pasteMs" : {
              "max" : 0.04303455352783203,
              "min" : 0.02396106719970703,
              "p50" : 0.04100799560546875,
              "p95" : 0.04303455352783203
            },
            "rewriteMs" : {
              "max" : 474.08103942871094,
              "min" : 337.9579782485962,
              "p50" : 352.83899307250977,
              "p95" : 451.14283561706543
            },
            "sttMs" : {
              "max" : 1066.0699605941772,
              "min" : 563.2519721984863,
              "p50" : 580.7600021362305,
              "p95" : 972.4601745605469
            },
            "totalStageMs" : {
              "max" : 1404.068946838379,
              "min" : 915.4069423675537,
              "p50" : 957.4360847473145,
              "p95" : 1333.6283683776855
            }
          },
          "iterations" : 5,
          "level" : "polish",
          "providers" : {
            "rewriteObserved" : [
              {
                "count" : 5,
                "model" : "x-ai/grok-4.1-fast",
                "path" : "openrouter"
              }
            ],
            "sttMode" : "batch",
            "sttObserved" : [
              {
                "count" : 5,
                "model" : "scribe_v2",
                "provider" : "ElevenLabs"
              }
            ]
          }
        }
      ]
    },
    {
      "audioBytes" : 427630,
      "audioFile" : "fixture-medium.caf",
      "fixtureID" : "fixture-medium",
      "levels" : [
        {
          "distributions" : {
            "encodeMs" : {
              "max" : 27.31001377105713,
              "min" : 19.505023956298828,
              "p50" : 20.02108097076416,
              "p95" : 26.282215118408203
            },
            "generationMs" : {
              "max" : 1187.8920793533325,
              "min" : 952.2030353546143,
              "p50" : 1018.6100006103516,
              "p95" : 1170.8448648452759
            },
            "pasteMs" : {
              "max" : 1.1260509490966797,
              "min" : 0.025033950805664062,
              "p50" : 0.0749826431274414,
              "p95" : 0.9192466735839842
            },
            "rewriteMs" : {
              "max" : 0,
              "min" : 0,
              "p50" : 0,
              "p95" : 0
            },
            "sttMs" : {
              "max" : 1165.72105884552,
              "min" : 932.6980113983154,
              "p50" : 998.9739656448364,
              "p95" : 1147.6460456848145
            },
            "totalStageMs" : {
              "max" : 1189.0181303024292,
              "min" : 952.2280693054199,
              "p50" : 1018.6439752578735,
              "p95" : 1171.7607021331787
            }
          },
          "iterations" : 5,
          "level" : "raw",
          "providers" : {
            "sttMode" : "batch",
            "sttObserved" : [
              {
                "count" : 5,
                "model" : "scribe_v2",
                "provider" : "ElevenLabs"
              }
            ]
          }
        },
        {
          "distributions" : {
            "encodeMs" : {
              "max" : 52.10089683532715,
              "min" : 18.306970596313477,
              "p50" : 31.029939651489258,
              "p95" : 52.02631950378418
            },
            "generationMs" : {
              "max" : 1557.7208995819092,
              "min" : 1350.1160144805908,
              "p50" : 1448.335886001587,
              "p95" : 1552.2316932678223
            },
            "pasteMs" : {
              "max" : 0.15294551849365234,
              "min" : 0.053048133850097656,
              "p50" : 0.09703636169433594,
              "p95" : 0.14955997467041016
            },
            "rewriteMs" : {
              "max" : 468.25098991394043,
              "min" : 282.62996673583984,
              "p50" : 414.17396068573,
              "p95" : 463.991379737854
            },
            "sttMs" : {
              "max" : 1124.6219873428345,
              "min" : 970.3530073165894,