{
  "audioBytes" : 558044,
  "audioFile" : "2 fixtures",
  "commitSHA" : "02e9de62b11f0e3da74b0d96e355634aeed27f34",
  "fixtureResults" : [
    {
      "audioBytes" : 130414,
      "audioFile" : "fixture-short.caf",
      "fixtureID" : "fixture-short",
      "levels" : [
        {
          "distributions" : {
            "encodeMs" : {
              "max" : 0,
              "min" : 0,
              "p50" : 0,
              "p95" : 0
            },
            "generationMs" : {
              "max" : 210.98506450653076,
              "min" : 101.88710689544678,
              "p50" : 106.48298263549805,
              "p95" : 209.49726104736328
            },
            "pasteMs" : {
              "max" : 0.06604194641113281,
              "min" : 0.01990795135498047,
              "p50" : 0.02300739288330078,
              "p95" : 0.05862712860107421
            },
            "rewriteMs" : {
              "max" : 0,
              "min" : 0,
              "p50" : 0,
              "p95" : 0
            },
            "sttMs" : {
              "max" : 210.98506450653076,
              "min" : 101.88710689544678,
              "p50" : 106.48298263549805,
              "p95" : 209.49726104736328
            },
            "totalStageMs" : {
              "max" : 211.00497245788574,
              "min" : 101.91011428833008,
              "p50" : 106.54902458190918,
              "p95" : 209.51898097991943
            }
          },
          "iterations" : 5,
          "level" : "raw",
          "providers" : {
            "sttMode" : "mock",
            "sttObserved" : [
              {
                "count" : 5,
                "model" : "fixed-delay-v1",
                "provider" : "DeterministicSTT"
              }
            ]
          }
        },
        {
          "distributions" : {
            "encodeMs" : {
              "max" : 0,
              "min" : 0,
              "p50" : 0,
              "p95" : 0
            },
            "generationMs" : {
              "max" : 303.320050239563,
              "min" : 185.85503101348877,
              "p50" : 221.25494480133057,
              "p95" : 300.12505054473877
            },
            "pasteMs" : {
              "max" : 0.30601024627685547,
              "min" : 0.05996227264404297,
              "p50" : 0.11396408081054688,
              "p95" : 0.28061866760253906
            },
            "rewriteMs" : {
              "max" : 136.12401485443115,
              "min" : 102.28502750396729,
              "p50" : 105.61800003051758,
              "p95" : 131.28480911254883
            },
            "sttMs" : {
              "max" : 181.72705173492432,
              "min" : 83.57000350952148,
              "p50" : 109.32695865631104,
              "p95" : 178.82084846496582
            },
            "totalStageMs" : {
              "max" : 303.38001251220703,
              "min" : 185.9610080718994,
              "p50" : 221.43399715423584,
              "p95" : 300.2342224121094
            }
          },
          "iterations" : 5,
          "level" : "clean",
          "providers" : {
            "rewriteObserved" : [
              {
                "count" : 5,
                "model" : "gemini-2.5-flash-lite",
                "path" : "deterministic"
              }
            ],
            "sttMode" : "mock",
            "sttObserved" : [
              {
                "count" : 5,
                "model" : "fixed-delay-v1",
                "provider" : "DeterministicSTT"
              }
            ]
          }
        },
        {
          "distributions" : {
            "encodeMs" : {
              "max" : 0,
              "min" : 0,
              "p50" : 0,
              "p95" : 0
            },
            "generationMs" : {
              "max" : 444.9028968811035,
              "min" : 371.02389335632324,
              "p50" : 408.3600044250488,
              "p95" : 440.2557134628296
            },
            "pasteMs" : {
              "max" : 0.20003318786621094,
              "min" : 0.10800361633300781,
              "p50" : 0.14603137969970703,
              "p95" : 0.19981861114501953
            },
            "rewriteMs" : {
              "max" : 314.924955368042,
              "min" : 187.94798851013184,
              "p50" : 262.45594024658203,
              "p95" : 304.51276302337646
            },
            "sttMs" : {
              "max" : 220.412015914917,
              "min" : 92.60201454162598,
              "p50" : 182.44695663452148,
              "p95" : 217.25220680236816
            },
            "totalStageMs" : {
              "max" : 445.0489282608032,
              "min" : 371.22392654418945,
              "p50" : 408.46800804138184,
              "p95" : 440.39974212646484
            }
          },
          "iterations" : 5,
          "level" : "polish",
          "providers" : {
            "rewriteObserved" : [
              {
                "count" : 5,
                "model" : "x-ai/grok-4.1-fast",
                "path" : "deterministic"
              }
            ],
            "sttMode" : "mock",
            "sttObserved" : [
              {
                "count" : 5,
                "model" : "fixed-delay-v1",
                "provider" : "DeterministicSTT"
              }
            ]
          }
        }
      ]
    },
    {
      "audioBytes" : 427630,
      "audioFile" : "fixture-medium.caf",
      "fixtureID" : "fixture-medium",
      "levels" : [
        {
          "distributions" : {
            "encodeMs" : {
              "max" : 0,
              "min" : 0,
              "p50" : 0,
              "p95" : 0
            },
            "generationMs" : {
              "max" : 171.921968460083,
              "min" : 84.26308631896973,
              "p50" : 138.6868953704834,
              "p95" : 167.16337203979492
            },
            "pasteMs" : {
              "max" : 0.02205371856689453,
              "min" : 0.013947486877441406,
              "p50" : 0.01800060272216797,
              "p95" : 0.021839141845703125
            },
            "rewriteMs" : {
              "max" : 0,
              "min" : 0,
              "p50" : 0,
              "p95" : 0
            },
            "sttMs" : {
              "max" : 171.921968460083,
              "min" : 84.26308631896973,
              "p50" : 138.6868953704834,
              "p95" : 167.16337203979492
            },
            "totalStageMs" : {
              "max" : 171.93996906280518,
              "min" : 84.28406715393066,
              "p50" : 138.70084285736084,
              "p95" : 167.1811580657959
            }
          },
          "iterations" : 5,
          "level" : "raw",
          "providers" : {
            "sttMode" : "mock",
            "sttObserved" : [
              {
                "count" : 5,
                "model" : "fixed-delay-v1",
                "provider" : "DeterministicSTT"
              }
            ]
          }
        },
        {
          "distributions" : {
            "encodeMs" : {
              "max" : 0,
              "min" : 0,
              "p50" : 0,
              "p95" : 0
            },
            "generationMs" : {
              "max" : 391.6809558868408,
              "min" : 215.0951623916626,
              "p50" : 253.97205352783203,
              "p95" : 372.1583604812622
            },
            "pasteMs" : {
              "max" : 0.13494491577148438,
              "min" : 0.07903575897216797,
              "p50" : 0.12493133544921875,
              "p95" : 0.1329660415649414
            },
            "rewriteMs" : {
              "max" : 212.75997161865234,
              "min" : 112.14292049407959,
              "p50" : 120.23496627807617,
              "p95" : 199.01659488677979
            },
            "sttMs" : {
              "max" : 178.92098426818848,
              "min" : 71.05207443237305,
              "p50" : 134.26506519317627,