{
  "audioBytes" : 558044,
  "audioFile" : "2 fixtures",
  "commitSHA" : "02e9de62b11f0e3da74b0d96e355634aeed27f34",
  "fixtureResults" : [
    {
      "audioBytes" : 130414,
      "audioFile" : "fixture-short.caf",
      "fixtureID" : "fixture-short",
      "levels" : [
        {
          "distributions" : {
            "encodeMs" : {
              "max" : 0,
              "min" : 0,
              "p50" : 0,
              "p95" : 0
            },
            "generationMs" : {
              "max" : 1167.5479412078857,
              "min" : 638.1360292434692,
              "p50" : 879.6889781951904,
              "p95" : 1117.3421382904053
            },
            "pasteMs" : {
              "max" : 0.30100345611572266,
              "min" : 0.009059906005859375,
              "p50" : 0.051975250244140625,
              "p95" : 0.25198459625244135
            },
            "rewriteMs" : {
              "max" : 0,
              "min" : 0,
              "p50" : 0,
              "p95" : 0
            },
            "sttMs" : {
              "max" : 1167.5479412078857,
              "min" : 638.1360292434692,
              "p50" : 879.6889781951904,
              "p95" : 1117.3421382904053
            },
            "totalStageMs" : {
              "max" : 1167.5999164581299,
              "min" : 638.1500959396362,
              "p50" : 879.9899816513062,
              "p95" : 1117.3855304718018
            }
          },
          "iterations" : 5,
          "level" : "raw",
          "providers" : {
            "sttMode" : "batch",
            "sttObserved" : [
              {
                "count" : 5,
                "model" : "scribe_v2",
                "provider" : "ElevenLabs"
              }
            ]
          }
        },
        {
          "distributions" : {
            "encodeMs" : {
              "max" : 0,
              "min" : 0,
              "p50" : 0,
              "p95" : 0
            },
            "generationMs" : {
              "max" : 1272.001028060913,
              "min" : 963.083028793335,
              "p50" : 1036.152958869934,
              "p95" : 1232.2102069854736
            },
            "pasteMs" : {
              "max" : 0.21398067474365234,
              "min" : 0.04696846008300781,
              "p50" : 0.0629425048828125,
              "p95" : 0.18959045410156247
            },
            "rewriteMs" : {
              "max" : 643.1740522384644,
              "min" : 328.14300060272217,
              "p50" : 370.09692192077637,
              "p95" : 601.6972303390503
            },
            "sttMs" : {
              "max" : 666.0560369491577,
              "min" : 620.4910278320312,
              "p50" : 634.9400281906128,
              "p95" : 660.2962255477905
            },
            "totalStageMs" : {
              "max" : 1272.0930576324463,
              "min" : 963.129997253418,
              "p50" : 1036.2030267715454,
              "p95" : 1232.326626777649
            }
          },
          "iterations" : 5,
          "level" : "clean",
          "providers" : {
            "rewriteObserved" : [
              {
                "count" : 5,
                "model" : "google/gemini-2.5-flash-lite",
                "path" : "openrouter"
              }
            ],
            "sttMode" : "batch",
            "sttObserved" : [
              {
                "count" : 5,
                "model" : "scribe_v2",
                "provider" : "ElevenLabs"
              }
            ]
          }
        },
        {
          "distributions" : {
            "encodeMs" : {
              "max" : 0,
              "min" : 0,
              "p50" : 0,
              "p95" : 0
            },
            "generationMs" : {
              "max" : 1627.7540922164917,
              "min" : 945.4939365386963,
              "p50" : 1048.3800172805786,
              "p95" : 1542.9948806762695
            },
            "pasteMs" : {
              "max" : 0.3889799118041992,
              "min" : 0.09799003601074219,
              "p50" : 0.17404556274414062,
              "p95" : 0.34918785095214844
            },
            "rewriteMs" : {
              "max" : 761.0610723495483,
              "min" : 368.96002292633057,
              "p50" : 439.76402282714844,
              "p95" : 732.0798635482788
            },
            "sttMs" : {
              "max" : 866.6930198669434,
              "min" : 576.5339136123657,
              "p50" : 608.6159944534302,
              "p95" : 818.2234048843384
            },
            "totalStageMs" : {
              "max" : 1627.8520822525024,
              "min" : 945.6390142440796,
              "p50" : 1048.5700368881226,
              "p95" : 1543.151068687439
            }
          },
          "iterations" : 5,
          "level" : "polish",
          "providers" : {
            "rewriteObserved" : [
              {
                "count" : 5,
                "model" : "x-ai/grok-4.1-fast",
                "path" : "openrouter"
              }
            ],
            "sttMode" : "batch",
            "sttObserved" : [
              {
                "count" : 5,
                "model" : "scribe_v2",
                "provider" : "ElevenLabs"
              }
            ]
          }
        }
      ]
    },
    {
      "audioBytes" : 427630,
      "audioFile" : "fixture-medium.caf",
      "fixtureID" : "fixture-medium",
      "levels" : [
        {
          "distributions" : {
            "encodeMs" : {
              "max" : 39.87407684326172,
              "min" : 34.706950187683105,
              "p50" : 38.50293159484863,
              "p95" : 39.798855781555176
            },
            "generationMs" : {
              "max" : 1507.214903831482,
              "min" : 1076.380968093872,
              "p50" : 1184.3640804290771,
              "p95" : 1449.7295141220093
            },
            "pasteMs" : {
              "max" : 0.1399517059326172,
              "min" : 0.027060508728027344,
              "p50" : 0.06103515625,
              "p95" : 0.13077259063720703
            },
            "rewriteMs" : {
              "max" : 0,
              "min" : 0,
              "p50" : 0,
              "p95" : 0
            },
            "sttMs" : {
              "max" : 1468.7119722366333,
              "min" : 1040.5009984970093,
              "p50" : 1144.4900035858154,
              "p95" : 1411.9857788085938
            },
            "totalStageMs" : {
              "max" : 1507.2458982467651,
              "min" : 1076.4750242233276,
              "p50" : 1184.4251155853271,
              "p95" : 1449.7822999954224
            }
          },
          "iterations" : 5,
          "level" : "raw",
          "providers" : {
            "sttMode" : "batch",
            "sttObserved" : [
              {
                "count" : 5,
                "model" : "scribe_v2",
                "provider" : "ElevenLabs"
              }
            ]
          }
        },
        {
          "distributions" : {
            "encodeMs" : {
              "max" : 46.42200469970703,
              "min" : 29.974937438964844,
              "p50" : 42.083024978637695,
              "p95" : 45.85981369018555
            },
            "generationMs" : {
              "max" : 1930.4049015045166,
              "min" : 1445.1029300689697,
              "p50" : 1826.836109161377,
              "p95" : 1912.8311395645142
            },
            "pasteMs" : {
              "max" : 0.11897087097167969,
              "min" : 0.07998943328857422,
              "p50" : 0.0890493392944336,
              "p95" : 0.11336803436279297
            },
            "rewriteMs" : {
              "max" : 551.0910749435425,
              "min" : 356.66096210479736,
              "p50" : 529.7210216522217,
              "p95" : 550.0150442123413
            },
            "sttMs" : {
              "max" : 1338.271975517273,
              "min" : 1058.4670305252075,