{
  "audioBytes" : 558044,
  "audioFile" : "2 fixtures",
  "commitSHA" : "29aef3eb3d69a9df3399be24c4ff09c7ce0c3f54",
  "fixtureResults" : [
    {
      "audioBytes" : 130414,
      "audioFile" : "fixture-short.caf",
      "fixtureID" : "fixture-short",
      "levels" : [
        {
          "distributions" : {
            "encodeMs" : {
              "max" : 0,
              "min" : 0,
              "p50" : 0,
              "p95" : 0
            },
            "generationMs" : {
              "max" : 1301.537036895752,
              "min" : 581.3100337982178,
              "p50" : 903.9009809494019,
              "p95" : 1251.5366315841675
            },
            "pasteMs" : {
              "max" : 0.08404254913330078,
              "min" : 0.013947486877441406,
              "p50" : 0.06008148193359375,
              "p95" : 0.081634521484375
            },
            "rewriteMs" : {
              "max" : 0,
              "min" : 0,
              "p50" : 0,
              "p95" : 0
            },
            "sttMs" : {
              "max" : 1301.537036895752,
              "min" : 581.3100337982178,
              "p50" : 903.9009809494019,
              "p95" : 1251.5366315841675
            },
            "totalStageMs" : {
              "max" : 1301.6210794448853,
              "min" : 581.3250541687012,
              "p50" : 903.9610624313354,
              "p95" : 1251.6066551208496
            }
          },
          "iterations" : 5,
          "level" : "raw",
          "providers" : {
            "sttMode" : "batch",
            "sttObserved" : [
              {
                "count" : 5,
                "model" : "scribe_v2",
                "provider" : "ElevenLabs"
              }
            ]
          }
        },
        {
          "distributions" : {
            "encodeMs" : {
              "max" : 0,
              "min" : 0,
              "p50" : 0,
              "p95" : 0
            },
            "generationMs" : {
              "max" : 1888.092041015625,
              "min" : 993.0680990219116,
              "p50" : 1048.537015914917,
              "p95" : 1774.1748571395874
            },
            "pasteMs" : {
              "max" : 0.2180337905883789,
              "min" : 0.04696846008300781,
              "p50" : 0.13005733489990234,
              "p95" : 0.20182132720947266
            },
            "rewriteMs" : {
              "max" : 924.5840311050415,
              "min" : 330.7220935821533,
              "p50" : 369.6080446243286,
              "p95" : 819.6958303451537
            },
            "sttMs" : {
              "max" : 987.7840280532837,
              "min" : 622.4240064620972,
              "p50" : 678.9289712905884,
              "p95" : 982.9288244247437
            },
            "totalStageMs" : {
              "max" : 1888.2290124893188,
              "min" : 993.2861328125,
              "p50" : 1048.6159324645996,
              "p95" : 1774.3104457855225
            }
          },
          "iterations" : 5,
          "level" : "clean",
          "providers" : {
            "rewriteObserved" : [
              {
                "count" : 5,
                "model" : "google/gemini-2.5-flash-lite",
                "path" : "openrouter"
              }
            ],
            "sttMode" : "batch",
            "sttObserved" : [
              {
                "count" : 5,
                "model" : "scribe_v2",
                "provider" : "ElevenLabs"
              }
            ]
          }
        },
        {
          "distributions" : {
            "encodeMs" : {
              "max" : 0,
              "min" : 0,
              "p50" : 0,
              "p95" : 0
            },
            "generationMs" : {
              "max" : 2122.586965560913,
              "min" : 972.1900224685669,
              "p50" : 1054.805040359497,
              "p95" : 1928.2637596130369
            },
            "pasteMs" : {
              "max" : 0.13303756713867188,
              "min" : 0.024080276489257812,
              "p50" : 0.08296966552734375,
              "p95" : 0.1318216323852539
            },
            "rewriteMs" : {
              "max" : 844.6069955825806,
              "min" : 327.9919624328613,
              "p50" : 385.0599527359009,
              "p95" : 763.5864019393921
            },
            "sttMs" : {
              "max" : 1277.9799699783325,
              "min" : 587.130069732666,
              "p50" : 615.3010129928589,
              "p95" : 1186.9797706604004
            },
            "totalStageMs" : {
              "max" : 2122.6699352264404,
              "min" : 972.2369909286499,
              "p50" : 1054.9380779266357,
              "p95" : 1928.355526924133
            }
          },
          "iterations" : 5,
          "level" : "polish",
          "providers" : {
            "rewriteObserved" : [
              {
                "count" : 5,
                "model" : "x-ai/grok-4.1-fast",
                "path" : "openrouter"
              }
            ],
            "sttMode" : "batch",
            "sttObserved" : [
              {
                "count" : 5,
                "model" : "scribe_v2",
                "provider" : "ElevenLabs"
              }
            ]
          }
        }
      ]
    },
    {
      "audioBytes" : 427630,
      "audioFile" : "fixture-medium.caf",
      "fixtureID" : "fixture-medium",
      "levels" : [
        {
          "distributions" : {
            "encodeMs" : {
              "max" : 33.084988594055176,
              "min" : 19.2720890045166,
              "p50" : 21.66604995727539,
              "p95" : 30.963993072509766
            },
            "generationMs" : {
              "max" : 1804.8189878463745,
              "min" : 997.635006904602,
              "p50" : 1154.9270153045654,
              "p95" : 1686.9483947753906
            },
            "pasteMs" : {
              "max" : 0.1690387725830078,
              "min" : 0.024080276489257812,
              "p50" : 0.11706352233886719,
              "p95" : 0.16803741455078125
            },
            "rewriteMs" : {
              "max" : 0,
              "min" : 0,
              "p50" : 0,
              "p95" : 0
            },
            "sttMs" : {
              "max" : 1782.3389768600464,
              "min" : 978.206992149353,
              "p50" : 1135.6549263000488,
              "p95" : 1664.631175994873
            },
            "totalStageMs" : {
              "max" : 1804.9830198287964,
              "min" : 997.6590871810913,
              "p50" : 1155.0960540771484,
              "p95" : 1687.103033065796
            }
          },
          "iterations" : 5,
          "level" : "raw",
          "providers" : {
            "sttMode" : "batch",
            "sttObserved" : [
              {
                "count" : 5,
                "model" : "scribe_v2",
                "provider" : "ElevenLabs"
              }
            ]
          }
        },
        {
          "distributions" : {
            "encodeMs" : {
              "max" : 45.9209680557251,
              "min" : 18.008947372436523,
              "p50" : 38.639068603515625,
              "p95" : 45.48797607421875
            },
            "generationMs" : {
              "max" : 1811.856985092163,
              "min" : 1473.2348918914795,
              "p50" : 1674.7450828552246,
              "p95" : 1790.204358100891
            },
            "pasteMs" : {
              "max" : 0.23698806762695312,
              "min" : 0.08702278137207031,
              "p50" : 0.1220703125,
              "p95" : 0.21698474884033203
            },
            "rewriteMs" : {
              "max" : 607.1768999099731,
              "min" : 359.99298095703125,
              "p50" : 418.74194145202637,
              "p95" : 600.6531000137329
            },
            "sttMs" : {
              "max" : 1233.604073524475,
              "min" : 1069.4859027862549,