{
  "audioBytes" : 558044,
  "audioFile" : "2 fixtures",
  "commitSHA" : "8cf18e8a08361d862f95bebd59024f77147ce59c",
  "fixtureResults" : [
    {
      "audioBytes" : 130414,
      "audioFile" : "fixture-short.caf",
      "fixtureID" : "fixture-short",
      "levels" : [
        {
          "distributions" : {
            "encodeMs" : {
              "max" : 0,
              "min" : 0,
              "p50" : 0,
              "p95" : 0
            },
            "generationMs" : {
              "max" : 896.697998046875,
              "min" : 567.0220851898193,
              "p50" : 610.3609800338745,
              "p95" : 844.1786050796509
            },
            "pasteMs" : {
              "max" : 0.1939535140991211,
              "min" : 0.008940696716308594,
              "p50" : 0.027894973754882812,
              "p95" : 0.18475055694580078
            },
            "rewriteMs" : {
              "max" : 0,
              "min" : 0,
              "p50" : 0,
              "p95" : 0
            },
            "sttMs" : {
              "max" : 896.697998046875,
              "min" : 567.0220851898193,
              "p50" : 610.3609800338745,
              "p95" : 844.1786050796509
            },
            "totalStageMs" : {
              "max" : 896.7258930206299,
              "min" : 567.0360326766968,
              "p50" : 610.3699207305908,
              "p95" : 844.2305088043213
            }
          },
          "iterations" : 5,
          "level" : "raw",
          "providers" : {
            "sttMode" : "batch",
            "sttObserved" : [
              {
                "count" : 5,
                "model" : "scribe_v2",
                "provider" : "ElevenLabs"
              }
            ]
          }
        },
        {
          "distributions" : {
            "encodeMs" : {
              "max" : 0,
              "min" : 0,
              "p50" : 0,
              "p95" : 0
            },
            "generationMs" : {
              "max" : 1752.7960538864136,
              "min" : 1181.4531087875366,
              "p50" : 1308.8469505310059,
              "p95" : 1699.1502285003662
            },
            "pasteMs" : {
              "max" : 0.2340078353881836,
              "min" : 0.030994415283203125,
              "p50" : 0.03790855407714844,
              "p95" : 0.1954078674316406
            },
            "rewriteMs" : {
              "max" : 854.9829721450806,
              "min" : 591.2160873413086,
              "p50" : 717.3789739608765,
              "p95" : 839.8033857345581
            },
            "sttMs" : {
              "max" : 973.7110137939453,
              "min" : 590.237021446228,
              "p50" : 629.5839548110962,
              "p95" : 914.7418022155762
            },
            "totalStageMs" : {
              "max" : 1752.8339624404907,
              "min" : 1181.494116783142,
              "p50" : 1308.877944946289,
              "p95" : 1699.2273569107056
            }
          },
          "iterations" : 5,
          "level" : "clean",
          "providers" : {
            "rewriteObserved" : [
              {
                "count" : 5,
                "model" : "google/gemini-2.5-flash",
                "path" : "openrouter"
              }
            ],
            "sttMode" : "batch",
            "sttObserved" : [
              {
                "count" : 5,
                "model" : "scribe_v2",
                "provider" : "ElevenLabs"
              }
            ]
          }
        },
        {
          "distributions" : {
            "encodeMs" : {
              "max" : 0,
              "min" : 0,
              "p50" : 0,
              "p95" : 0
            },
            "generationMs" : {
              "max" : 1421.8710660934448,
              "min" : 1251.2439489364624,
              "p50" : 1276.2011289596558,
              "p95" : 1401.8726348876953
            },
            "pasteMs" : {
              "max" : 0.09608268737792969,
              "min" : 0.026941299438476562,
              "p50" : 0.07200241088867188,
              "p95" : 0.09305477142333984
            },
            "rewriteMs" : {
              "max" : 837.4990224838257,
              "min" : 640.9389972686768,
              "p50" : 677.3390769958496,
              "p95" : 816.1700010299683
            },
            "sttMs" : {
              "max" : 610.3049516677856,
              "min" : 584.3720436096191,
              "p50" : 598.8620519638062,
              "p95" : 608.2651615142822
            },
            "totalStageMs" : {
              "max" : 1421.9671487808228,
              "min" : 1251.2708902359009,
              "p50" : 1276.232123374939,
              "p95" : 1401.9639015197754
            }
          },
          "iterations" : 5,
          "level" : "polish",
          "providers" : {
            "rewriteObserved" : [
              {
                "count" : 5,
                "model" : "google/gemini-2.5-flash",
                "path" : "openrouter"
              }
            ],
            "sttMode" : "batch",
            "sttObserved" : [
              {
                "count" : 5,
                "model" : "scribe_v2",
                "provider" : "ElevenLabs"
              }
            ]
          }
        }
      ]
    },
    {
      "audioBytes" : 427630,
      "audioFile" : "fixture-medium.caf",
      "fixtureID" : "fixture-medium",
      "levels" : [
        {
          "distributions" : {
            "encodeMs" : {
              "max" : 0.008940696716308594,
              "min" : 0.0029802322387695312,
              "p50" : 0.0040531158447265625,
              "p95" : 0.008368492126464844
            },
            "generationMs" : {
              "max" : 1311.2760782241821,
              "min" : 1052.1330833435059,
              "p50" : 1202.1030187606812,
              "p95" : 1309.4890594482422
            },
            "pasteMs" : {
              "max" : 0.34809112548828125,
              "min" : 0.053048133850097656,
              "p50" : 0.08308887481689453,
              "p95" : 0.3294706344604492
            },
            "rewriteMs" : {
              "max" : 0,
              "min" : 0,
              "p50" : 0,
              "p95" : 0
            },
            "sttMs" : {
              "max" : 1311.2720251083374,
              "min" : 1052.1270036697388,
              "p50" : 1202.1000385284424,
              "p95" : 1309.4840288162231
            },
            "totalStageMs" : {
              "max" : 1311.359167098999,
              "min" : 1052.2141456604004,
              "p50" : 1202.1560668945312,
              "p95" : 1309.6065282821655
            }
          },
          "iterations" : 5,
          "level" : "raw",
          "providers" : {
            "sttMode" : "batch",
            "sttObserved" : [
              {
                "count" : 5,
                "model" : "scribe_v2",
                "provider" : "ElevenLabs"
              }
            ]
          }
        },
        {
          "distributions" : {
            "encodeMs" : {
              "max" : 0.0059604644775390625,
              "min" : 0.0020265579223632812,
              "p50" : 0.0029802322387695312,
              "p95" : 0.005555152893066406
            },
            "generationMs" : {
              "max" : 2341.887950897217,
              "min" : 1799.9839782714844,
              "p50" : 1872.0511198043823,
              "p95" : 2260.225749015808
            },
            "pasteMs" : {
              "max" : 0.37598609924316406,
              "min" : 0.030994415283203125,
              "p50" : 0.033974647521972656,
              "p95" : 0.314188003540039
            },
            "rewriteMs" : {
              "max" : 917.1429872512817,
              "min" : 708.0379724502563,
              "p50" : 805.9240579605103,
              "p95" : 897.778582572937
            },
            "sttMs" : {
              "max" : 1424.7419834136963,