{
  "audioBytes" : 558044,
  "audioFile" : "2 fixtures",
  "commitSHA" : "b0a1ecfd26909337f7e5cd8b2fc7fafc25e36876",
  "fixtureResults" : [
    {
      "audioBytes" : 130414,
      "audioFile" : "fixture-short.caf",
      "fixtureID" : "fixture-short",
      "levels" : [
        {
          "distributions" : {
            "encodeMs" : {
              "max" : 0,
              "min" : 0,
              "p50" : 0,
              "p95" : 0
            },
            "generationMs" : {
              "max" : 858.5529327392578,
              "min" : 623.7139701843262,
              "p50" : 641.6760683059692,
              "p95" : 854.9903631210327
            },
            "pasteMs" : {
              "max" : 0.15604496002197266,
              "min" : 0.04303455352783203,
              "p50" : 0.05793571472167969,
              "p95" : 0.14264583587646484
            },
            "rewriteMs" : {
              "max" : 0,
              "min" : 0,
              "p50" : 0,
              "p95" : 0
            },
            "sttMs" : {
              "max" : 858.5529327392578,
              "min" : 623.7139701843262,
              "p50" : 641.6760683059692,
              "p95" : 854.9903631210327
            },
            "totalStageMs" : {
              "max" : 858.7089776992798,
              "min" : 623.757004737854,
              "p50" : 641.7340040206909,
              "p95" : 855.1330089569092
            }
          },
          "iterations" : 5,
          "level" : "raw",
          "providers" : {
            "sttMode" : "batch",
            "sttObserved" : [
              {
                "count" : 5,
                "model" : "scribe_v2",
                "provider" : "ElevenLabs"
              }
            ]
          }
        },
        {
          "distributions" : {
            "encodeMs" : {
              "max" : 0,
              "min" : 0,
              "p50" : 0,
              "p95" : 0
            },
            "generationMs" : {
              "max" : 3014.124035835266,
              "min" : 1004.5979022979736,
              "p50" : 1221.5279340744019,
              "p95" : 3006.5296173095703
            },
            "pasteMs" : {
              "max" : 0.1399517059326172,
              "min" : 0.054001808166503906,
              "p50" : 0.06592273712158203,
              "p95" : 0.13275146484375
            },
            "rewriteMs" : {
              "max" : 612.4719381332397,
              "min" : 410.3889465332031,
              "p50" : 419.9650287628174,
              "p95" : 599.3537664413452
            },
            "sttMs" : {
              "max" : 2559.2989921569824,
              "min" : 594.2089557647705,
              "p50" : 609.0559959411621,
              "p95" : 2540.8877849578857
            },
            "totalStageMs" : {
              "max" : 3014.2639875411987,
              "min" : 1004.6638250350952,
              "p50" : 1221.5819358825684,
              "p95" : 3006.662368774414
            }
          },
          "iterations" : 5,
          "level" : "clean",
          "providers" : {
            "rewriteObserved" : [
              {
                "count" : 5,
                "model" : "google/gemini-2.5-flash",
                "path" : "openrouter"
              }
            ],
            "sttMode" : "batch",
            "sttObserved" : [
              {
                "count" : 5,
                "model" : "scribe_v2",
                "provider" : "ElevenLabs"
              }
            ]
          }
        },
        {
          "distributions" : {
            "encodeMs" : {
              "max" : 0,
              "min" : 0,
              "p50" : 0,
              "p95" : 0
            },
            "generationMs" : {
              "max" : 1258.4630250930786,
              "min" : 1048.888921737671,
              "p50" : 1082.9899311065674,
              "p95" : 1246.6784238815308
            },
            "pasteMs" : {
              "max" : 0.1939535140991211,
              "min" : 0.10001659393310547,
              "p50" : 0.1310110092163086,
              "p95" : 0.18756389617919922
            },
            "rewriteMs" : {
              "max" : 565.6440258026123,
              "min" : 417.7049398422241,
              "p50" : 479.93695735931396,
              "p95" : 562.4532222747803
            },
            "sttMs" : {
              "max" : 692.8189992904663,
              "min" : 593.3279991149902,
              "p50" : 631.1839818954468,
              "p95" : 684.2252016067505
            },
            "totalStageMs" : {
              "max" : 1258.565068244934,
              "min" : 1049.0199327468872,
              "p50" : 1083.0899477005005,
              "p95" : 1246.798849105835
            }
          },
          "iterations" : 5,
          "level" : "polish",
          "providers" : {
            "rewriteObserved" : [
              {
                "count" : 5,
                "model" : "google/gemini-2.5-flash",
                "path" : "openrouter"
              }
            ],
            "sttMode" : "batch",
            "sttObserved" : [
              {
                "count" : 5,
                "model" : "scribe_v2",
                "provider" : "ElevenLabs"
              }
            ]
          }
        }
      ]
    },
    {
      "audioBytes" : 427630,
      "audioFile" : "fixture-medium.caf",
      "fixtureID" : "fixture-medium",
      "levels" : [
        {
          "distributions" : {
            "encodeMs" : {
              "max" : 0.026941299438476562,
              "min" : 0.0029802322387695312,
              "p50" : 0.0050067901611328125,
              "p95" : 0.023150444030761715
            },
            "generationMs" : {
              "max" : 1234.0350151062012,
              "min" : 1124.6039867401123,
              "p50" : 1144.178867340088,
              "p95" : 1228.762412071228
            },
            "pasteMs" : {
              "max" : 3.8900375366210938,
              "min" : 0.02002716064453125,
              "p50" : 0.041961669921875,
              "p95" : 3.1424283981323238
            },
            "rewriteMs" : {
              "max" : 0,
              "min" : 0,
              "p50" : 0,
              "p95" : 0
            },
            "sttMs" : {
              "max" : 1234.0320348739624,
              "min" : 1124.5959997177124,
              "p50" : 1144.1519260406494,
              "p95" : 1228.759217262268
            },
            "totalStageMs" : {
              "max" : 1234.076976776123,
              "min" : 1124.6240139007568,
              "p50" : 1144.2068815231323,
              "p95" : 1229.5739889144897
            }
          },
          "iterations" : 5,
          "level" : "raw",
          "providers" : {
            "sttMode" : "batch",
            "sttObserved" : [
              {
                "count" : 5,
                "model" : "scribe_v2",
                "provider" : "ElevenLabs"
              }
            ]
          }
        },
        {
          "distributions" : {
            "encodeMs" : {
              "max" : 0.028967857360839844,
              "min" : 0.0040531158447265625,
              "p50" : 0.009894371032714844,
              "p95" : 0.025177001953124997
            },
            "generationMs" : {
              "max" : 2482.45906829834,
              "min" : 1831.2569856643677,
              "p50" : 2065.123200416565,
              "p95" : 2442.8536415100098
            },
            "pasteMs" : {
              "max" : 0.3910064697265625,
              "min" : 0.0680685043334961,
              "p50" : 0.12695789337158203,
              "p95" : 0.3397941589355468
            },
            "rewriteMs" : {
              "max" : 708.8680267333984,
              "min" : 491.2639856338501,
              "p50" : 618.7809705734253,
              "p95" : 697.7774381637573
            },
            "sttMs" : {
              "max" : 1773.5810279846191,
              "min" : 1339.9640321731567,