{
  "audioBytes" : 558044,
  "audioFile" : "2 fixtures",
  "commitSHA" : "c7460014baa1e658dcc23eb4fa7b4120d450408d",
  "fixtureResults" : [
    {
      "audioBytes" : 130414,
      "audioFile" : "fixture-short.caf",
      "fixtureID" : "fixture-short",
      "levels" : [
        {
          "distributions" : {
            "encodeMs" : {
              "max" : 0,
              "min" : 0,
              "p50" : 0,
              "p95" : 0
            },
            "generationMs" : {
              "max" : 917.8489446640015,
              "min" : 564.8760795593262,
              "p50" : 608.4679365158081,
              "p95" : 861.4689588546753
            },
            "pasteMs" : {
              "max" : 0.1989603042602539,
              "min" : 0.008940696716308594,
              "p50" : 0.051975250244140625,
              "p95" : 0.16975402832031247
            },
            "rewriteMs" : {
              "max" : 0,
              "min" : 0,
              "p50" : 0,
              "p95" : 0
            },
            "sttMs" : {
              "max" : 917.8489446640015,
              "min" : 564.8760795593262,
              "p50" : 608.4679365158081,
              "p95" : 861.4689588546753
            },
            "totalStageMs" : {
              "max" : 917.8578853607178,
              "min" : 565.0750398635864,
              "p50" : 608.5199117660522,
              "p95" : 861.4829063415527
            }
          },
          "iterations" : 5,
          "level" : "raw",
          "providers" : {
            "sttMode" : "batch",
            "sttObserved" : [
              {
                "count" : 5,
                "model" : "scribe_v2",
                "provider" : "ElevenLabs"
              }
            ]
          }
        },
        {
          "distributions" : {
            "encodeMs" : {
              "max" : 0,
              "min" : 0,
              "p50" : 0,
              "p95" : 0
            },
            "generationMs" : {
              "max" : 817.0409202575684,
              "min" : 579.1699886322021,
              "p50" : 617.6770925521851,
              "p95" : 790.2555227279663
            },
            "pasteMs" : {
              "max" : 0.11897087097167969,
              "min" : 0.06699562072753906,
              "p50" : 0.07200241088867188,
              "p95" : 0.11076927185058594
            },
            "rewriteMs" : {
              "max" : 30.21693229675293,
              "min" : 25.079011917114258,
              "p50" : 26.562929153442383,
              "p95" : 29.744362831115723
            },
            "sttMs" : {
              "max" : 791.9619083404541,
              "min" : 553.2699823379517,
              "p50" : 589.8230075836182,
              "p95" : 764.1489267349243
            },
            "totalStageMs" : {
              "max" : 817.15989112854,
              "min" : 579.2479515075684,
              "p50" : 617.7490949630737,
              "p95" : 790.3640985488892
            }
          },
          "iterations" : 5,
          "level" : "clean",
          "providers" : {
            "rewriteObserved" : [

            ],
            "sttMode" : "batch",
            "sttObserved" : [
              {
                "count" : 5,
                "model" : "scribe_v2",
                "provider" : "ElevenLabs"
              }
            ]
          }
        },
        {
          "distributions" : {
            "encodeMs" : {
              "max" : 0,
              "min" : 0,
              "p50" : 0,
              "p95" : 0
            },
            "generationMs" : {
              "max" : 831.6811323165894,
              "min" : 591.7789936065674,
              "p50" : 620.7350492477417,
              "p95" : 827.074933052063
            },
            "pasteMs" : {
              "max" : 0.1150369644165039,
              "min" : 0.0629425048828125,
              "p50" : 0.07700920104980469,
              "p95" : 0.11143684387207031
            },
            "rewriteMs" : {
              "max" : 28.876066207885742,
              "min" : 23.388028144836426,
              "p50" : 25.46703815460205,
              "p95" : 28.440451622009277
            },
            "sttMs" : {
              "max" : 806.8211078643799,
              "min" : 566.3119554519653,
              "p50" : 597.3470211029053,
              "p95" : 801.4117002487183
            },
            "totalStageMs" : {
              "max" : 831.7961692810059,
              "min" : 591.8760299682617,
              "p50" : 620.8120584487915,
              "p95" : 827.1795511245728
            }
          },
          "iterations" : 5,
          "level" : "polish",
          "providers" : {
            "rewriteObserved" : [

            ],
            "sttMode" : "batch",
            "sttObserved" : [
              {
                "count" : 5,
                "model" : "scribe_v2",
                "provider" : "ElevenLabs"
              }
            ]
          }
        }
      ]
    },
    {
      "audioBytes" : 427630,
      "audioFile" : "fixture-medium.caf",
      "fixtureID" : "fixture-medium",
      "levels" : [
        {
          "distributions" : {
            "encodeMs" : {
              "max" : 0.026941299438476562,
              "min" : 0.003933906555175781,
              "p50" : 0.007987022399902344,
              "p95" : 0.023531913757324215
            },
            "generationMs" : {
              "max" : 1283.5909128189087,
              "min" : 988.2129430770874,
              "p50" : 1069.9708461761475,
              "p95" : 1241.5685176849365
            },
            "pasteMs" : {
              "max" : 1.1230707168579102,
              "min" : 0.03695487976074219,
              "p50" : 0.07998943328857422,
              "p95" : 0.9284496307373045
            },
            "rewriteMs" : {
              "max" : 0,
              "min" : 0,
              "p50" : 0,
              "p95" : 0
            },
            "sttMs" : {
              "max" : 1283.5829257965088,
              "min" : 988.2090091705322,
              "p50" : 1069.9609518051147,
              "p95" : 1241.556739807129
            },
            "totalStageMs" : {
              "max" : 1284.7139835357666,
              "min" : 988.273024559021,
              "p50" : 1070.050835609436,
              "p95" : 1242.474365234375
            }
          },
          "iterations" : 5,
          "level" : "raw",
          "providers" : {
            "sttMode" : "batch",
            "sttObserved" : [
              {
                "count" : 5,
                "model" : "scribe_v2",
                "provider" : "ElevenLabs"
              }
            ]
          }
        },
        {
          "distributions" : {
            "encodeMs" : {
              "max" : 0.008940696716308594,
              "min" : 0.0040531158447265625,
              "p50" : 0.007033348083496094,
              "p95" : 0.008749961853027344
            },
            "generationMs" : {
              "max" : 1371.3951110839844,
              "min" : 1029.3049812316895,
              "p50" : 1115.7760620117188,
              "p95" : 1356.929874420166
            },
            "pasteMs" : {
              "max" : 0.35202503204345703,
              "min" : 0.050067901611328125,
              "p50" : 0.1308917999267578,
              "p95" : 0.3136157989501953
            },
            "rewriteMs" : {
              "max" : 41.30196571350098,
              "min" : 24.609923362731934,
              "p50" : 25.918006896972656,
              "p95" : 38.486385345458984
            },
            "sttMs" : {
              "max" : 1344.1660404205322,
              "min" : 1004.6870708465576,
              "p50" : 1074.470043182373,
              "p95" : 1330.0716400146484
            },
            "totalStageMs" : {
              "max" : 1371.5550899505615,
              "min" : 1029.657006263733,
              "p50" : 1115.8980131149292,