{
  "audioBytes" : 558044,
  "audioFile" : "2 fixtures",
  "commitSHA" : "824c4abada1e1962f5dcaba486f1c80e9b28d6a3",
  "fixtureResults" : [
    {
      "audioBytes" : 130414,
      "audioFile" : "fixture-short.caf",
      "fixtureID" : "fixture-short",
      "levels" : [
        {
          "distributions" : {
            "encodeMs" : {
              "max" : 0,
              "min" : 0,
              "p50" : 0,
              "p95" : 0
            },
            "generationMs" : {
              "max" : 595.0289964675903,
              "min" : 539.7059917449951,
              "p50" : 577.955961227417,
              "p95" : 592.5057888031006
            },
            "pasteMs" : {
              "max" : 0.06306171417236328,
              "min" : 0.008940696716308594,
              "p50" : 0.026941299438476562,
              "p95" : 0.05683898925781249
            },
            "rewriteMs" : {
              "max" : 0,
              "min" : 0,
              "p50" : 0,
              "p95" : 0
            },
            "sttMs" : {
              "max" : 595.0289964675903,
              "min" : 539.7059917449951,
              "p50" : 577.955961227417,
              "p95" : 592.5057888031006
            },
            "totalStageMs" : {
              "max" : 595.0379371643066,
              "min" : 539.7379398345947,
              "p50" : 577.9699087142944,
              "p95" : 592.5255537033081
            }
          },
          "iterations" : 5,
          "level" : "raw",
          "providers" : {
            "sttMode" : "batch",
            "sttObserved" : [
              {
                "count" : 5,
                "model" : "scribe_v2",
                "provider" : "ElevenLabs"
              }
            ]
          }
        },
        {
          "distributions" : {
            "encodeMs" : {
              "max" : 0,
              "min" : 0,
              "p50" : 0,
              "p95" : 0
            },
            "generationMs" : {
              "max" : 1027.7189016342163,
              "min" : 588.3030891418457,
              "p50" : 622.1530437469482,
              "p95" : 952.4655342102051
            },
            "pasteMs" : {
              "max" : 0.12695789337158203,
              "min" : 0.025987625122070312,
              "p50" : 0.048041343688964844,
              "p95" : 0.11436939239501952
            },
            "rewriteMs" : {
              "max" : 23.99301528930664,
              "min" : 14.522910118103027,
              "p50" : 20.117998123168945,
              "p95" : 23.881030082702637
            },
            "sttMs" : {
              "max" : 1013.1959915161133,
              "min" : 568.1850910186768,
              "p50" : 603.0460596084595,
              "p95" : 936.1605882644653
            },
            "totalStageMs" : {
              "max" : 1027.845859527588,
              "min" : 588.3511304855347,
              "p50" : 622.1790313720703,
              "p95" : 952.5741100311279
            }
          },
          "iterations" : 5,
          "level" : "clean",
          "providers" : {
            "rewriteObserved" : [

            ],
            "sttMode" : "batch",
            "sttObserved" : [
              {
                "count" : 5,
                "model" : "scribe_v2",
                "provider" : "ElevenLabs"
              }
            ]
          }
        },
        {
          "distributions" : {
            "encodeMs" : {
              "max" : 0,
              "min" : 0,
              "p50" : 0,
              "p95" : 0
            },
            "generationMs" : {
              "max" : 898.792028427124,
              "min" : 580.583930015564,
              "p50" : 618.3909177780151,
              "p95" : 845.226788520813
            },
            "pasteMs" : {
              "max" : 0.09489059448242188,
              "min" : 0.028014183044433594,
              "p50" : 0.05900859832763672,
              "p95" : 0.08890628814697266
            },
            "rewriteMs" : {
              "max" : 23.02694320678711,
              "min" : 12.081027030944824,
              "p50" : 15.358924865722656,
              "p95" : 21.622943878173828
            },
            "sttMs" : {
              "max" : 886.7110013961792,
              "min" : 567.6490068435669,
              "p50" : 603.0319929122925,
              "p95" : 830.9565782546997
            },
            "totalStageMs" : {
              "max" : 898.8200426101685,
              "min" : 580.6130170822144,
              "p50" : 618.4499263763428,
              "p95" : 845.268177986145
            }
          },
          "iterations" : 5,
          "level" : "polish",
          "providers" : {
            "rewriteObserved" : [

            ],
            "sttMode" : "batch",
            "sttObserved" : [
              {
                "count" : 5,
                "model" : "scribe_v2",
                "provider" : "ElevenLabs"
              }
            ]
          }
        }
      ]
    },
    {
      "audioBytes" : 427630,
      "audioFile" : "fixture-medium.caf",
      "fixtureID" : "fixture-medium",
      "levels" : [
        {
          "distributions" : {
            "encodeMs" : {
              "max" : 0.008106231689453125,
              "min" : 0.0030994415283203125,
              "p50" : 0.0059604644775390625,
              "p95" : 0.008082389831542969
            },
            "generationMs" : {
              "max" : 1130.6129693984985,
              "min" : 1041.815161705017,
              "p50" : 1046.4309453964233,
              "p95" : 1124.0861654281616
            },
            "pasteMs" : {
              "max" : 0.10001659393310547,
              "min" : 0.015974044799804688,
              "p50" : 0.05602836608886719,
              "p95" : 0.09281635284423828
            },
            "rewriteMs" : {
              "max" : 0,
              "min" : 0,
              "p50" : 0,
              "p95" : 0
            },
            "sttMs" : {
              "max" : 1130.6049823760986,
              "min" : 1041.8070554733276,
              "p50" : 1046.4249849319458,
              "p95" : 1124.0789890289307
            },
            "totalStageMs" : {
              "max" : 1130.6769847869873,
              "min" : 1041.8471097946167,
              "p50" : 1046.4869737625122,
              "p95" : 1124.1573810577393
            }
          },
          "iterations" : 5,
          "level" : "raw",
          "providers" : {
            "sttMode" : "batch",
            "sttObserved" : [
              {
                "count" : 5,
                "model" : "scribe_v2",
                "provider" : "ElevenLabs"
              }
            ]
          }
        },
        {
          "distributions" : {
            "encodeMs" : {
              "max" : 0.012993812561035156,
              "min" : 0.0029802322387695312,
              "p50" : 0.0050067901611328125,
              "p95" : 0.011992454528808594
            },
            "generationMs" : {
              "max" : 1302.4508953094482,
              "min" : 1068.800926208496,
              "p50" : 1131.6372156143188,
              "p95" : 1275.6799459457397
            },
            "pasteMs" : {
              "max" : 0.2589225769042969,
              "min" : 0.02193450927734375,
              "p50" : 0.12099742889404297,
              "p95" : 0.24273395538330078
            },
            "rewriteMs" : {
              "max" : 20.115017890930176,
              "min" : 14.013051986694336,
              "p50" : 15.063047409057617,
              "p95" : 20.080208778381348
            },
            "sttMs" : {
              "max" : 1282.3328971862793,
              "min" : 1048.846960067749,
              "p50" : 1116.571068763733,
              "p95" : 1256.7813396453857
            },
            "totalStageMs" : {
              "max" : 1302.7098178863525,
              "min" : 1068.9789056777954,
              "p50" : 1131.6702365875244,