{
  "audioBytes" : 558044,
  "audioFile" : "2 fixtures",
  "commitSHA" : "89ed3e94182efd228014c00bb425b42b73574ad0",
  "fixtureResults" : [
    {
      "audioBytes" : 130414,
      "audioFile" : "fixture-short.caf",
      "fixtureID" : "fixture-short",
      "levels" : [
        {
          "distributions" : {
            "encodeMs" : {
              "max" : 0,
              "min" : 0,
              "p50" : 0,
              "p95" : 0
            },
            "generationMs" : {
              "max" : 614.2299175262451,
              "min" : 559.4489574432373,
              "p50" : 601.7769575119019,
              "p95" : 613.6035442352295
            },
            "pasteMs" : {
              "max" : 0.08594989776611328,
              "min" : 0.0209808349609375,
              "p50" : 0.049948692321777344,
              "p95" : 0.08416175842285156
            },
            "rewriteMs" : {
              "max" : 0,
              "min" : 0,
              "p50" : 0,
              "p95" : 0
            },
            "sttMs" : {
              "max" : 614.2299175262451,
              "min" : 559.4489574432373,
              "p50" : 601.7769575119019,
              "p95" : 613.6035442352295
            },
            "totalStageMs" : {
              "max" : 614.3069267272949,
              "min" : 559.4699382781982,
              "p50" : 601.7990112304688,
              "p95" : 613.6751413345337
            }
          },
          "iterations" : 5,
          "level" : "raw",
          "providers" : {
            "sttMode" : "batch",
            "sttObserved" : [
              {
                "count" : 5,
                "model" : "scribe_v2",
                "provider" : "ElevenLabs"
              }
            ]
          }
        },
        {
          "distributions" : {
            "encodeMs" : {
              "max" : 0,
              "min" : 0,
              "p50" : 0,
              "p95" : 0
            },
            "generationMs" : {
              "max" : 1381.735920906067,
              "min" : 964.3700122833252,
              "p50" : 1031.0791730880737,
              "p95" : 1335.8599424362183
            },
            "pasteMs" : {
              "max" : 0.641942024230957,
              "min" : 0.04291534423828125,
              "p50" : 0.3648996353149414,
              "p95" : 0.6117582321166992
            },
            "rewriteMs" : {
              "max" : 752.4969577789307,
              "min" : 416.7180061340332,
              "p50" : 432.42406845092773,
              "p95" : 722.8041648864746
            },
            "sttMs" : {
              "max" : 629.2389631271362,
              "min" : 547.652006149292,
              "p50" : 572.685956954956,
              "p95" : 623.1221914291382
            },
            "totalStageMs" : {
              "max" : 1382.0968866348267,
              "min" : 965.0119543075562,
              "p50" : 1031.122088432312,
              "p95" : 1336.221694946289
            }
          },
          "iterations" : 5,
          "level" : "clean",
          "providers" : {
            "rewriteObserved" : [
              {
                "count" : 5,
                "model" : "inception/mercury",
                "path" : "openrouter"
              }
            ],
            "sttMode" : "batch",
            "sttObserved" : [
              {
                "count" : 5,
                "model" : "scribe_v2",
                "provider" : "ElevenLabs"
              }
            ]
          }
        },
        {
          "distributions" : {
            "encodeMs" : {
              "max" : 0,
              "min" : 0,
              "p50" : 0,
              "p95" : 0
            },
            "generationMs" : {
              "max" : 2495.7600831985474,
              "min" : 1195.4660415649414,
              "p50" : 1281.317949295044,
              "p95" : 2321.30389213562
            },
            "pasteMs" : {
              "max" : 0.5140304565429688,
              "min" : 0.03695487976074219,
              "p50" : 0.12099742889404297,
              "p95" : 0.4378318786621093
            },
            "rewriteMs" : {
              "max" : 1059.056043624878,
              "min" : 457.43298530578613,
              "p50" : 619.7110414505005,
              "p95" : 983.8302373886108
            },
            "sttMs" : {
              "max" : 1972.6229906082153,
              "min" : 564.4230842590332,
              "p50" : 598.3909368515015,
              "p95" : 1725.705003738403
            },
            "totalStageMs" : {
              "max" : 2495.797038078308,
              "min" : 1195.59907913208,
              "p50" : 1281.831979751587,
              "p95" : 2321.3476419448853
            }
          },
          "iterations" : 5,
          "level" : "polish",
          "providers" : {
            "rewriteObserved" : [
              {
                "count" : 5,
                "model" : "inception/mercury",
                "path" : "openrouter"
              }
            ],
            "sttMode" : "batch",
            "sttObserved" : [
              {
                "count" : 5,
                "model" : "scribe_v2",
                "provider" : "ElevenLabs"
              }
            ]
          }
        }
      ]
    },
    {
      "audioBytes" : 427630,
      "audioFile" : "fixture-medium.caf",
      "fixtureID" : "fixture-medium",
      "levels" : [
        {
          "distributions" : {
            "encodeMs" : {
              "max" : 0.012040138244628906,
              "min" : 0.0029802322387695312,
              "p50" : 0.0059604644775390625,
              "p95" : 0.011420249938964844
            },
            "generationMs" : {
              "max" : 1187.6189708709717,
              "min" : 988.1199598312378,
              "p50" : 1035.2340936660767,
              "p95" : 1163.838768005371
            },
            "pasteMs" : {
              "max" : 0.07593631744384766,
              "min" : 0.014066696166992188,
              "p50" : 0.0209808349609375,
              "p95" : 0.06814002990722656
            },
            "rewriteMs" : {
              "max" : 0,
              "min" : 0,
              "p50" : 0,
              "p95" : 0
            },
            "sttMs" : {
              "max" : 1187.6100301742554,
              "min" : 988.1160259246826,
              "p50" : 1035.222053527832,
              "p95" : 1163.8304233551025
            },
            "totalStageMs" : {
              "max" : 1187.6949071884155,
              "min" : 988.1340265274048,
              "p50" : 1035.2550745010376,
              "p95" : 1163.9027118682861
            }
          },
          "iterations" : 5,
          "level" : "raw",
          "providers" : {
            "sttMode" : "batch",
            "sttObserved" : [
              {
                "count" : 5,
                "model" : "scribe_v2",
                "provider" : "ElevenLabs"
              }
            ]
          }
        },
        {
          "distributions" : {
            "encodeMs" : {
              "max" : 0.015020370483398438,
              "min" : 0.0030994415283203125,
              "p50" : 0.0059604644775390625,
              "p95" : 0.014615058898925781
            },
            "generationMs" : {
              "max" : 1807.8079223632812,
              "min" : 1448.9119052886963,
              "p50" : 1699.7331380844116,
              "p95" : 1787.5325679779053
            },
            "pasteMs" : {
              "max" : 0.4030466079711914,
              "min" : 0.06198883056640625,
              "p50" : 0.07295608520507812,
              "p95" : 0.33984184265136713
            },
            "rewriteMs" : {
              "max" : 779.5130014419556,
              "min" : 408.9550971984863,
              "p50" : 596.5880155563354,
              "p95" : 746.6619968414307
            },
            "sttMs" : {
              "max" : 1297.4720001220703,
              "min" : 988.2659912109375,