{
  "audioBytes" : 558044,
  "audioFile" : "2 fixtures",
  "commitSHA" : "245615afaf7d83cecaedea11921307414325f6ad",
  "fixtureResults" : [
    {
      "audioBytes" : 130414,
      "audioFile" : "fixture-short.caf",
      "fixtureID" : "fixture-short",
      "levels" : [
        {
          "distributions" : {
            "encodeMs" : {
              "max" : 0,
              "min" : 0,
              "p50" : 0,
              "p95" : 0
            },
            "generationMs" : {
              "max" : 209.4440460205078,
              "min" : 72.2200870513916,
              "p50" : 152.69196033477783,
              "p95" : 209.31165218353271
            },
            "pasteMs" : {
              "max" : 0.09500980377197266,
              "min" : 0.015974044799804688,
              "p50" : 0.02300739288330078,
              "p95" : 0.08740425109863281
            },
            "rewriteMs" : {
              "max" : 0,
              "min" : 0,
              "p50" : 0,
              "p95" : 0
            },
            "sttMs" : {
              "max" : 209.4440460205078,
              "min" : 72.2200870513916,
              "p50" : 152.69196033477783,
              "p95" : 209.31165218353271
            },
            "totalStageMs" : {
              "max" : 209.46002006530762,
              "min" : 72.2430944442749,
              "p50" : 152.7869701385498,
              "p95" : 209.32862758636475
            }
          },
          "iterations" : 5,
          "level" : "raw",
          "providers" : {
            "sttMode" : "mock",
            "sttObserved" : [
              {
                "count" : 5,
                "model" : "fixed-delay-v1",
                "provider" : "DeterministicSTT"
              }
            ]
          }
        },
        {
          "distributions" : {
            "encodeMs" : {
              "max" : 0,
              "min" : 0,
              "p50" : 0,
              "p95" : 0
            },
            "generationMs" : {
              "max" : 254.92286682128906,
              "min" : 202.46386528015137,
              "p50" : 216.6600227355957,
              "p95" : 254.01310920715332
            },
            "pasteMs" : {
              "max" : 0.32901763916015625,
              "min" : 0.028967857360839844,
              "p50" : 0.051975250244140625,
              "p95" : 0.29120445251464844
            },
            "rewriteMs" : {
              "max" : 116.54698848724365,
              "min" : 101.39989852905273,
              "p50" : 104.20691967010498,
              "p95" : 114.86940383911133
            },
            "sttMs" : {
              "max" : 153.52296829223633,
              "min" : 98.25694561004639,
              "p50" : 104.05397415161133,
              "p95" : 151.26137733459473
            },
            "totalStageMs" : {
              "max" : 255.25188446044922,
              "min" : 202.60381698608398,
              "p50" : 216.71199798583984,
              "p95" : 254.28411960601807
            }
          },
          "iterations" : 5,
          "level" : "clean",
          "providers" : {
            "rewriteObserved" : [
              {
                "count" : 5,
                "model" : "inception/mercury",
                "path" : "deterministic"
              }
            ],
            "sttMode" : "mock",
            "sttObserved" : [
              {
                "count" : 5,
                "model" : "fixed-delay-v1",
                "provider" : "DeterministicSTT"
              }
            ]
          }
        },
        {
          "distributions" : {
            "encodeMs" : {
              "max" : 0,
              "min" : 0,
              "p50" : 0,
              "p95" : 0
            },
            "generationMs" : {
              "max" : 309.35800075531006,
              "min" : 266.9118642807007,
              "p50" : 293.37501525878906,
              "p95" : 306.33301734924316
            },
            "pasteMs" : {
              "max" : 0.12600421905517578,
              "min" : 0.034928321838378906,
              "p50" : 0.03898143768310547,
              "p95" : 0.11141300201416014
            },
            "rewriteMs" : {
              "max" : 231.10806941986084,
              "min" : 166.875958442688,
              "p50" : 203.82094383239746,
              "p95" : 229.70905303955078
            },
            "sttMs" : {
              "max" : 139.51492309570312,
              "min" : 60.92703342437744,
              "p50" : 63.125014305114746,
              "p95" : 136.91174983978271
            },
            "totalStageMs" : {
              "max" : 309.39292907714844,
              "min" : 266.9488191604614,
              "p50" : 293.41399669647217,
              "p95" : 306.3861608505249
            }
          },
          "iterations" : 5,
          "level" : "polish",
          "providers" : {
            "rewriteObserved" : [
              {
                "count" : 5,
                "model" : "inception/mercury",
                "path" : "deterministic"
              }
            ],
            "sttMode" : "mock",
            "sttObserved" : [
              {
                "count" : 5,
                "model" : "fixed-delay-v1",
                "provider" : "DeterministicSTT"
              }
            ]
          }
        }
      ]
    },
    {
      "audioBytes" : 427630,
      "audioFile" : "fixture-medium.caf",
      "fixtureID" : "fixture-medium",
      "levels" : [
        {
          "distributions" : {
            "encodeMs" : {
              "max" : 0,
              "min" : 0,
              "p50" : 0,
              "p95" : 0
            },
            "generationMs" : {
              "max" : 203.64606380462646,
              "min" : 101.36699676513672,
              "p50" : 115.18800258636475,
              "p95" : 203.47566604614258
            },
            "pasteMs" : {
              "max" : 0.024080276489257812,
              "min" : 0.012993812561035156,
              "p50" : 0.02300739288330078,
              "p95" : 0.024056434631347656
            },
            "rewriteMs" : {
              "max" : 0,
              "min" : 0,
              "p50" : 0,
              "p95" : 0
            },
            "sttMs" : {
              "max" : 203.64606380462646,
              "min" : 101.36699676513672,
              "p50" : 115.18800258636475,
              "p95" : 203.47566604614258
            },
            "totalStageMs" : {
              "max" : 203.66907119750977,
              "min" : 101.39107704162598,
              "p50" : 115.21196365356445,
              "p95" : 203.4972906112671
            }
          },
          "iterations" : 5,
          "level" : "raw",
          "providers" : {
            "sttMode" : "mock",
            "sttObserved" : [
              {
                "count" : 5,
                "model" : "fixed-delay-v1",
                "provider" : "DeterministicSTT"
              }
            ]
          }
        },
        {
          "distributions" : {
            "encodeMs" : {
              "max" : 0,
              "min" : 0,
              "p50" : 0,
              "p95" : 0
            },
            "generationMs" : {
              "max" : 334.0679407119751,
              "min" : 166.04387760162354,
              "p50" : 235.49997806549072,
              "p95" : 316.371750831604
            },
            "pasteMs" : {
              "max" : 0.40900707244873047,
              "min" : 0.033974647521972656,
              "p50" : 0.048995018005371094,
              "p95" : 0.3404140472412109
            },
            "rewriteMs" : {
              "max" : 231.83202743530273,
              "min" : 101.4089584350586,
              "p50" : 140.9209966659546,
              "p95" : 221.84441089630127
            },
            "sttMs" : {
              "max" : 102.23591327667236,
              "min" : 63.69304656982422,
              "p50" : 66.92898273468018,