{
  "audioBytes" : 558044,
  "audioFile" : "2 fixtures",
  "commitSHA" : "245615afaf7d83cecaedea11921307414325f6ad",
  "fixtureResults" : [
    {
      "audioBytes" : 130414,
      "audioFile" : "fixture-short.caf",
      "fixtureID" : "fixture-short",
      "levels" : [
        {
          "distributions" : {
            "encodeMs" : {
              "max" : 0,
              "min" : 0,
              "p50" : 0,
              "p95" : 0
            },
            "generationMs" : {
              "max" : 698.2259750366211,
              "min" : 604.9119234085083,
              "p50" : 621.332049369812,
              "p95" : 685.0985765457153
            },
            "pasteMs" : {
              "max" : 0.10800361633300781,
              "min" : 0.012993812561035156,
              "p50" : 0.013947486877441406,
              "p95" : 0.08940696716308592
            },
            "rewriteMs" : {
              "max" : 0,
              "min" : 0,
              "p50" : 0,
              "p95" : 0
            },
            "sttMs" : {
              "max" : 698.2259750366211,
              "min" : 604.9119234085083,
              "p50" : 621.332049369812,
              "p95" : 685.0985765457153
            },
            "totalStageMs" : {
              "max" : 698.2399225234985,
              "min" : 604.9269437789917,
              "p50" : 621.440052986145,
              "p95" : 685.1123332977295
            }
          },
          "iterations" : 5,
          "level" : "raw",
          "providers" : {
            "sttMode" : "batch",
            "sttObserved" : [
              {
                "count" : 5,
                "model" : "scribe_v2",
                "provider" : "ElevenLabs"
              }
            ]
          }
        },
        {
          "distributions" : {
            "encodeMs" : {
              "max" : 0,
              "min" : 0,
              "p50" : 0,
              "p95" : 0
            },
            "generationMs" : {
              "max" : 1151.772141456604,
              "min" : 905.8009386062622,
              "p50" : 988.1120920181274,
              "p95" : 1123.48473072052
            },
            "pasteMs" : {
              "max" : 0.3339052200317383,
              "min" : 0.025033950805664062,
              "p50" : 0.1239776611328125,
              "p95" : 0.3331184387207031
            },
            "rewriteMs" : {
              "max" : 409.41405296325684,
              "min" : 254.43196296691895,
              "p50" : 391.1020755767822,
              "p95" : 406.46705627441406
            },
            "sttMs" : {
              "max" : 760.6700658798218,
              "min" : 593.4330224990845,
              "p50" : 600.9210348129272,
              "p95" : 738.8098478317261
            },
            "totalStageMs" : {
              "max" : 1152.1060466766357,
              "min" : 905.8259725570679,
              "p50" : 988.145112991333,
              "p95" : 1123.8178491592407
            }
          },
          "iterations" : 5,
          "level" : "clean",
          "providers" : {
            "rewriteObserved" : [
              {
                "count" : 5,
                "model" : "inception/mercury",
                "path" : "openrouter"
              }
            ],
            "sttMode" : "batch",
            "sttObserved" : [
              {
                "count" : 5,
                "model" : "scribe_v2",
                "provider" : "ElevenLabs"
              }
            ]
          }
        },
        {
          "distributions" : {
            "encodeMs" : {
              "max" : 0,
              "min" : 0,
              "p50" : 0,
              "p95" : 0
            },
            "generationMs" : {
              "max" : 2501.9030570983887,
              "min" : 1297.1700429916382,
              "p50" : 1453.8919925689697,
              "p95" : 2393.1402444839478
            },
            "pasteMs" : {
              "max" : 0.21505355834960938,
              "min" : 0.04208087921142578,
              "p50" : 0.054001808166503906,
              "p95" : 0.18424987792968747
            },
            "rewriteMs" : {
              "max" : 1886.1160278320312,
              "min" : 422.4890470504761,
              "p50" : 1016.7139768600464,
              "p95" : 1770.3440189361572
            },
            "sttMs" : {
              "max" : 1031.4029455184937,
              "min" : 280.4560661315918,
              "p50" : 620.0439929962158,
              "p95" : 955.2889585494995
            },
            "totalStageMs" : {
              "max" : 2501.957058906555,
              "min" : 1297.2310781478882,
              "p50" : 1453.9340734481812,
              "p95" : 2393.192458152771
            }
          },
          "iterations" : 5,
          "level" : "polish",
          "providers" : {
            "rewriteObserved" : [
              {
                "count" : 5,
                "model" : "inception/mercury",
                "path" : "openrouter"
              }
            ],
            "sttMode" : "batch",
            "sttObserved" : [
              {
                "count" : 4,
                "model" : "scribe_v2",
                "provider" : "ElevenLabs"
              },
              {
                "count" : 1,
                "model" : "nova-3",
                "provider" : "Deepgram"
              }
            ]
          }
        }
      ]
    },
    {
      "audioBytes" : 427630,
      "audioFile" : "fixture-medium.caf",
      "fixtureID" : "fixture-medium",
      "levels" : [
        {
          "distributions" : {
            "encodeMs" : {
              "max" : 0.012993812561035156,
              "min" : 0.0030994415283203125,
              "p50" : 0.0040531158447265625,
              "p95" : 0.011801719665527344
            },
            "generationMs" : {
              "max" : 1783.71000289917,
              "min" : 1100.471019744873,
              "p50" : 1117.556095123291,
              "p95" : 1668.955421447754
            },
            "pasteMs" : {
              "max" : 0.0699758529663086,
              "min" : 0.015974044799804688,
              "p50" : 0.016927719116210938,
              "p95" : 0.060772895812988274
            },
            "rewriteMs" : {
              "max" : 0,
              "min" : 0,
              "p50" : 0,
              "p95" : 0
            },
            "sttMs" : {
              "max" : 1783.7059497833252,
              "min" : 1100.458025932312,
              "p50" : 1117.5490617752075,
              "p95" : 1668.9515590667725
            },
            "totalStageMs" : {
              "max" : 1783.7260961532593,
              "min" : 1100.5409955978394,
              "p50" : 1117.5730228424072,
              "p95" : 1668.9730882644653
            }
          },
          "iterations" : 5,
          "level" : "raw",
          "providers" : {
            "sttMode" : "batch",
            "sttObserved" : [
              {
                "count" : 5,
                "model" : "scribe_v2",
                "provider" : "ElevenLabs"
              }
            ]
          }
        },
        {
          "distributions" : {
            "encodeMs" : {
              "max" : 0.007987022399902344,
              "min" : 0.0029802322387695312,
              "p50" : 0.003933906555175781,
              "p95" : 0.007796287536621094
            },
            "generationMs" : {
              "max" : 2328.986883163452,
              "min" : 1741.9511079788208,
              "p50" : 1852.9131412506104,
              "p95" : 2248.600125312805
            },
            "pasteMs" : {
              "max" : 0.49698352813720703,
              "min" : 0.030040740966796875,
              "p50" : 0.13196468353271484,
              "p95" : 0.43199062347412104
            },
            "rewriteMs" : {
              "max" : 1136.4359855651855,
              "min" : 351.19104385375977,
              "p50" : 625.6920099258423,