{
  "audioBytes" : 558044,
  "audioFile" : "2 fixtures",
  "commitSHA" : "b261742ae9fbb8b9c0a80a3ba630f79b9762aac4",
  "fixtureResults" : [
    {
      "audioBytes" : 130414,
      "audioFile" : "fixture-short.caf",
      "fixtureID" : "fixture-short",
      "levels" : [
        {
          "distributions" : {
            "encodeMs" : {
              "max" : 0,
              "min" : 0,
              "p50" : 0,
              "p95" : 0
            },
            "generationMs" : {
              "max" : 1141.726016998291,
              "min" : 577.9029130935669,
              "p50" : 586.6249799728394,
              "p95" : 1034.4478130340576
            },
            "pasteMs" : {
              "max" : 0.06902217864990234,
              "min" : 0.02300739288330078,
              "p50" : 0.028967857360839844,
              "p95" : 0.06341934204101562
            },
            "rewriteMs" : {
              "max" : 0,
              "min" : 0,
              "p50" : 0,
              "p95" : 0
            },
            "sttMs" : {
              "max" : 1141.726016998291,
              "min" : 577.9029130935669,
              "p50" : 586.6249799728394,
              "p95" : 1034.4478130340576
            },
            "totalStageMs" : {
              "max" : 1141.795039176941,
              "min" : 577.9318809509277,
              "p50" : 586.6659879684448,
              "p95" : 1034.508228302002
            }
          },
          "iterations" : 5,
          "level" : "raw",
          "providers" : {
            "sttMode" : "batch",
            "sttObserved" : [
              {
                "count" : 5,
                "model" : "scribe_v2",
                "provider" : "ElevenLabs"
              }
            ]
          }
        },
        {
          "distributions" : {
            "encodeMs" : {
              "max" : 0,
              "min" : 0,
              "p50" : 0,
              "p95" : 0
            },
            "generationMs" : {
              "max" : 1196.6670751571655,
              "min" : 976.4158725738525,
              "p50" : 1007.3329210281372,
              "p95" : 1158.915662765503
            },
            "pasteMs" : {
              "max" : 0.18596649169921875,
              "min" : 0.04601478576660156,
              "p50" : 0.07998943328857422,
              "p95" : 0.1737833023071289
            },
            "rewriteMs" : {
              "max" : 588.9700651168823,
              "min" : 350.82197189331055,
              "p50" : 414.3110513687134,
              "p95" : 562.354040145874
            },
            "sttMs" : {
              "max" : 625.593900680542,
              "min" : 552.0200729370117,
              "p50" : 607.6970100402832,
              "p95" : 623.2621192932129
            },
            "totalStageMs" : {
              "max" : 1196.7921257019043,
              "min" : 976.4958620071411,
              "p50" : 1007.5188875198364,
              "p95" : 1159.027099609375
            }
          },
          "iterations" : 5,
          "level" : "clean",
          "providers" : {
            "rewriteObserved" : [
              {
                "count" : 5,
                "model" : "inception/mercury",
                "path" : "openrouter"
              }
            ],
            "sttMode" : "batch",
            "sttObserved" : [
              {
                "count" : 5,
                "model" : "scribe_v2",
                "provider" : "ElevenLabs"
              }
            ]
          }
        },
        {
          "distributions" : {
            "encodeMs" : {
              "max" : 0,
              "min" : 0,
              "p50" : 0,
              "p95" : 0
            },
            "generationMs" : {
              "max" : 2142.7650451660156,
              "min" : 1145.164966583252,
              "p50" : 1740.7419681549072,
              "p95" : 2107.4984312057495
            },
            "pasteMs" : {
              "max" : 0.12791156768798828,
              "min" : 0.024080276489257812,
              "p50" : 0.04291534423828125,
              "p95" : 0.11093616485595702
            },
            "rewriteMs" : {
              "max" : 1555.3630590438843,
              "min" : 429.9349784851074,
              "p50" : 1168.6890125274658,
              "p95" : 1502.467441558838
            },
            "sttMs" : {
              "max" : 715.2299880981445,
              "min" : 561.6519451141357,
              "p50" : 587.4019861221313,
              "p95" : 707.2933912277222
            },
            "totalStageMs" : {
              "max" : 2142.807960510254,
              "min" : 1145.1900005340576,
              "p50" : 1740.785002708435,
              "p95" : 2107.537579536438
            }
          },
          "iterations" : 5,
          "level" : "polish",
          "providers" : {
            "rewriteObserved" : [
              {
                "count" : 5,
                "model" : "inception/mercury",
                "path" : "openrouter"
              }
            ],
            "sttMode" : "batch",
            "sttObserved" : [
              {
                "count" : 5,
                "model" : "scribe_v2",
                "provider" : "ElevenLabs"
              }
            ]
          }
        }
      ]
    },
    {
      "audioBytes" : 427630,
      "audioFile" : "fixture-medium.caf",
      "fixtureID" : "fixture-medium",
      "levels" : [
        {
          "distributions" : {
            "encodeMs" : {
              "max" : 0.007033348083496094,
              "min" : 0.0019073486328125,
              "p50" : 0.0040531158447265625,
              "p95" : 0.0066280364990234375
            },
            "generationMs" : {
              "max" : 1115.8000230789185,
              "min" : 978.6651134490967,
              "p50" : 1078.4250497817993,
              "p95" : 1110.6040000915527
            },
            "pasteMs" : {
              "max" : 0.11301040649414062,
              "min" : 0.008940696716308594,
              "p50" : 0.049948692321777344,
              "p95" : 0.11000633239746094
            },
            "rewriteMs" : {
              "max" : 0,
              "min" : 0,
              "p50" : 0,
              "p95" : 0
            },
            "sttMs" : {
              "max" : 1115.7950162887573,
              "min" : 978.661060333252,
              "p50" : 1078.4220695495605,
              "p95" : 1110.5996131896973
            },
            "totalStageMs" : {
              "max" : 1115.8219575881958,
              "min" : 978.674054145813,
              "p50" : 1078.474998474121,
              "p95" : 1110.6441497802734
            }
          },
          "iterations" : 5,
          "level" : "raw",
          "providers" : {
            "sttMode" : "batch",
            "sttObserved" : [
              {
                "count" : 5,
                "model" : "scribe_v2",
                "provider" : "ElevenLabs"
              }
            ]
          }
        },
        {
          "distributions" : {
            "encodeMs" : {
              "max" : 0.02193450927734375,
              "min" : 0.0029802322387695312,
              "p50" : 0.0050067901611328125,
              "p95" : 0.020360946655273438
            },
            "generationMs" : {
              "max" : 1987.1609210968018,
              "min" : 1547.6958751678467,
              "p50" : 1663.8199090957642,
              "p95" : 1960.9757661819458
            },
            "pasteMs" : {
              "max" : 0.1379251480102539,
              "min" : 0.033974647521972656,
              "p50" : 0.03898143768310547,
              "p95" : 0.13272762298583984
            },
            "rewriteMs" : {
              "max" : 1005.5509805679321,
              "min" : 499.1039037704468,
              "p50" : 636.4709138870239,
              "p95" : 977.2042036056519
            },
            "sttMs" : {
              "max" : 1048.5889911651611,
              "min" : 981.6069602966309,