{
  "audioBytes" : 558044,
  "audioFile" : "2 fixtures",
  "commitSHA" : "9cc188340f0572adb8a6965d2219aa2e9e444eb4",
  "fixtureResults" : [
    {
      "audioBytes" : 130414,
      "audioFile" : "fixture-short.caf",
      "fixtureID" : "fixture-short",
      "levels" : [
        {
          "distributions" : {
            "encodeMs" : {
              "max" : 0,
              "min" : 0,
              "p50" : 0,
              "p95" : 0
            },
            "generationMs" : {
              "max" : 701.6619443893433,
              "min" : 548.3359098434448,
              "p50" : 611.3759279251099,
              "p95" : 686.75537109375
            },
            "pasteMs" : {
              "max" : 0.41496753692626953,
              "min" : 0.009059906005859375,
              "p50" : 0.02193450927734375,
              "p95" : 0.3369808197021484
            },
            "rewriteMs" : {
              "max" : 0,
              "min" : 0,
              "p50" : 0,
              "p95" : 0
            },
            "sttMs" : {
              "max" : 701.6619443893433,
              "min" : 548.3359098434448,
              "p50" : 611.3759279251099,
              "p95" : 686.75537109375
            },
            "totalStageMs" : {
              "max" : 702.0769119262695,
              "min" : 548.3449697494507,
              "p50" : 611.4009618759155,
              "p95" : 687.0913505554199
            }
          },
          "iterations" : 5,
          "level" : "raw",
          "providers" : {
            "sttMode" : "batch",
            "sttObserved" : [
              {
                "count" : 5,
                "model" : "scribe_v2",
                "provider" : "ElevenLabs"
              }
            ]
          }
        },
        {
          "distributions" : {
            "encodeMs" : {
              "max" : 0,
              "min" : 0,
              "p50" : 0,
              "p95" : 0
            },
            "generationMs" : {
              "max" : 619.7689771652222,
              "min" : 596.4189767837524,
              "p50" : 615.2451038360596,
              "p95" : 619.7177886962891
            },
            "pasteMs" : {
              "max" : 0.28896331787109375,
              "min" : 0.02396106719970703,
              "p50" : 0.0629425048828125,
              "p95" : 0.24518966674804685
            },
            "rewriteMs" : {
              "max" : 38.39302062988281,
              "min" : 19.572019577026367,
              "p50" : 22.578001022338867,
              "p95" : 36.149024963378906
            },
            "sttMs" : {
              "max" : 598.7850427627563,
              "min" : 569.2459344863892,
              "p50" : 591.4748907089233,
              "p95" : 598.1626510620117
            },
            "totalStageMs" : {
              "max" : 619.7929382324219,
              "min" : 596.7079401016235,
              "p50" : 615.3151988983154,
              "p95" : 619.7449684143066
            }
          },
          "iterations" : 5,
          "level" : "clean",
          "providers" : {
            "rewriteObserved" : [

            ],
            "sttMode" : "batch",
            "sttObserved" : [
              {
                "count" : 5,
                "model" : "scribe_v2",
                "provider" : "ElevenLabs"
              }
            ]
          }
        },
        {
          "distributions" : {
            "encodeMs" : {
              "max" : 0,
              "min" : 0,
              "p50" : 0,
              "p95" : 0
            },
            "generationMs" : {
              "max" : 969.424843788147,
              "min" : 565.5959844589233,
              "p50" : 610.558032989502,
              "p95" : 906.2448740005493
            },
            "pasteMs" : {
              "max" : 0.1289844512939453,
              "min" : 0.025033950805664062,
              "p50" : 0.06604194641113281,
              "p95" : 0.12118816375732422
            },
            "rewriteMs" : {
              "max" : 23.591041564941406,
              "min" : 20.295023918151855,
              "p50" : 21.04198932647705,
              "p95" : 23.13401699066162
            },
            "sttMs" : {
              "max" : 948.1189250946045,
              "min" : 544.5539951324463,
              "p50" : 589.6910429000854,
              "p95" : 885.141134262085
            },
            "totalStageMs" : {
              "max" : 969.5148468017578,
              "min" : 565.6470060348511,
              "p50" : 610.6240749359131,
              "p95" : 906.3218832015991
            }
          },
          "iterations" : 5,
          "level" : "polish",
          "providers" : {
            "rewriteObserved" : [

            ],
            "sttMode" : "batch",
            "sttObserved" : [
              {
                "count" : 5,
                "model" : "scribe_v2",
                "provider" : "ElevenLabs"
              }
            ]
          }
        }
      ]
    },
    {
      "audioBytes" : 427630,
      "audioFile" : "fixture-medium.caf",
      "fixtureID" : "fixture-medium",
      "levels" : [
        {
          "distributions" : {
            "encodeMs" : {
              "max" : 0.009059906005859375,
              "min" : 0.003933906555175781,
              "p50" : 0.007033348083496094,
              "p95" : 0.008845329284667969
            },
            "generationMs" : {
              "max" : 1507.1009397506714,
              "min" : 992.2480583190918,
              "p50" : 1343.729019165039,
              "p95" : 1490.1349544525146
            },
            "pasteMs" : {
              "max" : 1.5550851821899414,
              "min" : 0.013947486877441406,
              "p50" : 0.015020370483398438,
              "p95" : 1.247882843017578
            },
            "rewriteMs" : {
              "max" : 0,
              "min" : 0,
              "p50" : 0,
              "p95" : 0
            },
            "sttMs" : {
              "max" : 1507.0970058441162,
              "min" : 992.2389984130859,
              "p50" : 1343.7230587005615,
              "p95" : 1490.1304006576538
            },
            "totalStageMs" : {
              "max" : 1507.1200132369995,
              "min" : 992.2620058059692,
              "p50" : 1343.743085861206,
              "p95" : 1490.1532173156738
            }
          },
          "iterations" : 5,
          "level" : "raw",
          "providers" : {
            "sttMode" : "batch",
            "sttObserved" : [
              {
                "count" : 5,
                "model" : "scribe_v2",
                "provider" : "ElevenLabs"
              }
            ]
          }
        },
        {
          "distributions" : {
            "encodeMs" : {
              "max" : 0.003933906555175781,
              "min" : 0.0029802322387695312,
              "p50" : 0.0029802322387695312,
              "p95" : 0.0037670135498046875
            },
            "generationMs" : {
              "max" : 1107.6558828353882,
              "min" : 1053.2939434051514,
              "p50" : 1086.742877960205,
              "p95" : 1103.9610624313354
            },
            "pasteMs" : {
              "max" : 0.28705596923828125,
              "min" : 0.031948089599609375,
              "p50" : 0.05507469177246094,
              "p95" : 0.24306774139404294
            },
            "rewriteMs" : {
              "max" : 43.40207576751709,
              "min" : 18.88096332550049,
              "p50" : 19.372940063476562,
              "p95" : 38.70284557342529
            },
            "sttMs" : {
              "max" : 1088.2790088653564,
              "min" : 1033.3850383758545,
              "p50" : 1067.8589344024658,
              "p95" : 1084.6649885177612
            },
            "totalStageMs" : {
              "max" : 1107.7109575271606,
              "min" : 1053.3610582351685,
              "p50" : 1086.784839630127,