{
  "audioBytes" : 558044,
  "audioFile" : "2 fixtures",
  "commitSHA" : "f9072a7962e1e420500107f7e7742622854fb7e0",
  "fixtureResults" : [
    {
      "audioBytes" : 130414,
      "audioFile" : "fixture-short.caf",
      "fixtureID" : "fixture-short",
      "levels" : [
        {
          "distributions" : {
            "encodeMs" : {
              "max" : 0,
              "min" : 0,
              "p50" : 0,
              "p95" : 0
            },
            "generationMs" : {
              "max" : 674.0950345993042,
              "min" : 549.8840808868408,
              "p50" : 570.9429979324341,
              "p95" : 655.2832365036011
            },
            "pasteMs" : {
              "max" : 0.033020973205566406,
              "min" : 0.015020370483398438,
              "p50" : 0.01800060272216797,
              "p95" : 0.030803680419921875
            },
            "rewriteMs" : {
              "max" : 0,
              "min" : 0,
              "p50" : 0,
              "p95" : 0
            },
            "sttMs" : {
              "max" : 674.0950345993042,
              "min" : 549.8840808868408,
              "p50" : 570.9429979324341,
              "p95" : 655.2832365036011
            },
            "totalStageMs" : {
              "max" : 674.11208152771,
              "min" : 549.9060153961182,
              "p50" : 570.9580183029175,
              "p95" : 655.3034782409668
            }
          },
          "iterations" : 5,
          "level" : "raw",
          "providers" : {
            "sttMode" : "batch",
            "sttObserved" : [
              {
                "count" : 5,
                "model" : "scribe_v2",
                "provider" : "ElevenLabs"
              }
            ]
          }
        },
        {
          "distributions" : {
            "encodeMs" : {
              "max" : 0,
              "min" : 0,
              "p50" : 0,
              "p95" : 0
            },
            "generationMs" : {
              "max" : 1626.8619298934937,
              "min" : 1062.7610683441162,
              "p50" : 1311.703085899353,
              "p95" : 1595.906949043274
            },
            "pasteMs" : {
              "max" : 0.13494491577148438,
              "min" : 0.030040740966796875,
              "p50" : 0.07200241088867188,
              "p95" : 0.13217926025390625
            },
            "rewriteMs" : {
              "max" : 919.5239543914795,
              "min" : 434.6010684967041,
              "p50" : 719.2420959472656,
              "p95" : 911.6463661193848
            },
            "sttMs" : {
              "max" : 707.3379755020142,
              "min" : 587.6169204711914,
              "p50" : 592.4609899520874,
              "p95" : 691.5023803710938
            },
            "totalStageMs" : {
              "max" : 1626.8919706344604,
              "min" : 1062.8960132598877,
              "p50" : 1311.7700815200806,
              "p95" : 1595.955204963684
            }
          },
          "iterations" : 5,
          "level" : "clean",
          "providers" : {
            "rewriteObserved" : [
              {
                "count" : 5,
                "model" : "inception/mercury",
                "path" : "openrouter"
              }
            ],
            "sttMode" : "batch",
            "sttObserved" : [
              {
                "count" : 5,
                "model" : "scribe_v2",
                "provider" : "ElevenLabs"
              }
            ]
          }
        },
        {
          "distributions" : {
            "encodeMs" : {
              "max" : 0,
              "min" : 0,
              "p50" : 0,
              "p95" : 0
            },
            "generationMs" : {
              "max" : 1935.9711408615112,
              "min" : 1161.5660190582275,
              "p50" : 1358.9979410171509,
              "p95" : 1847.1747159957886
            },
            "pasteMs" : {
              "max" : 0.055909156799316406,
              "min" : 0.026941299438476562,
              "p50" : 0.033974647521972656,
              "p95" : 0.05393028259277344
            },
            "rewriteMs" : {
              "max" : 1235.421061515808,
              "min" : 578.5260200500488,
              "p50" : 771.4790105819702,
              "p95" : 1175.9066581726074
            },
            "sttMs" : {
              "max" : 700.5500793457031,
              "min" : 553.2599687576294,
              "p50" : 583.0399990081787,
              "p95" : 678.773045539856
            },
            "totalStageMs" : {
              "max" : 1936.0032081604004,
              "min" : 1161.5999937057495,
              "p50" : 1359.0538501739502,
              "p95" : 1847.2057580947876
            }
          },
          "iterations" : 5,
          "level" : "polish",
          "providers" : {
            "rewriteObserved" : [
              {
                "count" : 5,
                "model" : "inception/mercury",
                "path" : "openrouter"
              }
            ],
            "sttMode" : "batch",
            "sttObserved" : [
              {
                "count" : 5,
                "model" : "scribe_v2",
                "provider" : "ElevenLabs"
              }
            ]
          }
        }
      ]
    },
    {
      "audioBytes" : 427630,
      "audioFile" : "fixture-medium.caf",
      "fixtureID" : "fixture-medium",
      "levels" : [
        {
          "distributions" : {
            "encodeMs" : {
              "max" : 0.013947486877441406,
              "min" : 0.0029802322387695312,
              "p50" : 0.0040531158447265625,
              "p95" : 0.0133514404296875
            },
            "generationMs" : {
              "max" : 1517.4750089645386,
              "min" : 1109.4359159469604,
              "p50" : 1136.139988899231,
              "p95" : 1448.3874082565308
            },
            "pasteMs" : {
              "max" : 0.08392333984375,
              "min" : 0.024080276489257812,
              "p50" : 0.06902217864990234,
              "p95" : 0.0833272933959961
            },
            "rewriteMs" : {
              "max" : 0,
              "min" : 0,
              "p50" : 0,
              "p95" : 0
            },
            "sttMs" : {
              "max" : 1517.4720287322998,
              "min" : 1109.4249486923218,
              "p50" : 1136.1260414123535,
              "p95" : 1448.3842134475708
            },
            "totalStageMs" : {
              "max" : 1517.5589323043823,
              "min" : 1109.4599962234497,
              "p50" : 1136.1860036849976,
              "p95" : 1448.4683513641357
            }
          },
          "iterations" : 5,
          "level" : "raw",
          "providers" : {
            "sttMode" : "batch",
            "sttObserved" : [
              {
                "count" : 5,
                "model" : "scribe_v2",
                "provider" : "ElevenLabs"
              }
            ]
          }
        },
        {
          "distributions" : {
            "encodeMs" : {
              "max" : 0.01609325408935547,
              "min" : 0.0029802322387695312,
              "p50" : 0.014066696166992188,
              "p95" : 0.015854835510253906
            },
            "generationMs" : {
              "max" : 2350.492835044861,
              "min" : 1721.441149711609,
              "p50" : 1875.0520944595337,
              "p95" : 2307.7373027801514
            },
            "pasteMs" : {
              "max" : 0.1519918441772461,
              "min" : 0.01895427703857422,
              "p50" : 0.09691715240478516,
              "p95" : 0.14598369598388672
            },
            "rewriteMs" : {
              "max" : 1257.9119205474854,
              "min" : 624.5280504226685,
              "p50" : 732.7660322189331,
              "p95" : 1208.1923484802246
            },
            "sttMs" : {
              "max" : 1250.5099773406982,
              "min" : 1022.7600336074829,