{
  "audioBytes" : 558044,
  "audioFile" : "2 fixtures",
  "commitSHA" : "f9072a7962e1e420500107f7e7742622854fb7e0",
  "fixtureResults" : [
    {
      "audioBytes" : 130414,
      "audioFile" : "fixture-short.caf",
      "fixtureID" : "fixture-short",
      "levels" : [
        {
          "distributions" : {
            "encodeMs" : {
              "max" : 0,
              "min" : 0,
              "p50" : 0,
              "p95" : 0
            },
            "generationMs" : {
              "max" : 120.36991119384766,
              "min" : 79.59997653961182,
              "p50" : 87.98205852508545,
              "p95" : 113.93952369689941
            },
            "pasteMs" : {
              "max" : 0.0959634780883789,
              "min" : 0.01800060272216797,
              "p50" : 0.05793571472167969,
              "p95" : 0.08976459503173828
            },
            "rewriteMs" : {
              "max" : 0,
              "min" : 0,
              "p50" : 0,
              "p95" : 0
            },
            "sttMs" : {
              "max" : 120.36991119384766,
              "min" : 79.59997653961182,
              "p50" : 87.98205852508545,
              "p95" : 113.93952369689941
            },
            "totalStageMs" : {
              "max" : 120.42784690856934,
              "min" : 79.61797714233398,
              "p50" : 88.04702758789062,
              "p95" : 114.00506496429443
            }
          },
          "iterations" : 5,
          "level" : "raw",
          "providers" : {
            "sttMode" : "mock",
            "sttObserved" : [
              {
                "count" : 5,
                "model" : "fixed-delay-v1",
                "provider" : "DeterministicSTT"
              }
            ]
          }
        },
        {
          "distributions" : {
            "encodeMs" : {
              "max" : 0,
              "min" : 0,
              "p50" : 0,
              "p95" : 0
            },
            "generationMs" : {
              "max" : 238.0000352859497,
              "min" : 172.4330186843872,
              "p50" : 181.41889572143555,
              "p95" : 232.27920532226562
            },
            "pasteMs" : {
              "max" : 0.15795230865478516,
              "min" : 0.06401538848876953,
              "p50" : 0.07808208465576172,
              "p95" : 0.15575885772705078
            },
            "rewriteMs" : {
              "max" : 150.14100074768066,
              "min" : 111.58895492553711,
              "p50" : 119.50695514678955,
              "p95" : 147.51160144805908
            },
            "sttMs" : {
              "max" : 87.85903453826904,
              "min" : 60.66608428955078,
              "p50" : 62.767982482910156,
              "p95" : 84.76760387420654
            },
            "totalStageMs" : {
              "max" : 238.07811737060547,
              "min" : 172.5069284439087,
              "p50" : 181.57684803009033,
              "p95" : 232.37106800079346
            }
          },
          "iterations" : 5,
          "level" : "clean",
          "providers" : {
            "rewriteObserved" : [
              {
                "count" : 5,
                "model" : "inception/mercury",
                "path" : "deterministic"
              }
            ],
            "sttMode" : "mock",
            "sttObserved" : [
              {
                "count" : 5,
                "model" : "fixed-delay-v1",
                "provider" : "DeterministicSTT"
              }
            ]
          }
        },
        {
          "distributions" : {
            "encodeMs" : {
              "max" : 0,
              "min" : 0,
              "p50" : 0,
              "p95" : 0
            },
            "generationMs" : {
              "max" : 344.30694580078125,
              "min" : 289.82794284820557,
              "p50" : 323.9250183105469,
              "p95" : 341.36736392974854
            },
            "pasteMs" : {
              "max" : 0.14102458953857422,
              "min" : 0.049948692321777344,
              "p50" : 0.07402896881103516,
              "p95" : 0.1276254653930664
            },
            "rewriteMs" : {
              "max" : 227.29003429412842,
              "min" : 165.9080982208252,
              "p50" : 196.30193710327148,
              "p95" : 224.47643280029297
            },
            "sttMs" : {
              "max" : 139.59097862243652,
              "min" : 110.7029914855957,
              "p50" : 117.01691150665283,
              "p95" : 138.33420276641846
            },
            "totalStageMs" : {
              "max" : 344.3809747695923,
              "min" : 289.87789154052734,
              "p50" : 323.98998737335205,
              "p95" : 341.4547920227051
            }
          },
          "iterations" : 5,
          "level" : "polish",
          "providers" : {
            "rewriteObserved" : [
              {
                "count" : 5,
                "model" : "inception/mercury",
                "path" : "deterministic"
              }
            ],
            "sttMode" : "mock",
            "sttObserved" : [
              {
                "count" : 5,
                "model" : "fixed-delay-v1",
                "provider" : "DeterministicSTT"
              }
            ]
          }
        }
      ]
    },
    {
      "audioBytes" : 427630,
      "audioFile" : "fixture-medium.caf",
      "fixtureID" : "fixture-medium",
      "levels" : [
        {
          "distributions" : {
            "encodeMs" : {
              "max" : 0,
              "min" : 0,
              "p50" : 0,
              "p95" : 0
            },
            "generationMs" : {
              "max" : 88.45901489257812,
              "min" : 79.34999465942383,
              "p50" : 85.18290519714355,
              "p95" : 87.81282901763916
            },
            "pasteMs" : {
              "max" : 0.07700920104980469,
              "min" : 0.028967857360839844,
              "p50" : 0.052094459533691406,
              "p95" : 0.07519721984863281
            },
            "rewriteMs" : {
              "max" : 0,
              "min" : 0,
              "p50" : 0,
              "p95" : 0
            },
            "sttMs" : {
              "max" : 88.45901489257812,
              "min" : 79.34999465942383,
              "p50" : 85.18290519714355,
              "p95" : 87.81282901763916
            },
            "totalStageMs" : {
              "max" : 88.50502967834473,
              "min" : 79.37896251678467,
              "p50" : 85.2508544921875,
              "p95" : 87.86005973815918
            }
          },
          "iterations" : 5,
          "level" : "raw",
          "providers" : {
            "sttMode" : "mock",
            "sttObserved" : [
              {
                "count" : 5,
                "model" : "fixed-delay-v1",
                "provider" : "DeterministicSTT"
              }
            ]
          }
        },
        {
          "distributions" : {
            "encodeMs" : {
              "max" : 0,
              "min" : 0,
              "p50" : 0,
              "p95" : 0
            },
            "generationMs" : {
              "max" : 252.97701358795166,
              "min" : 169.85607147216797,
              "p50" : 177.31118202209473,
              "p95" : 242.0072317123413
            },
            "pasteMs" : {
              "max" : 0.051021575927734375,
              "min" : 0.03898143768310547,
              "p50" : 0.048995018005371094,
              "p95" : 0.050830841064453125
            },
            "rewriteMs" : {
              "max" : 172.81591892242432,
              "min" : 101.77505016326904,
              "p50" : 104.09700870513916,
              "p95" : 159.9719524383545
            },
            "sttMs" : {
              "max" : 96.06802463531494,
              "min" : 68.08102130889893,
              "p50" : 68.71509552001953,
              "p95" : 92.88663864135742
            },