{
  "audioBytes" : 558044,
  "audioFile" : "2 fixtures",
  "commitSHA" : "8db5c350e3af333efe53496e11c8d1e00afbae3f",
  "fixtureResults" : [
    {
      "audioBytes" : 130414,
      "audioFile" : "fixture-short.caf",
      "fixtureID" : "fixture-short",
      "levels" : [
        {
          "distributions" : {
            "encodeMs" : {
              "max" : 0,
              "min" : 0,
              "p50" : 0,
              "p95" : 0
            },
            "generationMs" : {
              "max" : 631.8579912185669,
              "min" : 567.9450035095215,
              "p50" : 586.9309902191162,
              "p95" : 625.0869989395142
            },
            "pasteMs" : {
              "max" : 0.06008148193359375,
              "min" : 0.012993812561035156,
              "p50" : 0.01895427703857422,
              "p95" : 0.059676170349121094
            },
            "rewriteMs" : {
              "max" : 0,
              "min" : 0,
              "p50" : 0,
              "p95" : 0
            },
            "sttMs" : {
              "max" : 631.8579912185669,
              "min" : 567.9450035095215,
              "p50" : 586.9309902191162,
              "p95" : 625.0869989395142
            },
            "totalStageMs" : {
              "max" : 631.8709850311279,
              "min" : 567.9639577865601,
              "p50" : 586.946964263916,
              "p95" : 625.1094102859497
            }
          },
          "iterations" : 5,
          "level" : "raw",
          "providers" : {
            "sttMode" : "batch",
            "sttObserved" : [
              {
                "count" : 5,
                "model" : "scribe_v2",
                "provider" : "ElevenLabs"
              }
            ]
          }
        },
        {
          "distributions" : {
            "encodeMs" : {
              "max" : 0,
              "min" : 0,
              "p50" : 0,
              "p95" : 0
            },
            "generationMs" : {
              "max" : 1415.337085723877,
              "min" : 944.8080062866211,
              "p50" : 1049.923062324524,
              "p95" : 1385.1090908050537
            },
            "pasteMs" : {
              "max" : 0.5900859832763672,
              "min" : 0.027060508728027344,
              "p50" : 0.048041343688964844,
              "p95" : 0.49026012420654286
            },
            "rewriteMs" : {
              "max" : 488.47496509552,
              "min" : 371.7160224914551,
              "p50" : 430.2750825881958,
              "p95" : 480.04937171936035
            },
            "sttMs" : {
              "max" : 985.0620031356812,
              "min" : 561.4480972290039,
              "p50" : 591.8399095535278,
              "p95" : 955.0258159637451
            },
            "totalStageMs" : {
              "max" : 1415.37606716156,
              "min" : 944.8350667953491,
              "p50" : 1050.5131483078003,
              "p95" : 1385.1584672927856
            }
          },
          "iterations" : 5,
          "level" : "clean",
          "providers" : {
            "rewriteObserved" : [
              {
                "count" : 5,
                "model" : "inception/mercury",
                "path" : "openrouter"
              }
            ],
            "sttMode" : "batch",
            "sttObserved" : [
              {
                "count" : 5,
                "model" : "scribe_v2",
                "provider" : "ElevenLabs"
              }
            ]
          }
        },
        {
          "distributions" : {
            "encodeMs" : {
              "max" : 0,
              "min" : 0,
              "p50" : 0,
              "p95" : 0
            },
            "generationMs" : {
              "max" : 1897.3649740219116,
              "min" : 1126.2688636779785,
              "p50" : 1271.4979648590088,
              "p95" : 1824.8899936676025
            },
            "pasteMs" : {
              "max" : 0.07104873657226562,
              "min" : 0.029921531677246094,
              "p50" : 0.03802776336669922,
              "p95" : 0.06625652313232422
            },
            "rewriteMs" : {
              "max" : 994.9159622192383,
              "min" : 565.1469230651855,
              "p50" : 684.7900152206421,
              "p95" : 987.9775762557983
            },
            "sttMs" : {
              "max" : 902.4490118026733,
              "min" : 561.121940612793,
              "p50" : 574.7660398483276,
              "p95" : 839.300799369812
            },
            "totalStageMs" : {
              "max" : 1897.39990234375,
              "min" : 1126.3068914413452,
              "p50" : 1271.5450525283813,
              "p95" : 1824.9239206314087
            }
          },
          "iterations" : 5,
          "level" : "polish",
          "providers" : {
            "rewriteObserved" : [
              {
                "count" : 5,
                "model" : "inception/mercury",
                "path" : "openrouter"
              }
            ],
            "sttMode" : "batch",
            "sttObserved" : [
              {
                "count" : 5,
                "model" : "scribe_v2",
                "provider" : "ElevenLabs"
              }
            ]
          }
        }
      ]
    },
    {
      "audioBytes" : 427630,
      "audioFile" : "fixture-medium.caf",
      "fixtureID" : "fixture-medium",
      "levels" : [
        {
          "distributions" : {
            "encodeMs" : {
              "max" : 0.006079673767089844,
              "min" : 0.0019073486328125,
              "p50" : 0.0040531158447265625,
              "p95" : 0.0060558319091796875
            },
            "generationMs" : {
              "max" : 1208.0260515213013,
              "min" : 976.9901037216187,
              "p50" : 1053.9151430130005,
              "p95" : 1205.7168245315552
            },
            "pasteMs" : {
              "max" : 0.048995018005371094,
              "min" : 0.011086463928222656,
              "p50" : 0.030994415283203125,
              "p95" : 0.04780292510986328
            },
            "rewriteMs" : {
              "max" : 0,
              "min" : 0,
              "p50" : 0,
              "p95" : 0
            },
            "sttMs" : {
              "max" : 1208.0230712890625,
              "min" : 976.9840240478516,
              "p50" : 1053.9110898971558,
              "p95" : 1205.7132482528687
            },
            "totalStageMs" : {
              "max" : 1208.0371379852295,
              "min" : 977.0090579986572,
              "p50" : 1053.9461374282837,
              "p95" : 1205.7354927062988
            }
          },
          "iterations" : 5,
          "level" : "raw",
          "providers" : {
            "sttMode" : "batch",
            "sttObserved" : [
              {
                "count" : 5,
                "model" : "scribe_v2",
                "provider" : "ElevenLabs"
              }
            ]
          }
        },
        {
          "distributions" : {
            "encodeMs" : {
              "max" : 0.015020370483398438,
              "min" : 0.0040531158447265625,
              "p50" : 0.0050067901611328125,
              "p95" : 0.013637542724609375
            },
            "generationMs" : {
              "max" : 2058.3949089050293,
              "min" : 1503.3659934997559,
              "p50" : 1681.0669898986816,
              "p95" : 1998.8659620285034
            },
            "pasteMs" : {
              "max" : 0.19800662994384766,
              "min" : 0.030994415283203125,
              "p50" : 0.048995018005371094,
              "p95" : 0.1806020736694336
            },
            "rewriteMs" : {
              "max" : 717.621922492981,
              "min" : 463.0929231643677,
              "p50" : 546.531081199646,
              "p95" : 706.2275409698486
            },
            "sttMs" : {
              "max" : 1340.757966041565,
              "min" : 1020.4129219055176,