{
  "audioBytes" : 558044,
  "audioFile" : "2 fixtures",
  "commitSHA" : "02d0bf9f84f7b667885f6c9ebdf02b0054b351ee",
  "fixtureResults" : [
    {
      "audioBytes" : 130414,
      "audioFile" : "fixture-short.caf",
      "fixtureID" : "fixture-short",
      "levels" : [
        {
          "distributions" : {
            "encodeMs" : {
              "max" : 0,
              "min" : 0,
              "p50" : 0,
              "p95" : 0
            },
            "generationMs" : {
              "max" : 117.43593215942383,
              "min" : 89.74099159240723,
              "p50" : 102.3780107498169,
              "p95" : 114.60275650024414
            },
            "pasteMs" : {
              "max" : 0.1100301742553711,
              "min" : 0.03695487976074219,
              "p50" : 0.04696846008300781,
              "p95" : 0.10001659393310547
            },
            "rewriteMs" : {
              "max" : 0,
              "min" : 0,
              "p50" : 0,
              "p95" : 0
            },
            "sttMs" : {
              "max" : 117.43593215942383,
              "min" : 89.74099159240723,
              "p50" : 102.3780107498169,
              "p95" : 114.60275650024414
            },
            "totalStageMs" : {
              "max" : 117.5459623336792,
              "min" : 89.78796005249023,
              "p50" : 102.41496562957764,
              "p95" : 114.70277309417725
            }
          },
          "iterations" : 5,
          "level" : "raw",
          "providers" : {
            "sttMode" : "mock",
            "sttObserved" : [
              {
                "count" : 5,
                "model" : "fixed-delay-v1",
                "provider" : "DeterministicSTT"
              }
            ]
          }
        },
        {
          "distributions" : {
            "encodeMs" : {
              "max" : 0,
              "min" : 0,
              "p50" : 0,
              "p95" : 0
            },
            "generationMs" : {
              "max" : 215.2860164642334,
              "min" : 174.08204078674316,
              "p50" : 189.36502933502197,
              "p95" : 211.28840446472168
            },
            "pasteMs" : {
              "max" : 1.3689994812011719,
              "min" : 0.0699758529663086,
              "p50" : 0.23293495178222656,
              "p95" : 1.3076066970825195
            },
            "rewriteMs" : {
              "max" : 129.54401969909668,
              "min" : 103.14702987670898,
              "p50" : 112.9000186920166,
              "p95" : 128.78100872039795
            },
            "sttMs" : {
              "max" : 85.74199676513672,
              "min" : 63.636064529418945,
              "p50" : 77.88300514221191,
              "p95" : 85.07318496704102
            },
            "totalStageMs" : {
              "max" : 215.51895141601562,
              "min" : 174.15201663970947,
              "p50" : 190.42706489562988,
              "p95" : 211.4959716796875
            }
          },
          "iterations" : 5,
          "level" : "clean",
          "providers" : {
            "rewriteObserved" : [
              {
                "count" : 5,
                "model" : "inception/mercury",
                "path" : "deterministic"
              }
            ],
            "sttMode" : "mock",
            "sttObserved" : [
              {
                "count" : 5,
                "model" : "fixed-delay-v1",
                "provider" : "DeterministicSTT"
              }
            ]
          }
        },
        {
          "distributions" : {
            "encodeMs" : {
              "max" : 0,
              "min" : 0,
              "p50" : 0,
              "p95" : 0
            },
            "generationMs" : {
              "max" : 359.1790199279785,
              "min" : 256.0141086578369,
              "p50" : 297.98901081085205,
              "p95" : 347.6583957672119
            },
            "pasteMs" : {
              "max" : 3.7540197372436523,
              "min" : 0.1380443572998047,
              "p50" : 0.6219148635864258,
              "p95" : 3.209614753723144
            },
            "rewriteMs" : {
              "max" : 226.54998302459717,
              "min" : 188.65907192230225,
              "p50" : 203.6139965057373,
              "p95" : 222.11298942565918
            },
            "sttMs" : {
              "max" : 132.62903690338135,
              "min" : 67.35503673553467,
              "p50" : 93.62399578094482,
              "p95" : 125.69561004638672
            },
            "totalStageMs" : {
              "max" : 359.80093479156494,
              "min" : 256.1521530151367,
              "p50" : 298.47192764282227,
              "p95" : 348.9067316055298
            }
          },
          "iterations" : 5,
          "level" : "polish",
          "providers" : {
            "rewriteObserved" : [
              {
                "count" : 5,
                "model" : "inception/mercury",
                "path" : "deterministic"
              }
            ],
            "sttMode" : "mock",
            "sttObserved" : [
              {
                "count" : 5,
                "model" : "fixed-delay-v1",
                "provider" : "DeterministicSTT"
              }
            ]
          }
        }
      ]
    },
    {
      "audioBytes" : 427630,
      "audioFile" : "fixture-medium.caf",
      "fixtureID" : "fixture-medium",
      "levels" : [
        {
          "distributions" : {
            "encodeMs" : {
              "max" : 0,
              "min" : 0,
              "p50" : 0,
              "p95" : 0
            },
            "generationMs" : {
              "max" : 119.56894397735596,
              "min" : 92.18406677246094,
              "p50" : 97.6719856262207,
              "p95" : 115.9205675125122
            },
            "pasteMs" : {
              "max" : 0.06794929504394531,
              "min" : 0.02002716064453125,
              "p50" : 0.03504753112792969,
              "p95" : 0.06155967712402343
            },
            "rewriteMs" : {
              "max" : 0,
              "min" : 0,
              "p50" : 0,
              "p95" : 0
            },
            "sttMs" : {
              "max" : 119.56894397735596,
              "min" : 92.18406677246094,
              "p50" : 97.6719856262207,
              "p95" : 115.9205675125122
            },
            "totalStageMs" : {
              "max" : 119.6368932723999,
              "min" : 92.22006797790527,
              "p50" : 97.70596027374268,
              "p95" : 115.98193645477295
            }
          },
          "iterations" : 5,
          "level" : "raw",
          "providers" : {
            "sttMode" : "mock",
            "sttObserved" : [
              {
                "count" : 5,
                "model" : "fixed-delay-v1",
                "provider" : "DeterministicSTT"
              }
            ]
          }
        },
        {
          "distributions" : {
            "encodeMs" : {
              "max" : 0,
              "min" : 0,
              "p50" : 0,
              "p95" : 0
            },
            "generationMs" : {
              "max" : 269.36399936676025,
              "min" : 201.40790939331055,
              "p50" : 232.75494575500488,
              "p95" : 265.4031991958618
            },
            "pasteMs" : {
              "max" : 0.13697147369384766,
              "min" : 0.0400543212890625,
              "p50" : 0.09799003601074219,
              "p95" : 0.13058185577392578
            },
            "rewriteMs" : {
              "max" : 170.15397548675537,
              "min" : 101.41491889953613,
              "p50" : 159.78002548217773,
              "p95" : 168.7419891357422
            },
            "sttMs" : {
              "max" : 131.34002685546875,
              "min" : 68.59993934631348,
              "p50" : 99.21002388000488,
              "p95" : 125.04861354827881
            },