{
  "audioBytes" : 558044,
  "audioFile" : "2 fixtures",
  "commitSHA" : "02d0bf9f84f7b667885f6c9ebdf02b0054b351ee",
  "fixtureResults" : [
    {
      "audioBytes" : 130414,
      "audioFile" : "fixture-short.caf",
      "fixtureID" : "fixture-short",
      "levels" : [
        {
          "distributions" : {
            "encodeMs" : {
              "max" : 0,
              "min" : 0,
              "p50" : 0,
              "p95" : 0
            },
            "generationMs" : {
              "max" : 662.6360416412354,
              "min" : 457.54897594451904,
              "p50" : 471.9780683517456,
              "p95" : 642.5338506698608
            },
            "pasteMs" : {
              "max" : 0.14090538024902344,
              "min" : 0.03707408905029297,
              "p50" : 0.04208087921142578,
              "p95" : 0.12493133544921874
            },
            "rewriteMs" : {
              "max" : 0,
              "min" : 0,
              "p50" : 0,
              "p95" : 0
            },
            "sttMs" : {
              "max" : 662.6360416412354,
              "min" : 457.54897594451904,
              "p50" : 471.9780683517456,
              "p95" : 642.5338506698608
            },
            "totalStageMs" : {
              "max" : 662.6970767974854,
              "min" : 457.58605003356934,
              "p50" : 472.0190763473511,
              "p95" : 642.5910949707031
            }
          },
          "iterations" : 5,
          "level" : "raw",
          "providers" : {
            "sttMode" : "batch",
            "sttObserved" : [
              {
                "count" : 5,
                "model" : "scribe_v2",
                "provider" : "ElevenLabs"
              }
            ]
          }
        },
        {
          "distributions" : {
            "encodeMs" : {
              "max" : 0,
              "min" : 0,
              "p50" : 0,
              "p95" : 0
            },
            "generationMs" : {
              "max" : 913.815975189209,
              "min" : 777.197003364563,
              "p50" : 869.5670366287231,
              "p95" : 909.7425699234009
            },
            "pasteMs" : {
              "max" : 0.5480051040649414,
              "min" : 0.052094459533691406,
              "p50" : 0.10192394256591797,
              "p95" : 0.5040168762207031
            },
            "rewriteMs" : {
              "max" : 435.4599714279175,
              "min" : 288.3700132369995,
              "p50" : 421.06497287750244,
              "p95" : 434.4183683395386
            },
            "sttMs" : {
              "max" : 488.8269901275635,
              "min" : 447.00098037719727,
              "p50" : 471.5240001678467,
              "p95" : 487.774395942688
            },
            "totalStageMs" : {
              "max" : 914.3639802932739,
              "min" : 777.2490978240967,
              "p50" : 869.6290254592896,
              "p95" : 910.2465867996216
            }
          },
          "iterations" : 5,
          "level" : "clean",
          "providers" : {
            "rewriteObserved" : [
              {
                "count" : 5,
                "model" : "inception/mercury",
                "path" : "openrouter"
              }
            ],
            "sttMode" : "batch",
            "sttObserved" : [
              {
                "count" : 5,
                "model" : "scribe_v2",
                "provider" : "ElevenLabs"
              }
            ]
          }
        },
        {
          "distributions" : {
            "encodeMs" : {
              "max" : 0,
              "min" : 0,
              "p50" : 0,
              "p95" : 0
            },
            "generationMs" : {
              "max" : 1178.4589290618896,
              "min" : 844.480037689209,
              "p50" : 1016.2869691848755,
              "p95" : 1150.6601572036743
            },
            "pasteMs" : {
              "max" : 0.3390312194824219,
              "min" : 0.0699758529663086,
              "p50" : 0.09799003601074219,
              "p95" : 0.29182434082031244
            },
            "rewriteMs" : {
              "max" : 604.7040224075317,
              "min" : 383.57603549957275,
              "p50" : 480.45802116394043,
              "p95" : 595.4684257507324
            },
            "sttMs" : {
              "max" : 573.7549066543579,
              "min" : 457.76093006134033,
              "p50" : 469.5899486541748,
              "p95" : 570.8053350448608
            },
            "totalStageMs" : {
              "max" : 1178.797960281372,
              "min" : 844.5500135421753,
              "p50" : 1016.3829326629639,
              "p95" : 1150.9509801864624
            }
          },
          "iterations" : 5,
          "level" : "polish",
          "providers" : {
            "rewriteObserved" : [
              {
                "count" : 5,
                "model" : "inception/mercury",
                "path" : "openrouter"
              }
            ],
            "sttMode" : "batch",
            "sttObserved" : [
              {
                "count" : 5,
                "model" : "scribe_v2",
                "provider" : "ElevenLabs"
              }
            ]
          }
        }
      ]
    },
    {
      "audioBytes" : 427630,
      "audioFile" : "fixture-medium.caf",
      "fixtureID" : "fixture-medium",
      "levels" : [
        {
          "distributions" : {
            "encodeMs" : {
              "max" : 0.011086463928222656,
              "min" : 0.0029802322387695312,
              "p50" : 0.008940696716308594,
              "p95" : 0.0110626220703125
            },
            "generationMs" : {
              "max" : 1979.4440269470215,
              "min" : 886.138916015625,
              "p50" : 925.652027130127,
              "p95" : 1769.2340135574339
            },
            "pasteMs" : {
              "max" : 0.12302398681640625,
              "min" : 0.030040740966796875,
              "p50" : 0.05996227264404297,
              "p95" : 0.11742115020751953
            },
            "rewriteMs" : {
              "max" : 0,
              "min" : 0,
              "p50" : 0,
              "p95" : 0
            },
            "sttMs" : {
              "max" : 1979.438066482544,
              "min" : 886.1279487609863,
              "p50" : 925.6409406661987,
              "p95" : 1769.228649139404
            },
            "totalStageMs" : {
              "max" : 1979.5039892196655,
              "min" : 886.1889839172363,
              "p50" : 925.7470369338989,
              "p95" : 1769.2879915237424
            }
          },
          "iterations" : 5,
          "level" : "raw",
          "providers" : {
            "sttMode" : "batch",
            "sttObserved" : [
              {
                "count" : 5,
                "model" : "scribe_v2",
                "provider" : "ElevenLabs"
              }
            ]
          }
        },
        {
          "distributions" : {
            "encodeMs" : {
              "max" : 0.012040138244628906,
              "min" : 0.0030994415283203125,
              "p50" : 0.006079673767089844,
              "p95" : 0.011229515075683594
            },
            "generationMs" : {
              "max" : 1654.5511484146118,
              "min" : 1289.6361351013184,
              "p50" : 1547.521948814392,
              "p95" : 1650.850486755371
            },
            "pasteMs" : {
              "max" : 0.7569789886474609,
              "min" : 0.049948692321777344,
              "p50" : 0.12195110321044922,
              "p95" : 0.6743669509887695
            },
            "rewriteMs" : {
              "max" : 758.4909200668335,
              "min" : 445.26994228363037,
              "p50" : 653.296947479248,
              "p95" : 755.2597522735596
            },
            "sttMs" : {
              "max" : 1020.0529098510742,
              "min" : 844.3630933761597,