{
  "audioBytes" : 558044,
  "audioFile" : "2 fixtures",
  "commitSHA" : "5e40c5abe3d376e5a16df0670991fe418e9cba99",
  "fixtureResults" : [
    {
      "audioBytes" : 130414,
      "audioFile" : "fixture-short.caf",
      "fixtureID" : "fixture-short",
      "levels" : [
        {
          "distributions" : {
            "encodeMs" : {
              "max" : 0,
              "min" : 0,
              "p50" : 0,
              "p95" : 0
            },
            "generationMs" : {
              "max" : 572.7150440216064,
              "min" : 556.4229488372803,
              "p50" : 558.3410263061523,
              "p95" : 570.5586433410645
            },
            "pasteMs" : {
              "max" : 0.30100345611572266,
              "min" : 0.03600120544433594,
              "p50" : 0.0820159912109375,
              "p95" : 0.2585887908935547
            },
            "rewriteMs" : {
              "max" : 0,
              "min" : 0,
              "p50" : 0,
              "p95" : 0
            },
            "sttMs" : {
              "max" : 572.7150440216064,
              "min" : 556.4229488372803,
              "p50" : 558.3410263061523,
              "p95" : 570.5586433410645
            },
            "totalStageMs" : {
              "max" : 572.7510452270508,
              "min" : 556.5118789672852,
              "p50" : 558.6420297622681,
              "p95" : 570.5970525741577
            }
          },
          "iterations" : 5,
          "level" : "raw",
          "providers" : {
            "sttMode" : "batch",
            "sttObserved" : [
              {
                "count" : 5,
                "model" : "scribe_v2",
                "provider" : "ElevenLabs"
              }
            ]
          }
        },
        {
          "distributions" : {
            "encodeMs" : {
              "max" : 0,
              "min" : 0,
              "p50" : 0,
              "p95" : 0
            },
            "generationMs" : {
              "max" : 958.617091178894,
              "min" : 872.7818727493286,
              "p50" : 942.1800374984741,
              "p95" : 957.7294826507568
            },
            "pasteMs" : {
              "max" : 0.3889799118041992,
              "min" : 0.025987625122070312,
              "p50" : 0.10097026824951172,
              "p95" : 0.33357143402099604
            },
            "rewriteMs" : {
              "max" : 429.45003509521484,
              "min" : 320.07694244384766,
              "p50" : 390.2900218963623,
              "p95" : 425.1228332519531
            },
            "sttMs" : {
              "max" : 604.485034942627,
              "min" : 512.7300024032593,
              "p50" : 550.8030652999878,
              "p95" : 594.1290140151978
            },
            "totalStageMs" : {
              "max" : 958.7180614471436,
              "min" : 872.8737831115723,
              "p50" : 942.5690174102783,
              "p95" : 957.8326463699341
            }
          },
          "iterations" : 5,
          "level" : "clean",
          "providers" : {
            "rewriteObserved" : [
              {
                "count" : 5,
                "model" : "inception/mercury",
                "path" : "openrouter"
              }
            ],
            "sttMode" : "batch",
            "sttObserved" : [
              {
                "count" : 5,
                "model" : "scribe_v2",
                "provider" : "ElevenLabs"
              }
            ]
          }
        },
        {
          "distributions" : {
            "encodeMs" : {
              "max" : 0,
              "min" : 0,
              "p50" : 0,
              "p95" : 0
            },
            "generationMs" : {
              "max" : 1502.2438764572144,
              "min" : 1012.7649307250977,
              "p50" : 1281.0211181640625,
              "p95" : 1470.5840826034546
            },
            "pasteMs" : {
              "max" : 0.3199577331542969,
              "min" : 0.10001659393310547,
              "p50" : 0.11205673217773438,
              "p95" : 0.27916431427001953
            },
            "rewriteMs" : {
              "max" : 945.6689357757568,
              "min" : 454.8180103302002,
              "p50" : 693.5299634933472,
              "p95" : 910.8429431915283
            },
            "sttMs" : {
              "max" : 588.3790254592896,
              "min" : 556.5749406814575,
              "p50" : 572.4059343338013,
              "p95" : 587.3131990432739
            },
            "totalStageMs" : {
              "max" : 1502.3438930511475,
              "min" : 1012.8769874572754,
              "p50" : 1281.3410758972168,
              "p95" : 1470.6863164901733
            }
          },
          "iterations" : 5,
          "level" : "polish",
          "providers" : {
            "rewriteObserved" : [
              {
                "count" : 5,
                "model" : "inception/mercury",
                "path" : "openrouter"
              }
            ],
            "sttMode" : "batch",
            "sttObserved" : [
              {
                "count" : 5,
                "model" : "scribe_v2",
                "provider" : "ElevenLabs"
              }
            ]
          }
        }
      ]
    },
    {
      "audioBytes" : 427630,
      "audioFile" : "fixture-medium.caf",
      "fixtureID" : "fixture-medium",
      "levels" : [
        {
          "distributions" : {
            "encodeMs" : {
              "max" : 0.014066696166992188,
              "min" : 0.0029802322387695312,
              "p50" : 0.009059906005859375,
              "p95" : 0.014066696166992188
            },
            "generationMs" : {
              "max" : 1016.0809755325317,
              "min" : 922.996997833252,
              "p50" : 932.0579767227173,
              "p95" : 1012.9460096359253
            },
            "pasteMs" : {
              "max" : 0.09107589721679688,
              "min" : 0.009059906005859375,
              "p50" : 0.03898143768310547,
              "p95" : 0.08525848388671875
            },
            "rewriteMs" : {
              "max" : 0,
              "min" : 0,
              "p50" : 0,
              "p95" : 0
            },
            "sttMs" : {
              "max" : 1016.0719156265259,
              "min" : 922.9940176010132,
              "p50" : 932.0439100265503,
              "p95" : 1012.9359483718872
            },
            "totalStageMs" : {
              "max" : 1016.1429643630981,
              "min" : 923.0880737304688,
              "p50" : 932.0670366287231,
              "p95" : 1013.003396987915
            }
          },
          "iterations" : 5,
          "level" : "raw",
          "providers" : {
            "sttMode" : "batch",
            "sttObserved" : [
              {
                "count" : 5,
                "model" : "scribe_v2",
                "provider" : "ElevenLabs"
              }
            ]
          }
        },
        {
          "distributions" : {
            "encodeMs" : {
              "max" : 0.014901161193847656,
              "min" : 0.0029802322387695312,
              "p50" : 0.008940696716308594,
              "p95" : 0.014519691467285156
            },
            "generationMs" : {
              "max" : 1967.1059846878052,
              "min" : 1426.071047782898,
              "p50" : 1671.941876411438,
              "p95" : 1925.8335828781128
            },
            "pasteMs" : {
              "max" : 0.1289844512939453,
              "min" : 0.09799003601074219,
              "p50" : 0.1119375228881836,
              "p95" : 0.1269817352294922
            },
            "rewriteMs" : {
              "max" : 675.9939193725586,
              "min" : 446.73609733581543,
              "p50" : 602.1640300750732,
              "p95" : 664.4033432006836
            },
            "sttMs" : {
              "max" : 1420.1600551605225,
              "min" : 979.3200492858887,