{
  "audioBytes" : 558044,
  "audioFile" : "2 fixtures",
  "commitSHA" : "9de9c37af461ced13ababed2a6a84f36f3c51030",
  "fixtureResults" : [
    {
      "audioBytes" : 130414,
      "audioFile" : "fixture-short.caf",
      "fixtureID" : "fixture-short",
      "levels" : [
        {
          "distributions" : {
            "encodeMs" : {
              "max" : 0,
              "min" : 0,
              "p50" : 0,
              "p95" : 0
            },
            "generationMs" : {
              "max" : 203.57203483581543,
              "min" : 69.40805912017822,
              "p50" : 101.91595554351807,
              "p95" : 194.62223052978516
            },
            "pasteMs" : {
              "max" : 0.09393692016601562,
              "min" : 0.04303455352783203,
              "p50" : 0.047087669372558594,
              "p95" : 0.08614063262939453
            },
            "rewriteMs" : {
              "max" : 0,
              "min" : 0,
              "p50" : 0,
              "p95" : 0
            },
            "sttMs" : {
              "max" : 203.57203483581543,
              "min" : 69.40805912017822,
              "p50" : 101.91595554351807,
              "p95" : 194.62223052978516
            },
            "totalStageMs" : {
              "max" : 203.61506938934326,
              "min" : 69.50199604034424,
              "p50" : 101.96304321289062,
              "p95" : 194.667649269104
            }
          },
          "iterations" : 5,
          "level" : "raw",
          "providers" : {
            "sttMode" : "mock",
            "sttObserved" : [
              {
                "count" : 5,
                "model" : "fixed-delay-v1",
                "provider" : "DeterministicSTT"
              }
            ]
          }
        },
        {
          "distributions" : {
            "encodeMs" : {
              "max" : 0,
              "min" : 0,
              "p50" : 0,
              "p95" : 0
            },
            "generationMs" : {
              "max" : 353.6330461502075,
              "min" : 164.12103176116943,
              "p50" : 301.5000820159912,
              "p95" : 346.060848236084
            },
            "pasteMs" : {
              "max" : 0.09000301361083984,
              "min" : 0.030994415283203125,
              "p50" : 0.03695487976074219,
              "p95" : 0.08840560913085938
            },
            "rewriteMs" : {
              "max" : 253.81600856781006,
              "min" : 100.7159948348999,
              "p50" : 124.68302249908447,
              "p95" : 243.23241710662842
            },
            "sttMs" : {
              "max" : 176.81705951690674,
              "min" : 60.48703193664551,
              "p50" : 72.91197776794434,
              "p95" : 172.00064659118652
            },
            "totalStageMs" : {
              "max" : 353.6640405654907,
              "min" : 164.15798664093018,
              "p50" : 301.53608322143555,
              "p95" : 346.10204696655273
            }
          },
          "iterations" : 5,
          "level" : "clean",
          "providers" : {
            "rewriteObserved" : [
              {
                "count" : 5,
                "model" : "inception/mercury",
                "path" : "deterministic"
              }
            ],
            "sttMode" : "mock",
            "sttObserved" : [
              {
                "count" : 5,
                "model" : "fixed-delay-v1",
                "provider" : "DeterministicSTT"
              }
            ]
          }
        },
        {
          "distributions" : {
            "encodeMs" : {
              "max" : 0,
              "min" : 0,
              "p50" : 0,
              "p95" : 0
            },
            "generationMs" : {
              "max" : 528.9959907531738,
              "min" : 246.06895446777344,
              "p50" : 408.9399576187134,
              "p95" : 518.9335823059082
            },
            "pasteMs" : {
              "max" : 0.20003318786621094,
              "min" : 0.11992454528808594,
              "p50" : 0.14901161193847656,
              "p95" : 0.19741058349609375
            },
            "rewriteMs" : {
              "max" : 312.51204013824463,
              "min" : 167.30892658233643,
              "p50" : 287.0359420776367,
              "p95" : 311.6992235183716
            },
            "sttMs" : {
              "max" : 220.54803371429443,
              "min" : 78.76002788543701,
              "p50" : 96.42791748046875,
              "p95" : 214.76802825927734
            },
            "totalStageMs" : {
              "max" : 529.1829109191895,
              "min" : 246.18887901306152,
              "p50" : 409.1399908065796,
              "p95" : 519.1117286682129
            }
          },
          "iterations" : 5,
          "level" : "polish",
          "providers" : {
            "rewriteObserved" : [
              {
                "count" : 5,
                "model" : "inception/mercury",
                "path" : "deterministic"
              }
            ],
            "sttMode" : "mock",
            "sttObserved" : [
              {
                "count" : 5,
                "model" : "fixed-delay-v1",
                "provider" : "DeterministicSTT"
              }
            ]
          }
        }
      ]
    },
    {
      "audioBytes" : 427630,
      "audioFile" : "fixture-medium.caf",
      "fixtureID" : "fixture-medium",
      "levels" : [
        {
          "distributions" : {
            "encodeMs" : {
              "max" : 0,
              "min" : 0,
              "p50" : 0,
              "p95" : 0
            },
            "generationMs" : {
              "max" : 201.86305046081543,
              "min" : 100.17800331115723,
              "p50" : 101.45604610443115,
              "p95" : 182.26144313812256
            },
            "pasteMs" : {
              "max" : 0.12290477752685547,
              "min" : 0.03898143768310547,
              "p50" : 0.05900859832763672,
              "p95" : 0.116729736328125
            },
            "rewriteMs" : {
              "max" : 0,
              "min" : 0,
              "p50" : 0,
              "p95" : 0
            },
            "sttMs" : {
              "max" : 201.86305046081543,
              "min" : 100.17800331115723,
              "p50" : 101.45604610443115,
              "p95" : 182.26144313812256
            },
            "totalStageMs" : {
              "max" : 201.90203189849854,
              "min" : 100.30090808868408,
              "p50" : 101.50504112243652,
              "p95" : 182.31103420257568
            }
          },
          "iterations" : 5,
          "level" : "raw",
          "providers" : {
            "sttMode" : "mock",
            "sttObserved" : [
              {
                "count" : 5,
                "model" : "fixed-delay-v1",
                "provider" : "DeterministicSTT"
              }
            ]
          }
        },
        {
          "distributions" : {
            "encodeMs" : {
              "max" : 0,
              "min" : 0,
              "p50" : 0,
              "p95" : 0
            },
            "generationMs" : {
              "max" : 429.3910264968872,
              "min" : 215.89207649230957,
              "p50" : 304.53503131866455,
              "p95" : 428.64484786987305
            },
            "pasteMs" : {
              "max" : 0.11205673217773438,
              "min" : 0.0820159912109375,
              "p50" : 0.0909566879272461,
              "p95" : 0.1104593276977539
            },
            "rewriteMs" : {
              "max" : 255.8140754699707,
              "min" : 108.88206958770752,
              "p50" : 150.94494819641113,
              "p95" : 246.44286632537842
            },
            "sttMs" : {
              "max" : 220.43299674987793,
              "min" : 107.01000690460205,
              "p50" : 153.59008312225342,
              "p95" : 210.31560897827148
            },