{
  "audioBytes" : 558044,
  "audioFile" : "2 fixtures",
  "commitSHA" : "9de9c37af461ced13ababed2a6a84f36f3c51030",
  "fixtureResults" : [
    {
      "audioBytes" : 130414,
      "audioFile" : "fixture-short.caf",
      "fixtureID" : "fixture-short",
      "levels" : [
        {
          "distributions" : {
            "encodeMs" : {
              "max" : 0,
              "min" : 0,
              "p50" : 0,
              "p95" : 0
            },
            "generationMs" : {
              "max" : 2313.089966773987,
              "min" : 593.8220024108887,
              "p50" : 623.7969398498535,
              "p95" : 1979.621362686157
            },
            "pasteMs" : {
              "max" : 0.29206275939941406,
              "min" : 0.01800060272216797,
              "p50" : 0.048041343688964844,
              "p95" : 0.2522706985473633
            },
            "rewriteMs" : {
              "max" : 0,
              "min" : 0,
              "p50" : 0,
              "p95" : 0
            },
            "sttMs" : {
              "max" : 2313.089966773987,
              "min" : 593.8220024108887,
              "p50" : 623.7969398498535,
              "p95" : 1979.621362686157
            },
            "totalStageMs" : {
              "max" : 2313.122034072876,
              "min" : 593.8700437545776,
              "p50" : 623.8149404525757,
              "p95" : 1979.6656370162962
            }
          },
          "iterations" : 5,
          "level" : "raw",
          "providers" : {
            "sttMode" : "batch",
            "sttObserved" : [
              {
                "count" : 5,
                "model" : "scribe_v2",
                "provider" : "ElevenLabs"
              }
            ]
          }
        },
        {
          "distributions" : {
            "encodeMs" : {
              "max" : 0,
              "min" : 0,
              "p50" : 0,
              "p95" : 0
            },
            "generationMs" : {
              "max" : 1542.655110359192,
              "min" : 933.9079856872559,
              "p50" : 1143.1200504302979,
              "p95" : 1485.3606939315796
            },
            "pasteMs" : {
              "max" : 0.8519887924194336,
              "min" : 0.06699562072753906,
              "p50" : 0.35202503204345703,
              "p95" : 0.7766008377075195
            },
            "rewriteMs" : {
              "max" : 884.7850561141968,
              "min" : 257.8040361404419,
              "p50" : 290.7569408416748,
              "p95" : 786.1692428588866
            },
            "sttMs" : {
              "max" : 998.3789920806885,
              "min" : 656.0449600219727,
              "p50" : 684.8429441452026,
              "p95" : 948.986005783081
            },
            "totalStageMs" : {
              "max" : 1542.734146118164,
              "min" : 934.3830347061157,
              "p50" : 1143.1870460510254,
              "p95" : 1485.5943202972412
            }
          },
          "iterations" : 5,
          "level" : "clean",
          "providers" : {
            "rewriteObserved" : [
              {
                "count" : 5,
                "model" : "inception/mercury",
                "path" : "openrouter"
              }
            ],
            "sttMode" : "batch",
            "sttObserved" : [
              {
                "count" : 5,
                "model" : "scribe_v2",
                "provider" : "ElevenLabs"
              }
            ]
          }
        },
        {
          "distributions" : {
            "encodeMs" : {
              "max" : 0,
              "min" : 0,
              "p50" : 0,
              "p95" : 0
            },
            "generationMs" : {
              "max" : 1426.9959926605225,
              "min" : 885.6319189071655,
              "p50" : 1091.8350219726562,
              "p95" : 1371.2747812271118
            },
            "pasteMs" : {
              "max" : 0.1239776611328125,
              "min" : 0.049948692321777344,
              "p50" : 0.054001808166503906,
              "p95" : 0.1191854476928711
            },
            "rewriteMs" : {
              "max" : 548.8489866256714,
              "min" : 280.77900409698486,
              "p50" : 470.50297260284424,
              "p95" : 547.9675769805908
            },
            "sttMs" : {
              "max" : 878.1470060348511,
              "min" : 599.2690324783325,
              "p50" : 604.8529148101807,
              "p95" : 826.7840147018433
            },
            "totalStageMs" : {
              "max" : 1427.0459413528442,
              "min" : 885.6838941574097,
              "p50" : 1091.8890237808228,
              "p95" : 1371.3347434997559
            }
          },
          "iterations" : 5,
          "level" : "polish",
          "providers" : {
            "rewriteObserved" : [
              {
                "count" : 5,
                "model" : "inception/mercury",
                "path" : "openrouter"
              }
            ],
            "sttMode" : "batch",
            "sttObserved" : [
              {
                "count" : 5,
                "model" : "scribe_v2",
                "provider" : "ElevenLabs"
              }
            ]
          }
        }
      ]
    },
    {
      "audioBytes" : 427630,
      "audioFile" : "fixture-medium.caf",
      "fixtureID" : "fixture-medium",
      "levels" : [
        {
          "distributions" : {
            "encodeMs" : {
              "max" : 0.010013580322265625,
              "min" : 0.0029802322387695312,
              "p50" : 0.007987022399902344,
              "p95" : 0.009608268737792969
            },
            "generationMs" : {
              "max" : 1525.7059335708618,
              "min" : 1109.7149848937988,
              "p50" : 1285.1189374923706,
              "p95" : 1517.292332649231
            },
            "pasteMs" : {
              "max" : 0.1499652862548828,
              "min" : 0.026106834411621094,
              "p50" : 0.05805492401123047,
              "p95" : 0.1437664031982422
            },
            "rewriteMs" : {
              "max" : 0,
              "min" : 0,
              "p50" : 0,
              "p95" : 0
            },
            "sttMs" : {
              "max" : 1525.702953338623,
              "min" : 1109.7049713134766,
              "p50" : 1285.1109504699707,
              "p95" : 1517.2885656356812
            },
            "totalStageMs" : {
              "max" : 1525.8558988571167,
              "min" : 1109.77303981781,
              "p50" : 1285.1450443267822,
              "p95" : 1517.4360990524292
            }
          },
          "iterations" : 5,
          "level" : "raw",
          "providers" : {
            "sttMode" : "batch",
            "sttObserved" : [
              {
                "count" : 5,
                "model" : "scribe_v2",
                "provider" : "ElevenLabs"
              }
            ]
          }
        },
        {
          "distributions" : {
            "encodeMs" : {
              "max" : 0.009059906005859375,
              "min" : 0.003933906555175781,
              "p50" : 0.0059604644775390625,
              "p95" : 0.008463859558105469
            },
            "generationMs" : {
              "max" : 2196.9209909439087,
              "min" : 1475.3400087356567,
              "p50" : 1577.0889520645142,
              "p95" : 2078.9526224136353
            },
            "pasteMs" : {
              "max" : 0.16295909881591797,
              "min" : 0.054001808166503906,
              "p50" : 0.07390975952148438,
              "p95" : 0.14774799346923828
            },
            "rewriteMs" : {
              "max" : 688.9410018920898,
              "min" : 343.20199489593506,
              "p50" : 529.911994934082,
              "p95" : 666.9550180435181
            },
            "sttMs" : {
              "max" : 1507.9749822616577,
              "min" : 1028.0619859695435,