{
  "audioBytes" : 558044,
  "audioFile" : "2 fixtures",
  "commitSHA" : "7761cd94cdcb7ae02f1e5c8d14e6e4fbbbf2522b",
  "fixtureResults" : [
    {
      "audioBytes" : 130414,
      "audioFile" : "fixture-short.caf",
      "fixtureID" : "fixture-short",
      "levels" : [
        {
          "distributions" : {
            "encodeMs" : {
              "max" : 0,
              "min" : 0,
              "p50" : 0,
              "p95" : 0
            },
            "generationMs" : {
              "max" : 714.8220539093018,
              "min" : 455.9500217437744,
              "p50" : 495.8270788192749,
              "p95" : 672.1146583557129
            },
            "pasteMs" : {
              "max" : 0.10502338409423828,
              "min" : 0.012993812561035156,
              "p50" : 0.07605552673339844,
              "p95" : 0.1026153564453125
            },
            "rewriteMs" : {
              "max" : 0,
              "min" : 0,
              "p50" : 0,
              "p95" : 0
            },
            "sttMs" : {
              "max" : 714.8220539093018,
              "min" : 455.9500217437744,
              "p50" : 495.8270788192749,
              "p95" : 672.1146583557129
            },
            "totalStageMs" : {
              "max" : 714.927077293396,
              "min" : 456.043004989624,
              "p50" : 495.90206146240234,
              "p95" : 672.2012758255005
            }
          },
          "iterations" : 5,
          "level" : "raw",
          "providers" : {
            "sttMode" : "batch",
            "sttObserved" : [
              {
                "count" : 5,
                "model" : "scribe_v2",
                "provider" : "ElevenLabs"
              }
            ]
          }
        },
        {
          "distributions" : {
            "encodeMs" : {
              "max" : 0,
              "min" : 0,
              "p50" : 0,
              "p95" : 0
            },
            "generationMs" : {
              "max" : 506.14094734191895,
              "min" : 473.6490249633789,
              "p50" : 490.7050132751465,
              "p95" : 505.46135902404785
            },
            "pasteMs" : {
              "max" : 0.14603137969970703,
              "min" : 0.02300739288330078,
              "p50" : 0.05602836608886719,
              "p95" : 0.12862682342529297
            },
            "rewriteMs" : {
              "max" : 18.016934394836426,
              "min" : 13.535022735595703,
              "p50" : 16.891956329345703,
              "p95" : 17.826557159423828
            },
            "sttMs" : {
              "max" : 489.0758991241455,
              "min" : 455.6320905685425,
              "p50" : 477.1699905395508,
              "p95" : 489.0205144882202
            },
            "totalStageMs" : {
              "max" : 506.1999559402466,
              "min" : 473.6759662628174,
              "p50" : 490.7280206680298,
              "p95" : 505.5377721786499
            }
          },
          "iterations" : 5,
          "level" : "clean",
          "providers" : {
            "rewriteObserved" : [

            ],
            "sttMode" : "batch",
            "sttObserved" : [
              {
                "count" : 5,
                "model" : "scribe_v2",
                "provider" : "ElevenLabs"
              }
            ]
          }
        },
        {
          "distributions" : {
            "encodeMs" : {
              "max" : 0,
              "min" : 0,
              "p50" : 0,
              "p95" : 0
            },
            "generationMs" : {
              "max" : 539.6069288253784,
              "min" : 468.2950973510742,
              "p50" : 511.00802421569824,
              "p95" : 535.0789308547974
            },
            "pasteMs" : {
              "max" : 0.11396408081054688,
              "min" : 0.054955482482910156,
              "p50" : 0.08690357208251953,
              "p95" : 0.11355876922607422
            },
            "rewriteMs" : {
              "max" : 43.94495487213135,
              "min" : 14.40894603729248,
              "p50" : 17.535090446472168,
              "p95" : 39.68017101287842
            },
            "sttMs" : {
              "max" : 502.55799293518066,
              "min" : 451.3500928878784,
              "p50" : 488.38698863983154,
              "p95" : 501.17878913879395
            },
            "totalStageMs" : {
              "max" : 539.6938323974609,
              "min" : 468.4070348739624,
              "p50" : 511.06297969818115,
              "p95" : 535.1616621017456
            }
          },
          "iterations" : 5,
          "level" : "polish",
          "providers" : {
            "rewriteObserved" : [

            ],
            "sttMode" : "batch",
            "sttObserved" : [
              {
                "count" : 5,
                "model" : "scribe_v2",
                "provider" : "ElevenLabs"
              }
            ]
          }
        }
      ]
    },
    {
      "audioBytes" : 427630,
      "audioFile" : "fixture-medium.caf",
      "fixtureID" : "fixture-medium",
      "levels" : [
        {
          "distributions" : {
            "encodeMs" : {
              "max" : 0.2410411834716797,
              "min" : 0.04100799560546875,
              "p50" : 0.1659393310546875,
              "p95" : 0.22823810577392578
            },
            "generationMs" : {
              "max" : 1002.0080804824829,
              "min" : 960.4510068893433,
              "p50" : 973.099946975708,
              "p95" : 1001.5344619750977
            },
            "pasteMs" : {
              "max" : 0.09906291961669922,
              "min" : 0.015974044799804688,
              "p50" : 0.041961669921875,
              "p95" : 0.09884834289550781
            },
            "rewriteMs" : {
              "max" : 0,
              "min" : 0,
              "p50" : 0,
              "p95" : 0
            },
            "sttMs" : {
              "max" : 1001.8310546875,
              "min" : 960.3840112686157,
              "p50" : 973.0589389801025,
              "p95" : 1001.344633102417
            },
            "totalStageMs" : {
              "max" : 1002.0310878753662,
              "min" : 960.4669809341431,
              "p50" : 973.1419086456299,
              "p95" : 1001.5724658966064
            }
          },
          "iterations" : 5,
          "level" : "raw",
          "providers" : {
            "sttMode" : "batch",
            "sttObserved" : [
              {
                "count" : 5,
                "model" : "scribe_v2",
                "provider" : "ElevenLabs"
              }
            ]
          }
        },
        {
          "distributions" : {
            "encodeMs" : {
              "max" : 0.2650022506713867,
              "min" : 0.1379251480102539,
              "p50" : 0.17702579498291016,
              "p95" : 0.25200843811035156
            },
            "generationMs" : {
              "max" : 1001.5259981155396,
              "min" : 930.9219121932983,
              "p50" : 988.9039993286133,
              "p95" : 999.9589920043945
            },
            "pasteMs" : {
              "max" : 0.4290342330932617,
              "min" : 0.1100301742553711,
              "p50" : 0.12493133544921875,
              "p95" : 0.3690242767333984
            },
            "rewriteMs" : {
              "max" : 26.571989059448242,
              "min" : 17.369985580444336,
              "p50" : 17.778992652893066,
              "p95" : 24.895000457763672
            },
            "sttMs" : {
              "max" : 976.1439561843872,
              "min" : 913.004994392395,
              "p50" : 970.5469608306885,
              "p95" : 975.8659601211548
            },
            "totalStageMs" : {
              "max" : 1001.9550323486328,
              "min" : 931.0319423675537,
              "p50" : 989.0329837799072,
              "p95" : 1000.327205657959
            }
          },