{
  "audioBytes" : 558044,
  "audioFile" : "2 fixtures",
  "commitSHA" : "e1b06c9c401a61fd3b3181454bfb5595488909be",
  "fixtureResults" : [
    {
      "audioBytes" : 130414,
      "audioFile" : "fixture-short.caf",
      "fixtureID" : "fixture-short",
      "levels" : [
        {
          "distributions" : {
            "encodeMs" : {
              "max" : 0,
              "min" : 0,
              "p50" : 0,
              "p95" : 0
            },
            "generationMs" : {
              "max" : 543.2939529418945,
              "min" : 454.9570083618164,
              "p50" : 488.0859851837158,
              "p95" : 539.721155166626
            },
            "pasteMs" : {
              "max" : 0.02396106719970703,
              "min" : 0.009059906005859375,
              "p50" : 0.01895427703857422,
              "p95" : 0.02315044403076172
            },
            "rewriteMs" : {
              "max" : 0,
              "min" : 0,
              "p50" : 0,
              "p95" : 0
            },
            "sttMs" : {
              "max" : 543.2939529418945,
              "min" : 454.9570083618164,
              "p50" : 488.0859851837158,
              "p95" : 539.721155166626
            },
            "totalStageMs" : {
              "max" : 543.3129072189331,
              "min" : 454.9769163131714,
              "p50" : 488.09993267059326,
              "p95" : 539.7411108016968
            }
          },
          "iterations" : 5,
          "level" : "raw",
          "providers" : {
            "sttMode" : "batch",
            "sttObserved" : [
              {
                "count" : 5,
                "model" : "scribe_v2",
                "provider" : "ElevenLabs"
              }
            ]
          }
        },
        {
          "distributions" : {
            "encodeMs" : {
              "max" : 0,
              "min" : 0,
              "p50" : 0,
              "p95" : 0
            },
            "generationMs" : {
              "max" : 691.912055015564,
              "min" : 482.2150468826294,
              "p50" : 504.6950578689575,
              "p95" : 667.1268463134766
            },
            "pasteMs" : {
              "max" : 0.09608268737792969,
              "min" : 0.0209808349609375,
              "p50" : 0.028014183044433594,
              "p95" : 0.08885860443115234
            },
            "rewriteMs" : {
              "max" : 48.23100566864014,
              "min" : 9.338021278381348,
              "p50" : 15.321016311645508,
              "p95" : 43.181610107421875
            },
            "sttMs" : {
              "max" : 676.5910387039185,
              "min" : 459.23101902008057,
              "p50" : 492.7799701690674,
              "p95" : 645.2238321304321
            },
            "totalStageMs" : {
              "max" : 692.0081377029419,
              "min" : 482.27500915527344,
              "p50" : 504.71603870391846,
              "p95" : 667.2093152999878
            }
          },
          "iterations" : 5,
          "level" : "clean",
          "providers" : {
            "rewriteObserved" : [

            ],
            "sttMode" : "batch",
            "sttObserved" : [
              {
                "count" : 5,
                "model" : "scribe_v2",
                "provider" : "ElevenLabs"
              }
            ]
          }
        },
        {
          "distributions" : {
            "encodeMs" : {
              "max" : 0,
              "min" : 0,
              "p50" : 0,
              "p95" : 0
            },
            "generationMs" : {
              "max" : 1858.707070350647,
              "min" : 483.456015586853,
              "p50" : 495.34106254577637,
              "p95" : 1606.4318418502805
            },
            "pasteMs" : {
              "max" : 0.1100301742553711,
              "min" : 0.05507469177246094,
              "p50" : 0.07200241088867188,
              "p95" : 0.1058340072631836
            },
            "rewriteMs" : {
              "max" : 1361.7119789123535,
              "min" : 12.276053428649902,
              "p50" : 15.202999114990234,
              "p95" : 1098.3309745788572
            },
            "sttMs" : {
              "max" : 552.5239706039429,
              "min" : 468.2530164718628,
              "p50" : 482.7359914779663,
              "p95" : 541.418194770813
            },
            "totalStageMs" : {
              "max" : 1858.8171005249023,
              "min" : 483.54506492614746,
              "p50" : 495.3991174697876,
              "p95" : 1606.5342664718626
            }
          },
          "iterations" : 5,
          "level" : "polish",
          "providers" : {
            "rewriteObserved" : [

            ],
            "sttMode" : "batch",
            "sttObserved" : [
              {
                "count" : 5,
                "model" : "scribe_v2",
                "provider" : "ElevenLabs"
              }
            ]
          }
        }
      ]
    },
    {
      "audioBytes" : 427630,
      "audioFile" : "fixture-medium.caf",
      "fixtureID" : "fixture-medium",
      "levels" : [
        {
          "distributions" : {
            "encodeMs" : {
              "max" : 0.1850128173828125,
              "min" : 0.03600120544433594,
              "p50" : 0.05996227264404297,
              "p95" : 0.1617908477783203
            },
            "generationMs" : {
              "max" : 1444.1909790039062,
              "min" : 939.1368627548218,
              "p50" : 994.8850870132446,
              "p95" : 1356.8219900131226
            },
            "pasteMs" : {
              "max" : 0.08606910705566406,
              "min" : 0.016927719116210938,
              "p50" : 0.04398822784423828,
              "p95" : 0.08325576782226562
            },
            "rewriteMs" : {
              "max" : 0,
              "min" : 0,
              "p50" : 0,
              "p95" : 0
            },
            "sttMs" : {
              "max" : 1444.154977798462,
              "min" : 939.0769004821777,
              "p50" : 994.8450326919556,
              "p95" : 1356.7561864852905
            },
            "totalStageMs" : {
              "max" : 1444.277048110962,
              "min" : 939.180850982666,
              "p50" : 994.9110746383667,
              "p95" : 1356.8942308425903
            }
          },
          "iterations" : 5,
          "level" : "raw",
          "providers" : {
            "sttMode" : "batch",
            "sttObserved" : [
              {
                "count" : 5,
                "model" : "scribe_v2",
                "provider" : "ElevenLabs"
              }
            ]
          }
        },
        {
          "distributions" : {
            "encodeMs" : {
              "max" : 0.08690357208251953,
              "min" : 0.029921531677246094,
              "p50" : 0.04398822784423828,
              "p95" : 0.08172988891601562
            },
            "generationMs" : {
              "max" : 995.305061340332,
              "min" : 970.5518484115601,
              "p50" : 979.0688753128052,
              "p95" : 993.8676357269287
            },
            "pasteMs" : {
              "max" : 0.06389617919921875,
              "min" : 0.025033950805664062,
              "p50" : 0.030040740966796875,
              "p95" : 0.05850791931152344
            },
            "rewriteMs" : {
              "max" : 20.528078079223633,
              "min" : 11.239051818847656,
              "p50" : 12.758016586303711,
              "p95" : 19.012451171875
            },
            "sttMs" : {
              "max" : 975.3299951553345,
              "min" : 957.5639963150024,
              "p50" : 966.3660526275635,
              "p95" : 975.2105951309204
            },
            "totalStageMs" : {
              "max" : 995.3420162200928,
              "min" : 970.6157445907593,
              "p50" : 979.098916053772,
              "p95" : 993.9023971557617
            }
          },