{
  "audioBytes" : 558044,
  "audioFile" : "2 fixtures",
  "commitSHA" : "e1b06c9c401a61fd3b3181454bfb5595488909be",
  "fixtureResults" : [
    {
      "audioBytes" : 130414,
      "audioFile" : "fixture-short.caf",
      "fixtureID" : "fixture-short",
      "levels" : [
        {
          "distributions" : {
            "encodeMs" : {
              "max" : 0,
              "min" : 0,
              "p50" : 0,
              "p95" : 0
            },
            "generationMs" : {
              "max" : 128.80301475524902,
              "min" : 83.4120512008667,
              "p50" : 121.77097797393799,
              "p95" : 128.03022861480713
            },
            "pasteMs" : {
              "max" : 0.1590251922607422,
              "min" : 0.015020370483398438,
              "p50" : 0.07700920104980469,
              "p95" : 0.14560222625732422
            },
            "rewriteMs" : {
              "max" : 0,
              "min" : 0,
              "p50" : 0,
              "p95" : 0
            },
            "sttMs" : {
              "max" : 128.80301475524902,
              "min" : 83.4120512008667,
              "p50" : 121.77097797393799,
              "p95" : 128.03022861480713
            },
            "totalStageMs" : {
              "max" : 128.88002395629883,
              "min" : 83.50396156311035,
              "p50" : 121.93000316619873,
              "p95" : 128.10323238372803
            }
          },
          "iterations" : 5,
          "level" : "raw",
          "providers" : {
            "sttMode" : "mock",
            "sttObserved" : [
              {
                "count" : 5,
                "model" : "fixed-delay-v1",
                "provider" : "DeterministicSTT"
              }
            ]
          }
        },
        {
          "distributions" : {
            "encodeMs" : {
              "max" : 0,
              "min" : 0,
              "p50" : 0,
              "p95" : 0
            },
            "generationMs" : {
              "max" : 285.3931188583374,
              "min" : 231.77790641784668,
              "p50" : 279.12700176239014,
              "p95" : 285.3792905807495
            },
            "pasteMs" : {
              "max" : 0.1499652862548828,
              "min" : 0.04303455352783203,
              "p50" : 0.0820159912109375,
              "p95" : 0.14777183532714844
            },
            "rewriteMs" : {
              "max" : 173.60305786132812,
              "min" : 100.45492649078369,
              "p50" : 160.4330539703369,
              "p95" : 173.30265045166016
            },
            "sttMs" : {
              "max" : 131.322979927063,
              "min" : 105.52394390106201,
              "p50" : 113.22295665740967,
              "p95" : 130.21259307861328
            },
            "totalStageMs" : {
              "max" : 285.46297550201416,
              "min" : 231.85992240905762,
              "p50" : 279.276967048645,
              "p95" : 285.4576110839844
            }
          },
          "iterations" : 5,
          "level" : "clean",
          "providers" : {
            "rewriteObserved" : [
              {
                "count" : 5,
                "model" : "mercury-2",
                "path" : "deterministic"
              }
            ],
            "sttMode" : "mock",
            "sttObserved" : [
              {
                "count" : 5,
                "model" : "fixed-delay-v1",
                "provider" : "DeterministicSTT"
              }
            ]
          }
        },
        {
          "distributions" : {
            "encodeMs" : {
              "max" : 0,
              "min" : 0,
              "p50" : 0,
              "p95" : 0
            },
            "generationMs" : {
              "max" : 359.1349124908447,
              "min" : 299.3929386138916,
              "p50" : 335.33310890197754,
              "p95" : 358.8043212890625
            },
            "pasteMs" : {
              "max" : 0.1590251922607422,
              "min" : 0.033974647521972656,
              "p50" : 0.05793571472167969,
              "p95" : 0.14421939849853516
            },
            "rewriteMs" : {
              "max" : 235.57209968566895,
              "min" : 200.11699199676514,
              "p50" : 231.60195350646973,
              "p95" : 234.88967418670654
            },
            "sttMs" : {
              "max" : 130.28299808502197,
              "min" : 67.79098510742188,
              "p50" : 125.32198429107666,
              "p95" : 129.705810546875
            },
            "totalStageMs" : {
              "max" : 359.1928482055664,
              "min" : 299.4349002838135,
              "p50" : 335.41810512542725,
              "p95" : 358.85746479034424
            }
          },
          "iterations" : 5,
          "level" : "polish",
          "providers" : {
            "rewriteObserved" : [
              {
                "count" : 5,
                "model" : "mercury-2",
                "path" : "deterministic"
              }
            ],
            "sttMode" : "mock",
            "sttObserved" : [
              {
                "count" : 5,
                "model" : "fixed-delay-v1",
                "provider" : "DeterministicSTT"
              }
            ]
          }
        }
      ]
    },
    {
      "audioBytes" : 427630,
      "audioFile" : "fixture-medium.caf",
      "fixtureID" : "fixture-medium",
      "levels" : [
        {
          "distributions" : {
            "encodeMs" : {
              "max" : 0,
              "min" : 0,
              "p50" : 0,
              "p95" : 0
            },
            "generationMs" : {
              "max" : 129.41598892211914,
              "min" : 66.55895709991455,
              "p50" : 92.64898300170898,
              "p95" : 127.62980461120605
            },
            "pasteMs" : {
              "max" : 0.03802776336669922,
              "min" : 0.01704692840576172,
              "p50" : 0.028014183044433594,
              "p95" : 0.03681182861328125
            },
            "rewriteMs" : {
              "max" : 0,
              "min" : 0,
              "p50" : 0,
              "p95" : 0
            },
            "sttMs" : {
              "max" : 129.41598892211914,
              "min" : 66.55895709991455,
              "p50" : 92.64898300170898,
              "p95" : 127.62980461120605
            },
            "totalStageMs" : {
              "max" : 129.4330358505249,
              "min" : 66.59090518951416,
              "p50" : 92.67699718475342,
              "p95" : 127.64763832092285
            }
          },
          "iterations" : 5,
          "level" : "raw",
          "providers" : {
            "sttMode" : "mock",
            "sttObserved" : [
              {
                "count" : 5,
                "model" : "fixed-delay-v1",
                "provider" : "DeterministicSTT"
              }
            ]
          }
        },
        {
          "distributions" : {
            "encodeMs" : {
              "max" : 0,
              "min" : 0,
              "p50" : 0,
              "p95" : 0
            },
            "generationMs" : {
              "max" : 287.9539728164673,
              "min" : 177.91497707366943,
              "p50" : 194.5669651031494,
              "p95" : 276.37977600097656
            },
            "pasteMs" : {
              "max" : 0.4960298538208008,
              "min" : 0.03409385681152344,
              "p50" : 0.06699562072753906,
              "p95" : 0.4238367080688476
            },
            "rewriteMs" : {
              "max" : 155.3330421447754,
              "min" : 102.85794734954834,
              "p50" : 107.17499256134033,
              "p95" : 149.066424369812
            },
            "sttMs" : {
              "max" : 132.6209306716919,
              "min" : 70.56701183319092,
              "p50" : 72.01707363128662,
              "p95" : 131.54175281524658
            },