{
  "audioBytes" : 558044,
  "audioFile" : "2 fixtures",
  "commitSHA" : "4543fa4075d29a1f0b17ffb780671432f1025bb1",
  "fixtureResults" : [
    {
      "audioBytes" : 130414,
      "audioFile" : "fixture-short.caf",
      "fixtureID" : "fixture-short",
      "levels" : [
        {
          "distributions" : {
            "encodeMs" : {
              "max" : 0,
              "min" : 0,
              "p50" : 0,
              "p95" : 0
            },
            "generationMs" : {
              "max" : 554.9459457397461,
              "min" : 464.27905559539795,
              "p50" : 520.4869508743286,
              "p95" : 549.1841554641724
            },
            "pasteMs" : {
              "max" : 0.08296966552734375,
              "min" : 0.010967254638671875,
              "p50" : 0.027894973754882812,
              "p95" : 0.07538795471191406
            },
            "rewriteMs" : {
              "max" : 0,
              "min" : 0,
              "p50" : 0,
              "p95" : 0
            },
            "sttMs" : {
              "max" : 554.9459457397461,
              "min" : 464.27905559539795,
              "p50" : 520.4869508743286,
              "p95" : 549.1841554641724
            },
            "totalStageMs" : {
              "max" : 554.973840713501,
              "min" : 464.3620252609253,
              "p50" : 520.4979181289673,
              "p95" : 549.2154836654663
            }
          },
          "iterations" : 5,
          "level" : "raw",
          "providers" : {
            "sttMode" : "batch",
            "sttObserved" : [
              {
                "count" : 5,
                "model" : "scribe_v2",
                "provider" : "ElevenLabs"
              }
            ]
          }
        },
        {
          "distributions" : {
            "encodeMs" : {
              "max" : 0,
              "min" : 0,
              "p50" : 0,
              "p95" : 0
            },
            "generationMs" : {
              "max" : 715.4121398925781,
              "min" : 498.83389472961426,
              "p50" : 528.4991264343262,
              "p95" : 678.3743143081665
            },
            "pasteMs" : {
              "max" : 0.05900859832763672,
              "min" : 0.02396106719970703,
              "p50" : 0.031948089599609375,
              "p95" : 0.057005882263183594
            },
            "rewriteMs" : {
              "max" : 12.95006275177002,
              "min" : 8.944988250732422,
              "p50" : 11.00003719329834,
              "p95" : 12.726664543151855
            },
            "sttMs" : {
              "max" : 702.4620771408081,
              "min" : 489.88890647888184,
              "p50" : 517.4990892410278,
              "p95" : 666.0340547561646
            },
            "totalStageMs" : {
              "max" : 715.4440879821777,
              "min" : 498.88288974761963,
              "p50" : 528.5581350326538,
              "p95" : 678.4046649932861
            }
          },
          "iterations" : 5,
          "level" : "clean",
          "providers" : {
            "rewriteObserved" : [

            ],
            "sttMode" : "batch",
            "sttObserved" : [
              {
                "count" : 5,
                "model" : "scribe_v2",
                "provider" : "ElevenLabs"
              }
            ]
          }
        },
        {
          "distributions" : {
            "encodeMs" : {
              "max" : 0,
              "min" : 0,
              "p50" : 0,
              "p95" : 0
            },
            "generationMs" : {
              "max" : 530.7939052581787,
              "min" : 475.7930040359497,
              "p50" : 513.590931892395,
              "p95" : 529.5847415924072
            },
            "pasteMs" : {
              "max" : 0.03600120544433594,
              "min" : 0.01895427703857422,
              "p50" : 0.02396106719970703,
              "p95" : 0.03421306610107422
            },
            "rewriteMs" : {
              "max" : 11.446952819824219,
              "min" : 8.545994758605957,
              "p50" : 9.916901588439941,
              "p95" : 11.209964752197266
            },
            "sttMs" : {
              "max" : 522.2479104995728,
              "min" : 464.3460512161255,
              "p50" : 503.6740303039551,
              "p95" : 520.6955432891846
            },
            "totalStageMs" : {
              "max" : 530.816912651062,
              "min" : 475.8119583129883,
              "p50" : 513.6269330978394,
              "p95" : 529.6079397201538
            }
          },
          "iterations" : 5,
          "level" : "polish",
          "providers" : {
            "rewriteObserved" : [

            ],
            "sttMode" : "batch",
            "sttObserved" : [
              {
                "count" : 5,
                "model" : "scribe_v2",
                "provider" : "ElevenLabs"
              }
            ]
          }
        }
      ]
    },
    {
      "audioBytes" : 427630,
      "audioFile" : "fixture-medium.caf",
      "fixtureID" : "fixture-medium",
      "levels" : [
        {
          "distributions" : {
            "encodeMs" : {
              "max" : 0.10204315185546875,
              "min" : 0.032067298889160156,
              "p50" : 0.033020973205566406,
              "p95" : 0.09002685546874999
            },
            "generationMs" : {
              "max" : 1272.136926651001,
              "min" : 976.531982421875,
              "p50" : 1013.7060880661011,
              "p95" : 1230.7085275650024
            },
            "pasteMs" : {
              "max" : 0.04601478576660156,
              "min" : 0.013947486877441406,
              "p50" : 0.01704692840576172,
              "p95" : 0.04601478576660156
            },
            "rewriteMs" : {
              "max" : 0,
              "min" : 0,
              "p50" : 0,
              "p95" : 0
            },
            "sttMs" : {
              "max" : 1272.1039056777954,
              "min" : 976.4299392700195,
              "p50" : 1013.6740207672119,
              "p95" : 1230.6755065917969
            },
            "totalStageMs" : {
              "max" : 1272.1829414367676,
              "min" : 976.5490293502808,
              "p50" : 1013.7200355529785,
              "p95" : 1230.754542350769
            }
          },
          "iterations" : 5,
          "level" : "raw",
          "providers" : {
            "sttMode" : "batch",
            "sttObserved" : [
              {
                "count" : 5,
                "model" : "scribe_v2",
                "provider" : "ElevenLabs"
              }
            ]
          }
        },
        {
          "distributions" : {
            "encodeMs" : {
              "max" : 0.06401538848876953,
              "min" : 0.029921531677246094,
              "p50" : 0.033020973205566406,
              "p95" : 0.0578165054321289
            },
            "generationMs" : {
              "max" : 1185.9900951385498,
              "min" : 997.3058700561523,
              "p50" : 1066.087007522583,
              "p95" : 1171.30868434906
            },
            "pasteMs" : {
              "max" : 0.06401538848876953,
              "min" : 0.02205371856689453,
              "p50" : 0.05888938903808594,
              "p95" : 0.06341934204101562
            },
            "rewriteMs" : {
              "max" : 19.132018089294434,
              "min" : 9.87708568572998,
              "p50" : 12.256026268005371,
              "p95" : 17.794013023376465
            },
            "sttMs" : {
              "max" : 1173.6700534820557,
              "min" : 986.1940145492554,
              "p50" : 1046.9239950180054,
              "p95" : 1158.9576482772827
            },
            "totalStageMs" : {
              "max" : 1186.048984527588,
              "min" : 997.3698854446411,
              "p50" : 1066.148042678833,