{
  "audioBytes" : 558044,
  "audioFile" : "2 fixtures",
  "commitSHA" : "71612588990d5efce1d25f5633fdde5af040582c",
  "fixtureResults" : [
    {
      "audioBytes" : 130414,
      "audioFile" : "fixture-short.caf",
      "fixtureID" : "fixture-short",
      "levels" : [
        {
          "distributions" : {
            "encodeMs" : {
              "max" : 0,
              "min" : 0,
              "p50" : 0,
              "p95" : 0
            },
            "generationMs" : {
              "max" : 210.12401580810547,
              "min" : 81.85100555419922,
              "p50" : 102.65600681304932,
              "p95" : 207.598614692688
            },
            "pasteMs" : {
              "max" : 0.07402896881103516,
              "min" : 0.02110004425048828,
              "p50" : 0.048041343688964844,
              "p95" : 0.07123947143554688
            },
            "rewriteMs" : {
              "max" : 0,
              "min" : 0,
              "p50" : 0,
              "p95" : 0
            },
            "sttMs" : {
              "max" : 210.12401580810547,
              "min" : 81.85100555419922,
              "p50" : 102.65600681304932,
              "p95" : 207.598614692688
            },
            "totalStageMs" : {
              "max" : 210.17205715179443,
              "min" : 81.91108703613281,
              "p50" : 102.68199443817139,
              "p95" : 207.64126777648926
            }
          },
          "iterations" : 5,
          "level" : "raw",
          "providers" : {
            "sttMode" : "mock",
            "sttObserved" : [
              {
                "count" : 5,
                "model" : "fixed-delay-v1",
                "provider" : "DeterministicSTT"
              }
            ]
          }
        },
        {
          "distributions" : {
            "encodeMs" : {
              "max" : 0,
              "min" : 0,
              "p50" : 0,
              "p95" : 0
            },
            "generationMs" : {
              "max" : 383.89313220977783,
              "min" : 195.05691528320312,
              "p50" : 215.34597873687744,
              "p95" : 356.55410289764404
            },
            "pasteMs" : {
              "max" : 0.7790327072143555,
              "min" : 0.03504753112792969,
              "p50" : 0.09894371032714844,
              "p95" : 0.6526231765747069
            },
            "rewriteMs" : {
              "max" : 250.2450942993164,
              "min" : 102.04696655273438,
              "p50" : 126.84500217437744,
              "p95" : 225.73306560516355
            },
            "sttMs" : {
              "max" : 133.64803791046143,
              "min" : 67.37196445465088,
              "p50" : 113.29901218414307,
              "p95" : 130.98902702331543
            },
            "totalStageMs" : {
              "max" : 384.04011726379395,
              "min" : 195.15585899353027,
              "p50" : 215.42906761169434,
              "p95" : 356.8274974822998
            }
          },
          "iterations" : 5,
          "level" : "clean",
          "providers" : {
            "rewriteObserved" : [
              {
                "count" : 5,
                "model" : "gemini-2.5-flash-lite",
                "path" : "deterministic"
              }
            ],
            "sttMode" : "mock",
            "sttObserved" : [
              {
                "count" : 5,
                "model" : "fixed-delay-v1",
                "provider" : "DeterministicSTT"
              }
            ]
          }
        },
        {
          "distributions" : {
            "encodeMs" : {
              "max" : 0,
              "min" : 0,
              "p50" : 0,
              "p95" : 0
            },
            "generationMs" : {
              "max" : 379.5219659805298,
              "min" : 250.3988742828369,
              "p50" : 359.3069314956665,
              "p95" : 377.2871971130371
            },
            "pasteMs" : {
              "max" : 0.3000497817993164,
              "min" : 0.09906291961669922,
              "p50" : 0.14698505401611328,
              "p95" : 0.2896547317504883
            },
            "rewriteMs" : {
              "max" : 287.90509700775146,
              "min" : 177.93691158294678,
              "p50" : 214.13898468017578,
              "p95" : 287.07706928253174
            },
            "sttMs" : {
              "max" : 165.382981300354,
              "min" : 72.46196269989014,
              "p50" : 80.44302463531494,
              "p95" : 163.29658031463623
            },
            "totalStageMs" : {
              "max" : 379.6210289001465,
              "min" : 250.54585933685303,
              "p50" : 359.5550060272217,
              "p95" : 377.388858795166
            }
          },
          "iterations" : 5,
          "level" : "polish",
          "providers" : {
            "rewriteObserved" : [
              {
                "count" : 5,
                "model" : "gemini-2.5-flash-lite",
                "path" : "deterministic"
              }
            ],
            "sttMode" : "mock",
            "sttObserved" : [
              {
                "count" : 5,
                "model" : "fixed-delay-v1",
                "provider" : "DeterministicSTT"
              }
            ]
          }
        }
      ]
    },
    {
      "audioBytes" : 427630,
      "audioFile" : "fixture-medium.caf",
      "fixtureID" : "fixture-medium",
      "levels" : [
        {
          "distributions" : {
            "encodeMs" : {
              "max" : 0,
              "min" : 0,
              "p50" : 0,
              "p95" : 0
            },
            "generationMs" : {
              "max" : 147.9799747467041,
              "min" : 81.27498626708984,
              "p50" : 122.8179931640625,
              "p95" : 144.53699588775635
            },
            "pasteMs" : {
              "max" : 0.14901161193847656,
              "min" : 0.008940696716308594,
              "p50" : 0.012993812561035156,
              "p95" : 0.12421607971191403
            },
            "rewriteMs" : {
              "max" : 0,
              "min" : 0,
              "p50" : 0,
              "p95" : 0
            },
            "sttMs" : {
              "max" : 147.9799747467041,
              "min" : 81.27498626708984,
              "p50" : 122.8179931640625,
              "p95" : 144.53699588775635
            },
            "totalStageMs" : {
              "max" : 148.00500869750977,
              "min" : 81.28798007965088,
              "p50" : 122.82693386077881,
              "p95" : 144.58682537078857
            }
          },
          "iterations" : 5,
          "level" : "raw",
          "providers" : {
            "sttMode" : "mock",
            "sttObserved" : [
              {
                "count" : 5,
                "model" : "fixed-delay-v1",
                "provider" : "DeterministicSTT"
              }
            ]
          }
        },
        {
          "distributions" : {
            "encodeMs" : {
              "max" : 0,
              "min" : 0,
              "p50" : 0,
              "p95" : 0
            },
            "generationMs" : {
              "max" : 316.2040710449219,
              "min" : 194.53299045562744,
              "p50" : 292.31107234954834,
              "p95" : 313.75207901000977
            },
            "pasteMs" : {
              "max" : 0.15795230865478516,
              "min" : 0.048995018005371094,
              "p50" : 0.09500980377197266,
              "p95" : 0.1499652862548828
            },
            "rewriteMs" : {
              "max" : 241.921067237854,
              "min" : 111.25099658966064,
              "p50" : 184.4630241394043,
              "p95" : 238.7932538986206
            },
            "sttMs" : {
              "max" : 164.02602195739746,
              "min" : 62.023043632507324,
              "p50" : 82.832932472229,
              "p95" : 157.56902694702148
            },