{
  "audioBytes" : 558044,
  "audioFile" : "2 fixtures",
  "commitSHA" : "0164419a64888933f0272ef8356eba25b2de8124",
  "fixtureResults" : [
    {
      "audioBytes" : 130414,
      "audioFile" : "fixture-short.caf",
      "fixtureID" : "fixture-short",
      "levels" : [
        {
          "distributions" : {
            "encodeMs" : {
              "max" : 0,
              "min" : 0,
              "p50" : 0,
              "p95" : 0
            },
            "generationMs" : {
              "max" : 203.5379409790039,
              "min" : 166.47398471832275,
              "p50" : 193.68600845336914,
              "p95" : 202.4935483932495
            },
            "pasteMs" : {
              "max" : 0.05900859832763672,
              "min" : 0.009059906005859375,
              "p50" : 0.013947486877441406,
              "p95" : 0.051808357238769524
            },
            "rewriteMs" : {
              "max" : 0,
              "min" : 0,
              "p50" : 0,
              "p95" : 0
            },
            "sttMs" : {
              "max" : 203.5379409790039,
              "min" : 166.47398471832275,
              "p50" : 193.68600845336914,
              "p95" : 202.4935483932495
            },
            "totalStageMs" : {
              "max" : 203.55188846588135,
              "min" : 166.49699211120605,
              "p50" : 193.74501705169678,
              "p95" : 202.50651836395264
            }
          },
          "iterations" : 5,
          "level" : "raw",
          "providers" : {
            "sttMode" : "mock",
            "sttObserved" : [
              {
                "count" : 5,
                "model" : "fixed-delay-v1",
                "provider" : "DeterministicSTT"
              }
            ]
          }
        },
        {
          "distributions" : {
            "encodeMs" : {
              "max" : 0,
              "min" : 0,
              "p50" : 0,
              "p95" : 0
            },
            "generationMs" : {
              "max" : 353.5689115524292,
              "min" : 171.6710329055786,
              "p50" : 180.7870864868164,
              "p95" : 340.6907081604004
            },
            "pasteMs" : {
              "max" : 0.06496906280517578,
              "min" : 0.041961669921875,
              "p50" : 0.04696846008300781,
              "p95" : 0.06337165832519531
            },
            "rewriteMs" : {
              "max" : 174.27098751068115,
              "min" : 101.07100009918213,
              "p50" : 108.73401165008545,
              "p95" : 174.0717887878418
            },
            "sttMs" : {
              "max" : 179.29792404174805,
              "min" : 70.60003280639648,
              "p50" : 72.05307483673096,
              "p95" : 166.6189193725586
            },
            "totalStageMs" : {
              "max" : 353.6109924316406,
              "min" : 171.7280149459839,
              "p50" : 180.82904815673828,
              "p95" : 340.73736667633057
            }
          },
          "iterations" : 5,
          "level" : "clean",
          "providers" : {
            "rewriteObserved" : [
              {
                "count" : 5,
                "model" : "gemini-2.5-flash-lite",
                "path" : "deterministic"
              }
            ],
            "sttMode" : "mock",
            "sttObserved" : [
              {
                "count" : 5,
                "model" : "fixed-delay-v1",
                "provider" : "DeterministicSTT"
              }
            ]
          }
        },
        {
          "distributions" : {
            "encodeMs" : {
              "max" : 0,
              "min" : 0,
              "p50" : 0,
              "p95" : 0
            },
            "generationMs" : {
              "max" : 310.791015625,
              "min" : 224.52807426452637,
              "p50" : 301.59008502960205,
              "p95" : 310.7384204864502
            },
            "pasteMs" : {
              "max" : 0.06008148193359375,
              "min" : 0.03695487976074219,
              "p50" : 0.04398822784423828,
              "p95" : 0.05867481231689453
            },
            "rewriteMs" : {
              "max" : 246.63794040679932,
              "min" : 160.49599647521973,
              "p50" : 163.08200359344482,
              "p95" : 245.82314491271973
            },
            "sttMs" : {
              "max" : 138.50808143615723,
              "min" : 63.89009952545166,
              "p50" : 68.22705268859863,
              "p95" : 135.60926914215088
            },
            "totalStageMs" : {
              "max" : 310.8510971069336,
              "min" : 224.57003593444824,
              "p50" : 301.6340732574463,
              "p95" : 310.7970952987671
            }
          },
          "iterations" : 5,
          "level" : "polish",
          "providers" : {
            "rewriteObserved" : [
              {
                "count" : 5,
                "model" : "gemini-2.5-flash-lite",
                "path" : "deterministic"
              }
            ],
            "sttMode" : "mock",
            "sttObserved" : [
              {
                "count" : 5,
                "model" : "fixed-delay-v1",
                "provider" : "DeterministicSTT"
              }
            ]
          }
        }
      ]
    },
    {
      "audioBytes" : 427630,
      "audioFile" : "fixture-medium.caf",
      "fixtureID" : "fixture-medium",
      "levels" : [
        {
          "distributions" : {
            "encodeMs" : {
              "max" : 0,
              "min" : 0,
              "p50" : 0,
              "p95" : 0
            },
            "generationMs" : {
              "max" : 101.81701183319092,
              "min" : 67.91806221008301,
              "p50" : 71.83694839477539,
              "p95" : 101.77021026611328
            },
            "pasteMs" : {
              "max" : 0.04398822784423828,
              "min" : 0.015020370483398438,
              "p50" : 0.02110004425048828,
              "p95" : 0.03960132598876953
            },
            "rewriteMs" : {
              "max" : 0,
              "min" : 0,
              "p50" : 0,
              "p95" : 0
            },
            "sttMs" : {
              "max" : 101.81701183319092,
              "min" : 67.91806221008301,
              "p50" : 71.83694839477539,
              "p95" : 101.77021026611328
            },
            "totalStageMs" : {
              "max" : 101.86100006103516,
              "min" : 67.9391622543335,
              "p50" : 71.85900211334229,
              "p95" : 101.80940628051758
            }
          },
          "iterations" : 5,
          "level" : "raw",
          "providers" : {
            "sttMode" : "mock",
            "sttObserved" : [
              {
                "count" : 5,
                "model" : "fixed-delay-v1",
                "provider" : "DeterministicSTT"
              }
            ]
          }
        },
        {
          "distributions" : {
            "encodeMs" : {
              "max" : 0,
              "min" : 0,
              "p50" : 0,
              "p95" : 0
            },
            "generationMs" : {
              "max" : 312.749981880188,
              "min" : 174.80194568634033,
              "p50" : 236.3290786743164,
              "p95" : 308.245587348938
            },
            "pasteMs" : {
              "max" : 0.07891654968261719,
              "min" : 0.03504753112792969,
              "p50" : 0.04696846008300781,
              "p95" : 0.07374286651611328
            },
            "rewriteMs" : {
              "max" : 234.63702201843262,
              "min" : 103.11198234558105,
              "p50" : 151.015043258667,
              "p95" : 231.0028314590454
            },
            "sttMs" : {
              "max" : 85.31403541564941,
              "min" : 66.83897972106934,
              "p50" : 78.11295986175537,
              "p95" : 83.87444019317627
            },