{
  "audioBytes" : 558044,
  "audioFile" : "2 fixtures",
  "commitSHA" : "0164419a64888933f0272ef8356eba25b2de8124",
  "fixtureResults" : [
    {
      "audioBytes" : 130414,
      "audioFile" : "fixture-short.caf",
      "fixtureID" : "fixture-short",
      "levels" : [
        {
          "distributions" : {
            "encodeMs" : {
              "max" : 0,
              "min" : 0,
              "p50" : 0,
              "p95" : 0
            },
            "generationMs" : {
              "max" : 601.0950803756714,
              "min" : 583.2840204238892,
              "p50" : 595.0579643249512,
              "p95" : 600.9700775146484
            },
            "pasteMs" : {
              "max" : 0.16796588897705078,
              "min" : 0.007987022399902344,
              "p50" : 0.02300739288330078,
              "p95" : 0.15716552734375
            },
            "rewriteMs" : {
              "max" : 0,
              "min" : 0,
              "p50" : 0,
              "p95" : 0
            },
            "sttMs" : {
              "max" : 601.0950803756714,
              "min" : 583.2840204238892,
              "p50" : 595.0579643249512,
              "p95" : 600.9700775146484
            },
            "totalStageMs" : {
              "max" : 601.1030673980713,
              "min" : 583.4519863128662,
              "p50" : 595.0809717178345,
              "p95" : 600.9788751602173
            }
          },
          "iterations" : 5,
          "level" : "raw",
          "providers" : {
            "sttMode" : "batch",
            "sttObserved" : [
              {
                "count" : 5,
                "model" : "scribe_v2",
                "provider" : "ElevenLabs"
              }
            ]
          }
        },
        {
          "distributions" : {
            "encodeMs" : {
              "max" : 0,
              "min" : 0,
              "p50" : 0,
              "p95" : 0
            },
            "generationMs" : {
              "max" : 1138.5148763656616,
              "min" : 995.5089092254639,
              "p50" : 1108.8318824768066,
              "p95" : 1135.3267192840576
            },
            "pasteMs" : {
              "max" : 0.25904178619384766,
              "min" : 0.054001808166503906,
              "p50" : 0.06699562072753906,
              "p95" : 0.22542476654052732
            },
            "rewriteMs" : {
              "max" : 520.3460454940796,
              "min" : 375.87499618530273,
              "p50" : 496.6470003128052,
              "p95" : 517.041826248169
            },
            "sttMs" : {
              "max" : 728.3469438552856,
              "min" : 598.3779430389404,
              "p50" : 605.0069332122803,
              "p95" : 706.6043376922607
            },
            "totalStageMs" : {
              "max" : 1138.7739181518555,
              "min" : 995.5629110336304,
              "p50" : 1108.922839164734,
              "p95" : 1135.5451583862305
            }
          },
          "iterations" : 5,
          "level" : "clean",
          "providers" : {
            "rewriteObserved" : [
              {
                "count" : 5,
                "model" : "google/gemini-2.5-flash-lite",
                "path" : "openrouter"
              }
            ],
            "sttMode" : "batch",
            "sttObserved" : [
              {
                "count" : 5,
                "model" : "scribe_v2",
                "provider" : "ElevenLabs"
              }
            ]
          }
        },
        {
          "distributions" : {
            "encodeMs" : {
              "max" : 0,
              "min" : 0,
              "p50" : 0,
              "p95" : 0
            },
            "generationMs" : {
              "max" : 1755.9449672698975,
              "min" : 981.2549352645874,
              "p50" : 1104.8130989074707,
              "p95" : 1670.9019660949707
            },
            "pasteMs" : {
              "max" : 0.07903575897216797,
              "min" : 0.030994415283203125,
              "p50" : 0.03600120544433594,
              "p95" : 0.07083415985107422
            },
            "rewriteMs" : {
              "max" : 1136.3710165023804,
              "min" : 390.828013420105,
              "p50" : 442.5079822540283,
              "p95" : 1007.0188283920287
            },
            "sttMs" : {
              "max" : 888.2219791412354,
              "min" : 590.4269218444824,
              "p50" : 615.2030229568481,
              "p95" : 834.4923734664917
            },
            "totalStageMs" : {
              "max" : 1755.9829950332642,
              "min" : 981.3339710235596,
              "p50" : 1104.844093322754,
              "p95" : 1670.938801765442
            }
          },
          "iterations" : 5,
          "level" : "polish",
          "providers" : {
            "rewriteObserved" : [
              {
                "count" : 5,
                "model" : "google/gemini-2.5-flash-lite",
                "path" : "openrouter"
              }
            ],
            "sttMode" : "batch",
            "sttObserved" : [
              {
                "count" : 5,
                "model" : "scribe_v2",
                "provider" : "ElevenLabs"
              }
            ]
          }
        }
      ]
    },
    {
      "audioBytes" : 427630,
      "audioFile" : "fixture-medium.caf",
      "fixtureID" : "fixture-medium",
      "levels" : [
        {
          "distributions" : {
            "encodeMs" : {
              "max" : 29.86907958984375,
              "min" : 21.551012992858887,
              "p50" : 23.800015449523926,
              "p95" : 29.28626537322998
            },
            "generationMs" : {
              "max" : 1098.1980562210083,
              "min" : 950.2360820770264,
              "p50" : 1078.3740282058716,
              "p95" : 1096.0014581680298
            },
            "pasteMs" : {
              "max" : 0.08094310760498047,
              "min" : 0.014066696166992188,
              "p50" : 0.01609325408935547,
              "p95" : 0.06916522979736327
            },
            "rewriteMs" : {
              "max" : 0,
              "min" : 0,
              "p50" : 0,
              "p95" : 0
            },
            "sttMs" : {
              "max" : 1068.3289766311646,
              "min" : 926.9130229949951,
              "p50" : 1054.5740127563477,
              "p95" : 1067.795991897583
            },
            "totalStageMs" : {
              "max" : 1098.2121229171753,
              "min" : 950.3170251846313,
              "p50" : 1078.3900022506714,
              "p95" : 1096.0171222686768
            }
          },
          "iterations" : 5,
          "level" : "raw",
          "providers" : {
            "sttMode" : "batch",
            "sttObserved" : [
              {
                "count" : 5,
                "model" : "scribe_v2",
                "provider" : "ElevenLabs"
              }
            ]
          }
        },
        {
          "distributions" : {
            "encodeMs" : {
              "max" : 30.59697151184082,
              "min" : 17.54295825958252,
              "p50" : 20.510077476501465,
              "p95" : 29.82637882232666
            },
            "generationMs" : {
              "max" : 1612.4379634857178,
              "min" : 1389.8078203201294,
              "p50" : 1510.5059146881104,
              "p95" : 1608.6681604385376
            },
            "pasteMs" : {
              "max" : 0.031948089599609375,
              "min" : 0.028967857360839844,
              "p50" : 0.030040740966796875,
              "p95" : 0.031948089599609375
            },
            "rewriteMs" : {
              "max" : 545.665979385376,
              "min" : 360.3008985519409,
              "p50" : 475.86894035339355,
              "p95" : 539.1185760498047
            },
            "sttMs" : {
              "max" : 1053.9159774780273,
              "min" : 1011.963963508606,