{
  "audioBytes" : 558044,
  "audioFile" : "2 fixtures",
  "commitSHA" : "970f65e87016ff3d16e3c4e7081cc743b6413c43",
  "fixtureResults" : [
    {
      "audioBytes" : 130414,
      "audioFile" : "fixture-short.caf",
      "fixtureID" : "fixture-short",
      "levels" : [
        {
          "distributions" : {
            "encodeMs" : {
              "max" : 0,
              "min" : 0,
              "p50" : 0,
              "p95" : 0
            },
            "generationMs" : {
              "max" : 178.21204662322998,
              "min" : 67.50500202178955,
              "p50" : 85.0830078125,
              "p95" : 177.78663635253906
            },
            "pasteMs" : {
              "max" : 0.42700767517089844,
              "min" : 0.049948692321777344,
              "p50" : 0.07402896881103516,
              "p95" : 0.364995002746582
            },
            "rewriteMs" : {
              "max" : 0,
              "min" : 0,
              "p50" : 0,
              "p95" : 0
            },
            "sttMs" : {
              "max" : 178.21204662322998,
              "min" : 67.50500202178955,
              "p50" : 85.0830078125,
              "p95" : 177.78663635253906
            },
            "totalStageMs" : {
              "max" : 178.26199531555176,
              "min" : 67.57903099060059,
              "p50" : 85.13998985290527,
              "p95" : 177.91199684143066
            }
          },
          "iterations" : 5,
          "level" : "raw",
          "providers" : {
            "sttMode" : "mock",
            "sttObserved" : [
              {
                "count" : 5,
                "model" : "fixed-delay-v1",
                "provider" : "DeterministicSTT"
              }
            ]
          }
        },
        {
          "distributions" : {
            "encodeMs" : {
              "max" : 0,
              "min" : 0,
              "p50" : 0,
              "p95" : 0
            },
            "generationMs" : {
              "max" : 339.7641181945801,
              "min" : 164.078950881958,
              "p50" : 247.52187728881836,
              "p95" : 331.88366889953613
            },
            "pasteMs" : {
              "max" : 7.323980331420898,
              "min" : 0.06794929504394531,
              "p50" : 0.14591217041015625,
              "p95" : 5.951786041259765
            },
            "rewriteMs" : {
              "max" : 239.81595039367676,
              "min" : 101.85694694519043,
              "p50" : 131.52801990509033,
              "p95" : 218.38674545288086
            },
            "sttMs" : {
              "max" : 208.23609828948975,
              "min" : 60.545921325683594,
              "p50" : 88.9350175857544,
              "p95" : 189.55926895141602
            },
            "totalStageMs" : {
              "max" : 339.90609645843506,
              "min" : 171.4029312133789,
              "p50" : 247.5898265838623,
              "p95" : 332.08985328674316
            }
          },
          "iterations" : 5,
          "level" : "clean",
          "providers" : {
            "rewriteObserved" : [
              {
                "count" : 5,
                "model" : "gemini-2.5-flash-lite",
                "path" : "deterministic"
              }
            ],
            "sttMode" : "mock",
            "sttObserved" : [
              {
                "count" : 5,
                "model" : "fixed-delay-v1",
                "provider" : "DeterministicSTT"
              }
            ]
          }
        },
        {
          "distributions" : {
            "encodeMs" : {
              "max" : 0,
              "min" : 0,
              "p50" : 0,
              "p95" : 0
            },
            "generationMs" : {
              "max" : 427.157998085022,
              "min" : 399.23095703125,
              "p50" : 418.7079668045044,
              "p95" : 427.02977657318115
            },
            "pasteMs" : {
              "max" : 0.1569986343383789,
              "min" : 0.08702278137207031,
              "p50" : 0.1399517059326172,
              "p95" : 0.15680789947509766
            },
            "rewriteMs" : {
              "max" : 320.4360008239746,
              "min" : 213.39499950408936,
              "p50" : 255.00202178955078,
              "p95" : 312.9354000091553
            },
            "sttMs" : {
              "max" : 213.76299858093262,
              "min" : 79.08594608306885,
              "p50" : 144.22893524169922,
              "p95" : 209.56017971038818
            },
            "totalStageMs" : {
              "max" : 427.31404304504395,
              "min" : 399.32799339294434,
              "p50" : 418.847918510437,
              "p95" : 427.17201709747314
            }
          },
          "iterations" : 5,
          "level" : "polish",
          "providers" : {
            "rewriteObserved" : [
              {
                "count" : 5,
                "model" : "x-ai/grok-4.1-fast",
                "path" : "deterministic"
              }
            ],
            "sttMode" : "mock",
            "sttObserved" : [
              {
                "count" : 5,
                "model" : "fixed-delay-v1",
                "provider" : "DeterministicSTT"
              }
            ]
          }
        }
      ]
    },
    {
      "audioBytes" : 427630,
      "audioFile" : "fixture-medium.caf",
      "fixtureID" : "fixture-medium",
      "levels" : [
        {
          "distributions" : {
            "encodeMs" : {
              "max" : 0,
              "min" : 0,
              "p50" : 0,
              "p95" : 0
            },
            "generationMs" : {
              "max" : 195.52791118621826,
              "min" : 61.76102161407471,
              "p50" : 123.95405769348145,
              "p95" : 189.26994800567627
            },
            "pasteMs" : {
              "max" : 0.07700920104980469,
              "min" : 0.009059906005859375,
              "p50" : 0.02396106719970703,
              "p95" : 0.06840229034423828
            },
            "rewriteMs" : {
              "max" : 0,
              "min" : 0,
              "p50" : 0,
              "p95" : 0
            },
            "sttMs" : {
              "max" : 195.52791118621826,
              "min" : 61.76102161407471,
              "p50" : 123.95405769348145,
              "p95" : 189.26994800567627
            },
            "totalStageMs" : {
              "max" : 195.53697109222412,
              "min" : 61.773061752319336,
              "p50" : 123.97801876068115,
              "p95" : 189.28399085998535
            }
          },
          "iterations" : 5,
          "level" : "raw",
          "providers" : {
            "sttMode" : "mock",
            "sttObserved" : [
              {
                "count" : 5,
                "model" : "fixed-delay-v1",
                "provider" : "DeterministicSTT"
              }
            ]
          }
        },
        {
          "distributions" : {
            "encodeMs" : {
              "max" : 0,
              "min" : 0,
              "p50" : 0,
              "p95" : 0
            },
            "generationMs" : {
              "max" : 394.429087638855,
              "min" : 165.32886028289795,
              "p50" : 221.24803066253662,
              "p95" : 384.4794750213623
            },
            "pasteMs" : {
              "max" : 0.8900165557861328,
              "min" : 0.04100799560546875,
              "p50" : 0.12993812561035156,
              "p95" : 0.7410049438476561
            },
            "rewriteMs" : {
              "max" : 209.85805988311768,
              "min" : 101.19092464447021,
              "p50" : 106.50300979614258,
              "p95" : 203.6992311477661
            },
            "sttMs" : {
              "max" : 184.5710277557373,
              "min" : 61.98692321777344,
              "p50" : 116.03403091430664,
              "p95" : 180.7802438735962
            },