{
  "audioBytes" : 558044,
  "audioFile" : "2 fixtures",
  "commitSHA" : "970f65e87016ff3d16e3c4e7081cc743b6413c43",
  "fixtureResults" : [
    {
      "audioBytes" : 130414,
      "audioFile" : "fixture-short.caf",
      "fixtureID" : "fixture-short",
      "levels" : [
        {
          "distributions" : {
            "encodeMs" : {
              "max" : 0,
              "min" : 0,
              "p50" : 0,
              "p95" : 0
            },
            "generationMs" : {
              "max" : 763.7360095977783,
              "min" : 570.214033126831,
              "p50" : 601.3740301132202,
              "p95" : 760.3262186050415
            },
            "pasteMs" : {
              "max" : 0.13303756713867188,
              "min" : 0.04792213439941406,
              "p50" : 0.054955482482910156,
              "p95" : 0.11961460113525389
            },
            "rewriteMs" : {
              "max" : 0,
              "min" : 0,
              "p50" : 0,
              "p95" : 0
            },
            "sttMs" : {
              "max" : 763.7360095977783,
              "min" : 570.214033126831,
              "p50" : 601.3740301132202,
              "p95" : 760.3262186050415
            },
            "totalStageMs" : {
              "max" : 763.7839317321777,
              "min" : 570.268988609314,
              "p50" : 601.5070676803589,
              "p95" : 760.3777408599854
            }
          },
          "iterations" : 5,
          "level" : "raw",
          "providers" : {
            "sttMode" : "batch",
            "sttObserved" : [
              {
                "count" : 5,
                "model" : "scribe_v2",
                "provider" : "ElevenLabs"
              }
            ]
          }
        },
        {
          "distributions" : {
            "encodeMs" : {
              "max" : 0,
              "min" : 0,
              "p50" : 0,
              "p95" : 0
            },
            "generationMs" : {
              "max" : 2036.1409187316895,
              "min" : 908.6909294128418,
              "p50" : 1414.6300554275513,
              "p95" : 1925.1017332077026
            },
            "pasteMs" : {
              "max" : 0.20802021026611328,
              "min" : 0.03898143768310547,
              "p50" : 0.11098384857177734,
              "p95" : 0.20401477813720703
            },
            "rewriteMs" : {
              "max" : 675.5520105361938,
              "min" : 325.5579471588135,
              "p50" : 401.0249376296997,
              "p95" : 637.0344161987305
            },
            "sttMs" : {
              "max" : 1635.1159811019897,
              "min" : 583.1329822540283,
              "p50" : 739.0780448913574,
              "p95" : 1536.7901802062988
            },
            "totalStageMs" : {
              "max" : 2036.3489389419556,
              "min" : 908.7299108505249,
              "p50" : 1414.8180484771729,
              "p95" : 1925.2903461456299
            }
          },
          "iterations" : 5,
          "level" : "clean",
          "providers" : {
            "rewriteObserved" : [
              {
                "count" : 5,
                "model" : "google/gemini-2.5-flash-lite",
                "path" : "openrouter"
              }
            ],
            "sttMode" : "batch",
            "sttObserved" : [
              {
                "count" : 5,
                "model" : "scribe_v2",
                "provider" : "ElevenLabs"
              }
            ]
          }
        },
        {
          "distributions" : {
            "encodeMs" : {
              "max" : 0,
              "min" : 0,
              "p50" : 0,
              "p95" : 0
            },
            "generationMs" : {
              "max" : 1946.0140466690063,
              "min" : 1063.7270212173462,
              "p50" : 1256.4560174942017,
              "p95" : 1866.4536476135254
            },
            "pasteMs" : {
              "max" : 0.8269548416137695,
              "min" : 0.051975250244140625,
              "p50" : 0.10097026824951172,
              "p95" : 0.6823778152465819
            },
            "rewriteMs" : {
              "max" : 1363.7990951538086,
              "min" : 468.89400482177734,
              "p50" : 573.0340480804443,
              "p95" : 1267.655873298645
            },
            "sttMs" : {
              "max" : 683.4219694137573,
              "min" : 582.2149515151978,
              "p50" : 662.0279550552368,
              "p95" : 679.763388633728
            },
            "totalStageMs" : {
              "max" : 1946.09797000885,
              "min" : 1063.831090927124,
              "p50" : 1256.5569877624512,
              "p95" : 1866.5311813354492
            }
          },
          "iterations" : 5,
          "level" : "polish",
          "providers" : {
            "rewriteObserved" : [
              {
                "count" : 5,
                "model" : "x-ai/grok-4.1-fast",
                "path" : "openrouter"
              }
            ],
            "sttMode" : "batch",
            "sttObserved" : [
              {
                "count" : 5,
                "model" : "scribe_v2",
                "provider" : "ElevenLabs"
              }
            ]
          }
        }
      ]
    },
    {
      "audioBytes" : 427630,
      "audioFile" : "fixture-medium.caf",
      "fixtureID" : "fixture-medium",
      "levels" : [
        {
          "distributions" : {
            "encodeMs" : {
              "max" : 51.403045654296875,
              "min" : 20.291924476623535,
              "p50" : 33.56599807739258,
              "p95" : 50.91264247894287
            },
            "generationMs" : {
              "max" : 1317.821979522705,
              "min" : 1082.9769372940063,
              "p50" : 1167.556881904602,
              "p95" : 1297.8362083435059
            },
            "pasteMs" : {
              "max" : 0.17702579498291016,
              "min" : 0.030040740966796875,
              "p50" : 0.07998943328857422,
              "p95" : 0.1646280288696289
            },
            "rewriteMs" : {
              "max" : 0,
              "min" : 0,
              "p50" : 0,
              "p95" : 0
            },
            "sttMs" : {
              "max" : 1284.2559814453125,
              "min" : 1050.29296875,
              "p50" : 1147.2649574279785,
              "p95" : 1260.7028007507324
            },
            "totalStageMs" : {
              "max" : 1317.9019689559937,
              "min" : 1083.013892173767,
              "p50" : 1167.5869226455688,
              "p95" : 1297.92320728302
            }
          },
          "iterations" : 5,
          "level" : "raw",
          "providers" : {
            "sttMode" : "batch",
            "sttObserved" : [
              {
                "count" : 5,
                "model" : "scribe_v2",
                "provider" : "ElevenLabs"
              }
            ]
          }
        },
        {
          "distributions" : {
            "encodeMs" : {
              "max" : 50.428032875061035,
              "min" : 17.73691177368164,
              "p50" : 33.96499156951904,
              "p95" : 48.77181053161621
            },
            "generationMs" : {
              "max" : 1820.739984512329,
              "min" : 1644.5220708847046,
              "p50" : 1750.6731748580933,
              "p95" : 1815.0561571121216
            },
            "pasteMs" : {
              "max" : 0.14710426330566406,
              "min" : 0.041961669921875,
              "p50" : 0.0909566879272461,
              "p95" : 0.14367103576660156
            },
            "rewriteMs" : {
              "max" : 585.3670835494995,
              "min" : 453.7510871887207,
              "p50" : 505.6490898132324,
              "p95" : 572.9126691818237
            },
            "sttMs" : {
              "max" : 1272.9439735412598,
              "min" : 1098.8320112228394,