{
  "audioBytes" : 558044,
  "audioFile" : "2 fixtures",
  "commitSHA" : "84c1f36619cb1212a08091a97e99a47ab06fe01b",
  "fixtureResults" : [
    {
      "audioBytes" : 130414,
      "audioFile" : "fixture-short.caf",
      "fixtureID" : "fixture-short",
      "levels" : [
        {
          "distributions" : {
            "encodeMs" : {
              "max" : 0,
              "min" : 0,
              "p50" : 0,
              "p95" : 0
            },
            "generationMs" : {
              "max" : 1133.3680152893066,
              "min" : 554.2999505996704,
              "p50" : 580.6809663772583,
              "p95" : 1031.9802284240723
            },
            "pasteMs" : {
              "max" : 0.1499652862548828,
              "min" : 0.010013580322265625,
              "p50" : 0.01704692840576172,
              "p95" : 0.13475418090820312
            },
            "rewriteMs" : {
              "max" : 0,
              "min" : 0,
              "p50" : 0,
              "p95" : 0
            },
            "sttMs" : {
              "max" : 1133.3680152893066,
              "min" : 554.2999505996704,
              "p50" : 580.6809663772583,
              "p95" : 1031.9802284240723
            },
            "totalStageMs" : {
              "max" : 1133.378028869629,
              "min" : 554.3738603591919,
              "p50" : 580.8309316635132,
              "p95" : 1031.9916486740112
            }
          },
          "iterations" : 5,
          "level" : "raw",
          "providers" : {
            "sttMode" : "batch",
            "sttObserved" : [
              {
                "count" : 5,
                "model" : "scribe_v2",
                "provider" : "ElevenLabs"
              }
            ]
          }
        },
        {
          "distributions" : {
            "encodeMs" : {
              "max" : 0,
              "min" : 0,
              "p50" : 0,
              "p95" : 0
            },
            "generationMs" : {
              "max" : 2615.9019470214844,
              "min" : 1246.9940185546875,
              "p50" : 1615.713119506836,
              "p95" : 2484.089159965515
            },
            "pasteMs" : {
              "max" : 0.5929470062255859,
              "min" : 0.02193450927734375,
              "p50" : 0.03790855407714844,
              "p95" : 0.49254894256591786
            },
            "rewriteMs" : {
              "max" : 2016.8190002441406,
              "min" : 700.0130414962769,
              "p50" : 995.8400726318359,
              "p95" : 1892.4060106277466
            },
            "sttMs" : {
              "max" : 619.873046875,
              "min" : 546.9809770584106,
              "p50" : 572.6829767227173,
              "p95" : 615.7150268554688
            },
            "totalStageMs" : {
              "max" : 2616.49489402771,
              "min" : 1247.0849752426147,
              "p50" : 1615.751028060913,
              "p95" : 2484.5691204071045
            }
          },
          "iterations" : 5,
          "level" : "clean",
          "providers" : {
            "rewriteObserved" : [
              {
                "count" : 5,
                "model" : "inception/mercury",
                "path" : "openrouter"
              }
            ],
            "sttMode" : "batch",
            "sttObserved" : [
              {
                "count" : 5,
                "model" : "scribe_v2",
                "provider" : "ElevenLabs"
              }
            ]
          }
        },
        {
          "distributions" : {
            "encodeMs" : {
              "max" : 0,
              "min" : 0,
              "p50" : 0,
              "p95" : 0
            },
            "generationMs" : {
              "max" : 1601.3059616088867,
              "min" : 1173.5949516296387,
              "p50" : 1180.769920349121,
              "p95" : 1575.5415678024292
            },
            "pasteMs" : {
              "max" : 0.5769729614257812,
              "min" : 0.028967857360839844,
              "p50" : 0.07092952728271484,
              "p95" : 0.4821777343749999
            },
            "rewriteMs" : {
              "max" : 1015.705943107605,
              "min" : 523.8540172576904,
              "p50" : 565.127968788147,
              "p95" : 975.1977443695068
            },
            "sttMs" : {
              "max" : 659.3190431594849,
              "min" : 585.6000185012817,
              "p50" : 646.9119787216187,
              "p95" : 658.0018281936646
            },
            "totalStageMs" : {
              "max" : 1601.8829345703125,
              "min" : 1173.6350059509277,
              "p50" : 1180.8408498764038,
              "p95" : 1576.0237455368042
            }
          },
          "iterations" : 5,
          "level" : "polish",
          "providers" : {
            "rewriteObserved" : [
              {
                "count" : 5,
                "model" : "inception/mercury",
                "path" : "openrouter"
              }
            ],
            "sttMode" : "batch",
            "sttObserved" : [
              {
                "count" : 5,
                "model" : "scribe_v2",
                "provider" : "ElevenLabs"
              }
            ]
          }
        }
      ]
    },
    {
      "audioBytes" : 427630,
      "audioFile" : "fixture-medium.caf",
      "fixtureID" : "fixture-medium",
      "levels" : [
        {
          "distributions" : {
            "encodeMs" : {
              "max" : 0.02205371856689453,
              "min" : 0.0019073486328125,
              "p50" : 0.0040531158447265625,
              "p95" : 0.019431114196777344
            },
            "generationMs" : {
              "max" : 1254.1520595550537,
              "min" : 966.6399955749512,
              "p50" : 1180.8949708938599,
              "p95" : 1246.6580390930176
            },
            "pasteMs" : {
              "max" : 0.5379915237426758,
              "min" : 0.01895427703857422,
              "p50" : 0.07903575897216797,
              "p95" : 0.4472017288208007
            },
            "rewriteMs" : {
              "max" : 0,
              "min" : 0,
              "p50" : 0,
              "p95" : 0
            },
            "sttMs" : {
              "max" : 1254.148006439209,
              "min" : 966.6179418563843,
              "p50" : 1180.8860301971436,
              "p95" : 1246.6543912887573
            },
            "totalStageMs" : {
              "max" : 1254.236102104187,
              "min" : 966.6589498519897,
              "p50" : 1181.4329624176025,
              "p95" : 1246.7392683029175
            }
          },
          "iterations" : 5,
          "level" : "raw",
          "providers" : {
            "sttMode" : "batch",
            "sttObserved" : [
              {
                "count" : 5,
                "model" : "scribe_v2",
                "provider" : "ElevenLabs"
              }
            ]
          }
        },
        {
          "distributions" : {
            "encodeMs" : {
              "max" : 0.006079673767089844,
              "min" : 0.0020265579223632812,
              "p50" : 0.003933906555175781,
              "p95" : 0.005650520324707031
            },
            "generationMs" : {
              "max" : 2428.459048271179,
              "min" : 1843.9829349517822,
              "p50" : 2150.243043899536,
              "p95" : 2424.195408821106
            },
            "pasteMs" : {
              "max" : 0.5710124969482422,
              "min" : 0.025987625122070312,
              "p50" : 0.051975250244140625,
              "p95" : 0.471210479736328
            },
            "rewriteMs" : {
              "max" : 1386.078953742981,
              "min" : 584.8100185394287,
              "p50" : 897.7279663085938,
              "p95" : 1359.9827527999878
            },
            "sttMs" : {
              "max" : 1565.430998802185,
              "min" : 1038.7239456176758,