{
  "audioBytes" : 558044,
  "audioFile" : "2 fixtures",
  "commitSHA" : "86e21f90dca54e31980e8205df7f59769997cc80",
  "fixtureResults" : [
    {
      "audioBytes" : 130414,
      "audioFile" : "fixture-short.caf",
      "fixtureID" : "fixture-short",
      "levels" : [
        {
          "distributions" : {
            "encodeMs" : {
              "max" : 0,
              "min" : 0,
              "p50" : 0,
              "p95" : 0
            },
            "generationMs" : {
              "max" : 1088.908076286316,
              "min" : 626.634955406189,
              "p50" : 933.9599609375,
              "p95" : 1063.977074623108
            },
            "pasteMs" : {
              "max" : 0.12099742889404297,
              "min" : 0.010013580322265625,
              "p50" : 0.03707408905029297,
              "p95" : 0.1047849655151367
            },
            "rewriteMs" : {
              "max" : 0,
              "min" : 0,
              "p50" : 0,
              "p95" : 0
            },
            "sttMs" : {
              "max" : 1088.908076286316,
              "min" : 626.634955406189,
              "p50" : 933.9599609375,
              "p95" : 1063.977074623108
            },
            "totalStageMs" : {
              "max" : 1088.9480113983154,
              "min" : 626.6709566116333,
              "p50" : 933.9970350265503,
              "p95" : 1064.0332221984863
            }
          },
          "iterations" : 5,
          "level" : "raw",
          "providers" : {
            "sttMode" : "batch",
            "sttObserved" : [
              {
                "count" : 5,
                "model" : "scribe_v2",
                "provider" : "ElevenLabs"
              }
            ]
          }
        },
        {
          "distributions" : {
            "encodeMs" : {
              "max" : 0,
              "min" : 0,
              "p50" : 0,
              "p95" : 0
            },
            "generationMs" : {
              "max" : 1810.696005821228,
              "min" : 1259.9810361862183,
              "p50" : 1310.3300333023071,
              "p95" : 1765.995216369629
            },
            "pasteMs" : {
              "max" : 1.5789270401000977,
              "min" : 0.05698204040527344,
              "p50" : 0.09799003601074219,
              "p95" : 1.5041351318359375
            },
            "rewriteMs" : {
              "max" : 1197.901964187622,
              "min" : 345.3739881515503,
              "p50" : 683.4570169448853,
              "p95" : 1149.035382270813
            },
            "sttMs" : {
              "max" : 964.9560451507568,
              "min" : 576.524019241333,
              "p50" : 620.500922203064,
              "p95" : 898.6894369125366
            },
            "totalStageMs" : {
              "max" : 1812.2749328613281,
              "min" : 1260.079026222229,
              "p50" : 1310.4150295257568,
              "p95" : 1767.4993515014648
            }
          },
          "iterations" : 5,
          "level" : "clean",
          "providers" : {
            "rewriteObserved" : [
              {
                "count" : 5,
                "model" : "inception/mercury",
                "path" : "openrouter"
              }
            ],
            "sttMode" : "batch",
            "sttObserved" : [
              {
                "count" : 5,
                "model" : "scribe_v2",
                "provider" : "ElevenLabs"
              }
            ]
          }
        },
        {
          "distributions" : {
            "encodeMs" : {
              "max" : 0,
              "min" : 0,
              "p50" : 0,
              "p95" : 0
            },
            "generationMs" : {
              "max" : 2051.2750148773193,
              "min" : 1293.742060661316,
              "p50" : 1358.7700128555298,
              "p95" : 2050.9998083114624
            },
            "pasteMs" : {
              "max" : 1.2129545211791992,
              "min" : 0.051021575927734375,
              "p50" : 0.0909566879272461,
              "p95" : 1.1309623718261719
            },
            "rewriteMs" : {
              "max" : 1463.5359048843384,
              "min" : 726.6700267791748,
              "p50" : 770.0459957122803,
              "p95" : 1442.2357320785522
            },
            "sttMs" : {
              "max" : 694.2399740219116,
              "min" : 567.0720338821411,
              "p50" : 588.6861085891724,
              "p95" : 681.1787605285645
            },
            "totalStageMs" : {
              "max" : 2051.3659715652466,
              "min" : 1293.8079833984375,
              "p50" : 1359.9450588226318,
              "p95" : 2051.0827779769897
            }
          },
          "iterations" : 5,
          "level" : "polish",
          "providers" : {
            "rewriteObserved" : [
              {
                "count" : 5,
                "model" : "inception/mercury",
                "path" : "openrouter"
              }
            ],
            "sttMode" : "batch",
            "sttObserved" : [
              {
                "count" : 5,
                "model" : "scribe_v2",
                "provider" : "ElevenLabs"
              }
            ]
          }
        }
      ]
    },
    {
      "audioBytes" : 427630,
      "audioFile" : "fixture-medium.caf",
      "fixtureID" : "fixture-medium",
      "levels" : [
        {
          "distributions" : {
            "encodeMs" : {
              "max" : 0.012040138244628906,
              "min" : 0.007033348083496094,
              "p50" : 0.010013580322265625,
              "p95" : 0.01163482666015625
            },
            "generationMs" : {
              "max" : 1535.9469652175903,
              "min" : 1026.9149541854858,
              "p50" : 1091.9100046157837,
              "p95" : 1478.3561706542969
            },
            "pasteMs" : {
              "max" : 0.19097328186035156,
              "min" : 0.016927719116210938,
              "p50" : 0.09298324584960938,
              "p95" : 0.1723766326904297
            },
            "rewriteMs" : {
              "max" : 0,
              "min" : 0,
              "p50" : 0,
              "p95" : 0
            },
            "sttMs" : {
              "max" : 1535.9349250793457,
              "min" : 1026.9049406051636,
              "p50" : 1091.8999910354614,
              "p95" : 1478.3445358276367
            },
            "totalStageMs" : {
              "max" : 1536.03994846344,
              "min" : 1026.931881904602,
              "p50" : 1092.0079946517944,
              "p95" : 1478.4687519073486
            }
          },
          "iterations" : 5,
          "level" : "raw",
          "providers" : {
            "sttMode" : "batch",
            "sttObserved" : [
              {
                "count" : 5,
                "model" : "scribe_v2",
                "provider" : "ElevenLabs"
              }
            ]
          }
        },
        {
          "distributions" : {
            "encodeMs" : {
              "max" : 0.015974044799804688,
              "min" : 0.0029802322387695312,
              "p50" : 0.0069141387939453125,
              "p95" : 0.014591217041015625
            },
            "generationMs" : {
              "max" : 2629.2258501052856,
              "min" : 1873.188853263855,
              "p50" : 2137.770891189575,
              "p95" : 2538.6089086532593
            },
            "pasteMs" : {
              "max" : 1.8460750579833984,
              "min" : 0.05996227264404297,
              "p50" : 0.4309415817260742,
              "p95" : 1.652860641479492
            },
            "rewriteMs" : {
              "max" : 1119.5869445800781,
              "min" : 648.3910083770752,
              "p50" : 862.5600337982178,
              "p95" : 1081.6221475601196
            },
            "sttMs" : {
              "max" : 1509.6349716186523,
              "min" : 1053.3679723739624,