{
  "audioBytes" : 558044,
  "audioFile" : "2 fixtures",
  "commitSHA" : "86e21f90dca54e31980e8205df7f59769997cc80",
  "fixtureResults" : [
    {
      "audioBytes" : 130414,
      "audioFile" : "fixture-short.caf",
      "fixtureID" : "fixture-short",
      "levels" : [
        {
          "distributions" : {
            "encodeMs" : {
              "max" : 0,
              "min" : 0,
              "p50" : 0,
              "p95" : 0
            },
            "generationMs" : {
              "max" : 211.75897121429443,
              "min" : 104.47895526885986,
              "p50" : 177.75309085845947,
              "p95" : 210.47897338867188
            },
            "pasteMs" : {
              "max" : 0.05507469177246094,
              "min" : 0.041961669921875,
              "p50" : 0.054955482482910156,
              "p95" : 0.05505084991455078
            },
            "rewriteMs" : {
              "max" : 0,
              "min" : 0,
              "p50" : 0,
              "p95" : 0
            },
            "sttMs" : {
              "max" : 211.75897121429443,
              "min" : 104.47895526885986,
              "p50" : 177.75309085845947,
              "p95" : 210.47897338867188
            },
            "totalStageMs" : {
              "max" : 211.8009328842163,
              "min" : 104.53402996063232,
              "p50" : 177.80804634094238,
              "p95" : 210.52255630493164
            }
          },
          "iterations" : 5,
          "level" : "raw",
          "providers" : {
            "sttMode" : "mock",
            "sttObserved" : [
              {
                "count" : 5,
                "model" : "fixed-delay-v1",
                "provider" : "DeterministicSTT"
              }
            ]
          }
        },
        {
          "distributions" : {
            "encodeMs" : {
              "max" : 0,
              "min" : 0,
              "p50" : 0,
              "p95" : 0
            },
            "generationMs" : {
              "max" : 414.2789840698242,
              "min" : 287.43696212768555,
              "p50" : 343.72401237487793,
              "p95" : 405.7538032531738
            },
            "pasteMs" : {
              "max" : 0.16701221466064453,
              "min" : 0.0909566879272461,
              "p50" : 0.10406970977783203,
              "p95" : 0.1552104949951172
            },
            "rewriteMs" : {
              "max" : 259.91499423980713,
              "min" : 106.53495788574219,
              "p50" : 187.00897693634033,
              "p95" : 251.0727882385254
            },
            "sttMs" : {
              "max" : 185.18197536468506,
              "min" : 76.66504383087158,
              "p50" : 156.7150354385376,
              "p95" : 184.32598114013672
            },
            "totalStageMs" : {
              "max" : 414.3869876861572,
              "min" : 287.5410318374634,
              "p50" : 343.8279628753662,
              "p95" : 405.87360858917236
            }
          },
          "iterations" : 5,
          "level" : "clean",
          "providers" : {
            "rewriteObserved" : [
              {
                "count" : 5,
                "model" : "inception/mercury",
                "path" : "deterministic"
              }
            ],
            "sttMode" : "mock",
            "sttObserved" : [
              {
                "count" : 5,
                "model" : "fixed-delay-v1",
                "provider" : "DeterministicSTT"
              }
            ]
          }
        },
        {
          "distributions" : {
            "encodeMs" : {
              "max" : 0,
              "min" : 0,
              "p50" : 0,
              "p95" : 0
            },
            "generationMs" : {
              "max" : 487.204909324646,
              "min" : 330.63995838165283,
              "p50" : 396.7089653015137,
              "p95" : 471.41332626342773
            },
            "pasteMs" : {
              "max" : 18.975019454956055,
              "min" : 0.1150369644165039,
              "p50" : 0.7190704345703125,
              "p95" : 15.362238883972164
            },
            "rewriteMs" : {
              "max" : 313.86494636535645,
              "min" : 162.45198249816895,
              "p50" : 206.6739797592163,
              "p95" : 295.97415924072266
            },
            "sttMs" : {
              "max" : 201.57301425933838,
              "min" : 168.1879758834839,
              "p50" : 173.33996295928955,
              "p95" : 199.21422004699707
            },
            "totalStageMs" : {
              "max" : 487.3199462890625,
              "min" : 330.76202869415283,
              "p50" : 409.1581106185913,
              "p95" : 472.99275398254395
            }
          },
          "iterations" : 5,
          "level" : "polish",
          "providers" : {
            "rewriteObserved" : [
              {
                "count" : 5,
                "model" : "inception/mercury",
                "path" : "deterministic"
              }
            ],
            "sttMode" : "mock",
            "sttObserved" : [
              {
                "count" : 5,
                "model" : "fixed-delay-v1",
                "provider" : "DeterministicSTT"
              }
            ]
          }
        }
      ]
    },
    {
      "audioBytes" : 427630,
      "audioFile" : "fixture-medium.caf",
      "fixtureID" : "fixture-medium",
      "levels" : [
        {
          "distributions" : {
            "encodeMs" : {
              "max" : 0,
              "min" : 0,
              "p50" : 0,
              "p95" : 0
            },
            "generationMs" : {
              "max" : 185.0360631942749,
              "min" : 77.08501815795898,
              "p50" : 102.01597213745117,
              "p95" : 168.65525245666504
            },
            "pasteMs" : {
              "max" : 0.1310110092163086,
              "min" : 0.048041343688964844,
              "p50" : 0.06103515625,
              "p95" : 0.11980533599853516
            },
            "rewriteMs" : {
              "max" : 0,
              "min" : 0,
              "p50" : 0,
              "p95" : 0
            },
            "sttMs" : {
              "max" : 185.0360631942749,
              "min" : 77.08501815795898,
              "p50" : 102.01597213745117,
              "p95" : 168.65525245666504
            },
            "totalStageMs" : {
              "max" : 185.1670742034912,
              "min" : 77.13305950164795,
              "p50" : 102.09095478057861,
              "p95" : 168.77105236053467
            }
          },
          "iterations" : 5,
          "level" : "raw",
          "providers" : {
            "sttMode" : "mock",
            "sttObserved" : [
              {
                "count" : 5,
                "model" : "fixed-delay-v1",
                "provider" : "DeterministicSTT"
              }
            ]
          }
        },
        {
          "distributions" : {
            "encodeMs" : {
              "max" : 0,
              "min" : 0,
              "p50" : 0,
              "p95" : 0
            },
            "generationMs" : {
              "max" : 318.99309158325195,
              "min" : 205.1069736480713,
              "p50" : 218.75500679016113,
              "p95" : 305.3180694580078
            },
            "pasteMs" : {
              "max" : 0.10406970977783203,
              "min" : 0.06496906280517578,
              "p50" : 0.08893013000488281,
              "p95" : 0.10385513305664062
            },
            "rewriteMs" : {
              "max" : 215.2390480041504,
              "min" : 102.15795040130615,
              "p50" : 112.04898357391357,
              "p95" : 207.37123489379883
            },
            "sttMs" : {
              "max" : 106.97495937347412,
              "min" : 74.71799850463867,
              "p50" : 103.75404357910156,
              "p95" : 106.92117214202881
            },