{
  "audioBytes" : 558044,
  "audioFile" : "2 fixtures",
  "commitSHA" : "c816ba4fd0a4ce26986d81f8d4f319887c37d29a",
  "fixtureResults" : [
    {
      "audioBytes" : 130414,
      "audioFile" : "fixture-short.caf",
      "fixtureID" : "fixture-short",
      "levels" : [
        {
          "distributions" : {
            "encodeMs" : {
              "max" : 0,
              "min" : 0,
              "p50" : 0,
              "p95" : 0
            },
            "generationMs" : {
              "max" : 101.75907611846924,
              "min" : 99.7380018234253,
              "p50" : 101.61197185516357,
              "p95" : 101.75204277038574
            },
            "pasteMs" : {
              "max" : 0.015974044799804688,
              "min" : 0.008940696716308594,
              "p50" : 0.012993812561035156,
              "p95" : 0.015401840209960938
            },
            "rewriteMs" : {
              "max" : 0,
              "min" : 0,
              "p50" : 0,
              "p95" : 0
            },
            "sttMs" : {
              "max" : 101.75907611846924,
              "min" : 99.7380018234253,
              "p50" : 101.61197185516357,
              "p95" : 101.75204277038574
            },
            "totalStageMs" : {
              "max" : 101.76801681518555,
              "min" : 99.75099563598633,
              "p50" : 101.62794589996338,
              "p95" : 101.7618179321289
            }
          },
          "iterations" : 5,
          "level" : "raw",
          "providers" : {
            "sttMode" : "mock",
            "sttObserved" : [
              {
                "count" : 5,
                "model" : "fixed-delay-v1",
                "provider" : "DeterministicSTT"
              }
            ]
          }
        },
        {
          "distributions" : {
            "encodeMs" : {
              "max" : 0,
              "min" : 0,
              "p50" : 0,
              "p95" : 0
            },
            "generationMs" : {
              "max" : 405.24399280548096,
              "min" : 190.69993495941162,
              "p50" : 268.35501194000244,
              "p95" : 404.75518703460693
            },
            "pasteMs" : {
              "max" : 0.1499652862548828,
              "min" : 0.030994415283203125,
              "p50" : 0.03707408905029297,
              "p95" : 0.13158321380615234
            },
            "rewriteMs" : {
              "max" : 202.65603065490723,
              "min" : 106.79197311401367,
              "p50" : 197.75402545928955,
              "p95" : 202.49123573303223
            },
            "sttMs" : {
              "max" : 207.4899673461914,
              "min" : 64.74900245666504,
              "p50" : 83.90796184539795,
              "p95" : 206.02076053619385
            },
            "totalStageMs" : {
              "max" : 405.28106689453125,
              "min" : 190.73688983917236,
              "p50" : 268.4130668640137,
              "p95" : 404.81483936309814
            }
          },
          "iterations" : 5,
          "level" : "clean",
          "providers" : {
            "rewriteObserved" : [
              {
                "count" : 5,
                "model" : "gemini-2.5-flash-lite",
                "path" : "deterministic"
              }
            ],
            "sttMode" : "mock",
            "sttObserved" : [
              {
                "count" : 5,
                "model" : "fixed-delay-v1",
                "provider" : "DeterministicSTT"
              }
            ]
          }
        },
        {
          "distributions" : {
            "encodeMs" : {
              "max" : 0,
              "min" : 0,
              "p50" : 0,
              "p95" : 0
            },
            "generationMs" : {
              "max" : 467.7300453186035,
              "min" : 228.59597206115723,
              "p50" : 309.44907665252686,
              "p95" : 440.75284004211426
            },
            "pasteMs" : {
              "max" : 0.08189678192138672,
              "min" : 0.03802776336669922,
              "p50" : 0.048041343688964844,
              "p95" : 0.07550716400146484
            },
            "rewriteMs" : {
              "max" : 307.91497230529785,
              "min" : 164.08896446228027,
              "p50" : 217.68903732299805,
              "p95" : 299.678373336792
            },
            "sttMs" : {
              "max" : 159.81507301330566,
              "min" : 61.77198886871338,
              "p50" : 69.42200660705566,
              "p95" : 146.2040662765503
            },
            "totalStageMs" : {
              "max" : 467.8119421005249,
              "min" : 228.63399982452393,
              "p50" : 309.4971179962158,
              "p95" : 440.8283472061157
            }
          },
          "iterations" : 5,
          "level" : "polish",
          "providers" : {
            "rewriteObserved" : [
              {
                "count" : 5,
                "model" : "x-ai/grok-4.1-fast",
                "path" : "deterministic"
              }
            ],
            "sttMode" : "mock",
            "sttObserved" : [
              {
                "count" : 5,
                "model" : "fixed-delay-v1",
                "provider" : "DeterministicSTT"
              }
            ]
          }
        }
      ]
    },
    {
      "audioBytes" : 427630,
      "audioFile" : "fixture-medium.caf",
      "fixtureID" : "fixture-medium",
      "levels" : [
        {
          "distributions" : {
            "encodeMs" : {
              "max" : 0,
              "min" : 0,
              "p50" : 0,
              "p95" : 0
            },
            "generationMs" : {
              "max" : 203.55606079101562,
              "min" : 65.1559829711914,
              "p50" : 101.65202617645264,
              "p95" : 194.29383277893066
            },
            "pasteMs" : {
              "max" : 0.02396106719970703,
              "min" : 0.008940696716308594,
              "p50" : 0.013947486877441406,
              "p95" : 0.021958351135253906
            },
            "rewriteMs" : {
              "max" : 0,
              "min" : 0,
              "p50" : 0,
              "p95" : 0
            },
            "sttMs" : {
              "max" : 203.55606079101562,
              "min" : 65.1559829711914,
              "p50" : 101.65202617645264,
              "p95" : 194.29383277893066
            },
            "totalStageMs" : {
              "max" : 203.56500148773193,
              "min" : 65.17994403839111,
              "p50" : 101.66597366333008,
              "p95" : 194.30358409881592
            }
          },
          "iterations" : 5,
          "level" : "raw",
          "providers" : {
            "sttMode" : "mock",
            "sttObserved" : [
              {
                "count" : 5,
                "model" : "fixed-delay-v1",
                "provider" : "DeterministicSTT"
              }
            ]
          }
        },
        {
          "distributions" : {
            "encodeMs" : {
              "max" : 0,
              "min" : 0,
              "p50" : 0,
              "p95" : 0
            },
            "generationMs" : {
              "max" : 315.8220052719116,
              "min" : 182.83402919769287,
              "p50" : 280.25496006011963,
              "p95" : 311.67640686035156
            },
            "pasteMs" : {
              "max" : 0.07808208465576172,
              "min" : 0.041961669921875,
              "p50" : 0.051021575927734375,
              "p95" : 0.07426738739013672
            },
            "rewriteMs" : {
              "max" : 215.75796604156494,
              "min" : 105.62503337860107,
              "p50" : 124.84395503997803,
              "p95" : 214.52276706695557
            },
            "sttMs" : {
              "max" : 189.40997123718262,
              "min" : 62.12198734283447,
              "p50" : 77.2089958190918,