{
  "audioBytes" : 558044,
  "audioFile" : "2 fixtures",
  "commitSHA" : "c816ba4fd0a4ce26986d81f8d4f319887c37d29a",
  "fixtureResults" : [
    {
      "audioBytes" : 130414,
      "audioFile" : "fixture-short.caf",
      "fixtureID" : "fixture-short",
      "levels" : [
        {
          "distributions" : {
            "encodeMs" : {
              "max" : 0,
              "min" : 0,
              "p50" : 0,
              "p95" : 0
            },
            "generationMs" : {
              "max" : 949.2650032043457,
              "min" : 543.5980558395386,
              "p50" : 603.8990020751953,
              "p95" : 914.6346092224121
            },
            "pasteMs" : {
              "max" : 0.04696846008300781,
              "min" : 0.013947486877441406,
              "p50" : 0.01704692840576172,
              "p95" : 0.041174888610839844
            },
            "rewriteMs" : {
              "max" : 0,
              "min" : 0,
              "p50" : 0,
              "p95" : 0
            },
            "sttMs" : {
              "max" : 949.2650032043457,
              "min" : 543.5980558395386,
              "p50" : 603.8990020751953,
              "p95" : 914.6346092224121
            },
            "totalStageMs" : {
              "max" : 949.2830038070679,
              "min" : 543.613076210022,
              "p50" : 603.9459705352783,
              "p95" : 914.6517992019653
            }
          },
          "iterations" : 5,
          "level" : "raw",
          "providers" : {
            "sttMode" : "batch",
            "sttObserved" : [
              {
                "count" : 5,
                "model" : "scribe_v2",
                "provider" : "ElevenLabs"
              }
            ]
          }
        },
        {
          "distributions" : {
            "encodeMs" : {
              "max" : 0,
              "min" : 0,
              "p50" : 0,
              "p95" : 0
            },
            "generationMs" : {
              "max" : 1406.3868522644043,
              "min" : 912.1909141540527,
              "p50" : 1067.106008529663,
              "p95" : 1379.4904947280884
            },
            "pasteMs" : {
              "max" : 0.06103515625,
              "min" : 0.02396106719970703,
              "p50" : 0.04410743713378906,
              "p95" : 0.05962848663330078
            },
            "rewriteMs" : {
              "max" : 572.07190990448,
              "min" : 307.19995498657227,
              "p50" : 425.34399032592773,
              "p95" : 543.259334564209
            },
            "sttMs" : {
              "max" : 846.561074256897,
              "min" : 557.7399730682373,
              "p50" : 639.0969753265381,
              "p95" : 844.1118478775024
            },
            "totalStageMs" : {
              "max" : 1406.4478874206543,
              "min" : 912.2148752212524,
              "p50" : 1067.1600103378296,
              "p95" : 1379.5481443405151
            }
          },
          "iterations" : 5,
          "level" : "clean",
          "providers" : {
            "rewriteObserved" : [
              {
                "count" : 5,
                "model" : "google/gemini-2.5-flash-lite",
                "path" : "openrouter"
              }
            ],
            "sttMode" : "batch",
            "sttObserved" : [
              {
                "count" : 5,
                "model" : "scribe_v2",
                "provider" : "ElevenLabs"
              }
            ]
          }
        },
        {
          "distributions" : {
            "encodeMs" : {
              "max" : 0,
              "min" : 0,
              "p50" : 0,
              "p95" : 0
            },
            "generationMs" : {
              "max" : 1428.02095413208,
              "min" : 1039.8108959197998,
              "p50" : 1071.7190504074097,
              "p95" : 1405.4059505462646
            },
            "pasteMs" : {
              "max" : 0.04291534423828125,
              "min" : 0.02300739288330078,
              "p50" : 0.03910064697265625,
              "p95" : 0.042319297790527344
            },
            "rewriteMs" : {
              "max" : 879.8940181732178,
              "min" : 441.52891635894775,
              "p50" : 469.8529243469238,
              "p95" : 849.7416019439697
            },
            "sttMs" : {
              "max" : 612.625002861023,
              "min" : 548.1269359588623,
              "p50" : 598.281979560852,
              "p95" : 610.4464054107666
            },
            "totalStageMs" : {
              "max" : 1428.0439615249634,
              "min" : 1039.8499965667725,
              "p50" : 1071.7589855194092,
              "p95" : 1405.432939529419
            }
          },
          "iterations" : 5,
          "level" : "polish",
          "providers" : {
            "rewriteObserved" : [
              {
                "count" : 5,
                "model" : "x-ai/grok-4.1-fast",
                "path" : "openrouter"
              }
            ],
            "sttMode" : "batch",
            "sttObserved" : [
              {
                "count" : 5,
                "model" : "scribe_v2",
                "provider" : "ElevenLabs"
              }
            ]
          }
        }
      ]
    },
    {
      "audioBytes" : 427630,
      "audioFile" : "fixture-medium.caf",
      "fixtureID" : "fixture-medium",
      "levels" : [
        {
          "distributions" : {
            "encodeMs" : {
              "max" : 20.483016967773438,
              "min" : 17.747998237609863,
              "p50" : 18.6159610748291,
              "p95" : 20.17502784729004
            },
            "generationMs" : {
              "max" : 1424.0520000457764,
              "min" : 1063.1699562072754,
              "p50" : 1170.5759763717651,
              "p95" : 1389.3700122833252
            },
            "pasteMs" : {
              "max" : 0.05793571472167969,
              "min" : 0.010013580322265625,
              "p50" : 0.013947486877441406,
              "p95" : 0.049138069152832024
            },
            "rewriteMs" : {
              "max" : 0,
              "min" : 0,
              "p50" : 0,
              "p95" : 0
            },
            "sttMs" : {
              "max" : 1405.4360389709473,
              "min" : 1042.686939239502,
              "p50" : 1152.6689529418945,
              "p95" : 1370.6886291503906
            },
            "totalStageMs" : {
              "max" : 1424.0620136260986,
              "min" : 1063.180923461914,
              "p50" : 1170.5899238586426,
              "p95" : 1389.3896102905273
            }
          },
          "iterations" : 5,
          "level" : "raw",
          "providers" : {
            "sttMode" : "batch",
            "sttObserved" : [
              {
                "count" : 5,
                "model" : "scribe_v2",
                "provider" : "ElevenLabs"
              }
            ]
          }
        },
        {
          "distributions" : {
            "encodeMs" : {
              "max" : 22.60303497314453,
              "min" : 16.331076622009277,
              "p50" : 17.680048942565918,
              "p95" : 21.940040588378906
            },
            "generationMs" : {
              "max" : 1632.1120262145996,
              "min" : 1419.226050376892,
              "p50" : 1445.802927017212,
              "p95" : 1608.4978342056274
            },
            "pasteMs" : {
              "max" : 0.028967857360839844,
              "min" : 0.02396106719970703,
              "p50" : 0.025033950805664062,
              "p95" : 0.028586387634277344
            },
            "rewriteMs" : {
              "max" : 566.6639804840088,
              "min" : 318.0069923400879,
              "p50" : 411.8609428405762,
              "p95" : 547.7635860443115
            },
            "sttMs" : {
              "max" : 1089.7259712219238,
              "min" : 1004.7730207443237,