{
  "audioBytes" : 558044,
  "audioFile" : "2 fixtures",
  "commitSHA" : "17879d0b8101fe7a2cb41dcf5d77cc9e5269ad62",
  "fixtureResults" : [
    {
      "audioBytes" : 130414,
      "audioFile" : "fixture-short.caf",
      "fixtureID" : "fixture-short",
      "levels" : [
        {
          "distributions" : {
            "encodeMs" : {
              "max" : 0,
              "min" : 0,
              "p50" : 0,
              "p95" : 0
            },
            "generationMs" : {
              "max" : 1080.4940462112427,
              "min" : 573.0270147323608,
              "p50" : 631.0689449310303,
              "p95" : 999.0774393081665
            },
            "pasteMs" : {
              "max" : 0.13303756713867188,
              "min" : 0.009059906005859375,
              "p50" : 0.010967254638671875,
              "p95" : 0.11303424835205077
            },
            "rewriteMs" : {
              "max" : 0,
              "min" : 0,
              "p50" : 0,
              "p95" : 0
            },
            "sttMs" : {
              "max" : 1080.4940462112427,
              "min" : 573.0270147323608,
              "p50" : 631.0689449310303,
              "p95" : 999.0774393081665
            },
            "totalStageMs" : {
              "max" : 1080.5270671844482,
              "min" : 573.0379819869995,
              "p50" : 631.079912185669,
              "p95" : 999.1304636001587
            }
          },
          "iterations" : 5,
          "level" : "raw",
          "providers" : {
            "sttMode" : "batch",
            "sttObserved" : [
              {
                "count" : 5,
                "model" : "scribe_v2",
                "provider" : "ElevenLabs"
              }
            ]
          }
        },
        {
          "distributions" : {
            "encodeMs" : {
              "max" : 0,
              "min" : 0,
              "p50" : 0,
              "p95" : 0
            },
            "generationMs" : {
              "max" : 1362.488031387329,
              "min" : 1041.9398546218872,
              "p50" : 1076.4439105987549,
              "p95" : 1320.5756187438965
            },
            "pasteMs" : {
              "max" : 0.07903575897216797,
              "min" : 0.02205371856689453,
              "p50" : 0.07104873657226562,
              "p95" : 0.07762908935546875
            },
            "rewriteMs" : {
              "max" : 545.0289249420166,
              "min" : 276.216983795166,
              "p50" : 452.612042427063,
              "p95" : 531.6261291503906
            },
            "sttMs" : {
              "max" : 884.4730854034424,
              "min" : 531.4149856567383,
              "p50" : 700.313925743103,
              "p95" : 865.474271774292
            },
            "totalStageMs" : {
              "max" : 1362.5670671463013,
              "min" : 1041.9628620147705,
              "p50" : 1076.5149593353271,
              "p95" : 1320.653247833252
            }
          },
          "iterations" : 5,
          "level" : "clean",
          "providers" : {
            "rewriteObserved" : [
              {
                "count" : 5,
                "model" : "google/gemini-2.5-flash-lite",
                "path" : "openrouter"
              }
            ],
            "sttMode" : "batch",
            "sttObserved" : [
              {
                "count" : 5,
                "model" : "scribe_v2",
                "provider" : "ElevenLabs"
              }
            ]
          }
        },
        {
          "distributions" : {
            "encodeMs" : {
              "max" : 0,
              "min" : 0,
              "p50" : 0,
              "p95" : 0
            },
            "generationMs" : {
              "max" : 2058.9230060577393,
              "min" : 1125.5799531936646,
              "p50" : 1514.849066734314,
              "p95" : 1976.8720149993896
            },
            "pasteMs" : {
              "max" : 0.18298625946044922,
              "min" : 0.028967857360839844,
              "p50" : 0.11801719665527344,
              "p95" : 0.1827716827392578
            },
            "rewriteMs" : {
              "max" : 998.473048210144,
              "min" : 410.2189540863037,
              "p50" : 539.7700071334839,
              "p95" : 969.8448419570923
            },
            "sttMs" : {
              "max" : 1519.1529989242554,
              "min" : 650.1950025558472,
              "p50" : 715.3609991073608,
              "p95" : 1364.273190498352
            },
            "totalStageMs" : {
              "max" : 2059.0410232543945,
              "min" : 1125.761866569519,
              "p50" : 1514.8780345916748,
              "p95" : 1976.983618736267
            }
          },
          "iterations" : 5,
          "level" : "polish",
          "providers" : {
            "rewriteObserved" : [
              {
                "count" : 5,
                "model" : "x-ai/grok-4.1-fast",
                "path" : "openrouter"
              }
            ],
            "sttMode" : "batch",
            "sttObserved" : [
              {
                "count" : 5,
                "model" : "scribe_v2",
                "provider" : "ElevenLabs"
              }
            ]
          }
        }
      ]
    },
    {
      "audioBytes" : 427630,
      "audioFile" : "fixture-medium.caf",
      "fixtureID" : "fixture-medium",
      "levels" : [
        {
          "distributions" : {
            "encodeMs" : {
              "max" : 49.96001720428467,
              "min" : 20.067930221557617,
              "p50" : 42.19090938568115,
              "p95" : 49.532222747802734
            },
            "generationMs" : {
              "max" : 1705.2669525146484,
              "min" : 1142.910122871399,
              "p50" : 1320.0139999389648,
              "p95" : 1638.6127471923828
            },
            "pasteMs" : {
              "max" : 0.0959634780883789,
              "min" : 0.026941299438476562,
              "p50" : 0.05805492401123047,
              "p95" : 0.09036064147949219
            },
            "rewriteMs" : {
              "max" : 0,
              "min" : 0,
              "p50" : 0,
              "p95" : 0
            },
            "sttMs" : {
              "max" : 1663.0760431289673,
              "min" : 1108.634114265442,
              "p50" : 1272.1929550170898,
              "p95" : 1594.868016242981
            },
            "totalStageMs" : {
              "max" : 1705.3629159927368,
              "min" : 1142.9681777954102,
              "p50" : 1320.0409412384033,
              "p95" : 1638.7031078338623
            }
          },
          "iterations" : 5,
          "level" : "raw",
          "providers" : {
            "sttMode" : "batch",
            "sttObserved" : [
              {
                "count" : 5,
                "model" : "scribe_v2",
                "provider" : "ElevenLabs"
              }
            ]
          }
        },
        {
          "distributions" : {
            "encodeMs" : {
              "max" : 52.31797695159912,
              "min" : 26.435017585754395,
              "p50" : 33.81192684173584,
              "p95" : 51.86617374420166
            },
            "generationMs" : {
              "max" : 2658.421039581299,
              "min" : 1549.718976020813,
              "p50" : 1737.7829551696777,
              "p95" : 2532.4860095977783
            },
            "pasteMs" : {
              "max" : 0.1379251480102539,
              "min" : 0.025033950805664062,
              "p50" : 0.09500980377197266,
              "p95" : 0.13074874877929688
            },
            "rewriteMs" : {
              "max" : 619.5820569992065,
              "min" : 357.66804218292236,
              "p50" : 402.50396728515625,
              "p95" : 583.1950426101685
            },
            "sttMs" : {
              "max" : 1988.7800216674805,
              "min" : 1159.7559452056885,