{
  "audioBytes" : 558044,
  "audioFile" : "2 fixtures",
  "commitSHA" : "afaeacd2764ee8c6e2f49e098543655748b39d78",
  "fixtureResults" : [
    {
      "audioBytes" : 130414,
      "audioFile" : "fixture-short.caf",
      "fixtureID" : "fixture-short",
      "levels" : [
        {
          "distributions" : {
            "encodeMs" : {
              "max" : 0,
              "min" : 0,
              "p50" : 0,
              "p95" : 0
            },
            "generationMs" : {
              "max" : 990.509033203125,
              "min" : 542.4109697341919,
              "p50" : 775.6069898605347,
              "p95" : 962.2676134109497
            },
            "pasteMs" : {
              "max" : 0.12099742889404297,
              "min" : 0.03993511199951172,
              "p50" : 0.05602836608886719,
              "p95" : 0.1082181930541992
            },
            "rewriteMs" : {
              "max" : 0,
              "min" : 0,
              "p50" : 0,
              "p95" : 0
            },
            "sttMs" : {
              "max" : 990.509033203125,
              "min" : 542.4109697341919,
              "p50" : 775.6069898605347,
              "p95" : 962.2676134109497
            },
            "totalStageMs" : {
              "max" : 990.630030632019,
              "min" : 542.4529314041138,
              "p50" : 775.6469249725342,
              "p95" : 962.3756170272827
            }
          },
          "iterations" : 5,
          "level" : "raw",
          "providers" : {
            "sttMode" : "batch",
            "sttObserved" : [
              {
                "count" : 5,
                "model" : "scribe_v2",
                "provider" : "ElevenLabs"
              }
            ]
          }
        },
        {
          "distributions" : {
            "encodeMs" : {
              "max" : 0,
              "min" : 0,
              "p50" : 0,
              "p95" : 0
            },
            "generationMs" : {
              "max" : 994.3020343780518,
              "min" : 915.7251119613647,
              "p50" : 928.4619092941284,
              "p95" : 991.6406393051147
            },
            "pasteMs" : {
              "max" : 0.17690658569335938,
              "min" : 0.048995018005371094,
              "p50" : 0.12803077697753906,
              "p95" : 0.17673969268798828
            },
            "rewriteMs" : {
              "max" : 451.20906829833984,
              "min" : 295.67205905914307,
              "p50" : 368.569016456604,
              "p95" : 437.5516414642334
            },
            "sttMs" : {
              "max" : 620.0530529022217,
              "min" : 529.7859907150269,
              "p50" : 588.0008935928345,
              "p95" : 618.3184623718262
            },
            "totalStageMs" : {
              "max" : 994.4159984588623,
              "min" : 915.9011840820312,
              "p50" : 928.5109043121338,
              "p95" : 991.7574167251587
            }
          },
          "iterations" : 5,
          "level" : "clean",
          "providers" : {
            "rewriteObserved" : [
              {
                "count" : 5,
                "model" : "google/gemini-2.5-flash-lite",
                "path" : "openrouter"
              }
            ],
            "sttMode" : "batch",
            "sttObserved" : [
              {
                "count" : 5,
                "model" : "scribe_v2",
                "provider" : "ElevenLabs"
              }
            ]
          }
        },
        {
          "distributions" : {
            "encodeMs" : {
              "max" : 0,
              "min" : 0,
              "p50" : 0,
              "p95" : 0
            },
            "generationMs" : {
              "max" : 3383.7029933929443,
              "min" : 898.7029790878296,
              "p50" : 1058.6529970169067,
              "p95" : 2933.909392356872
            },
            "pasteMs" : {
              "max" : 0.7849931716918945,
              "min" : 0.027060508728027344,
              "p50" : 0.15807151794433594,
              "p95" : 0.6645917892456054
            },
            "rewriteMs" : {
              "max" : 2402.552008628845,
              "min" : 303.6379814147949,
              "p50" : 421.8599796295166,
              "p95" : 2012.0288133621211
            },
            "sttMs" : {
              "max" : 981.1509847640991,
              "min" : 573.9240646362305,
              "p50" : 608.7169647216797,
              "p95" : 927.4957895278931
            },
            "totalStageMs" : {
              "max" : 3383.7300539016724,
              "min" : 898.8059759140015,
              "p50" : 1058.8359832763672,
              "p95" : 2934.088039398193
            }
          },
          "iterations" : 5,
          "level" : "polish",
          "providers" : {
            "rewriteObserved" : [
              {
                "count" : 5,
                "model" : "x-ai/grok-4.1-fast",
                "path" : "openrouter"
              }
            ],
            "sttMode" : "batch",
            "sttObserved" : [
              {
                "count" : 5,
                "model" : "scribe_v2",
                "provider" : "ElevenLabs"
              }
            ]
          }
        }
      ]
    },
    {
      "audioBytes" : 427630,
      "audioFile" : "fixture-medium.caf",
      "fixtureID" : "fixture-medium",
      "levels" : [
        {
          "distributions" : {
            "encodeMs" : {
              "max" : 40.44294357299805,
              "min" : 16.603946685791016,
              "p50" : 17.056941986083984,
              "p95" : 38.5791540145874
            },
            "generationMs" : {
              "max" : 1548.8048791885376,
              "min" : 1000.5450248718262,
              "p50" : 1107.8749895095825,
              "p95" : 1485.3793144226074
            },
            "pasteMs" : {
              "max" : 0.06699562072753906,
              "min" : 0.03802776336669922,
              "p50" : 0.04696846008300781,
              "p95" : 0.06361007690429688
            },
            "rewriteMs" : {
              "max" : 0,
              "min" : 0,
              "p50" : 0,
              "p95" : 0
            },
            "sttMs" : {
              "max" : 1531.7479372024536,
              "min" : 960.1020812988281,
              "p50" : 1091.2710428237915,
              "p95" : 1465.5089616775513
            },
            "totalStageMs" : {
              "max" : 1548.8518476486206,
              "min" : 1000.58913230896,
              "p50" : 1107.9130172729492,
              "p95" : 1485.426902770996
            }
          },
          "iterations" : 5,
          "level" : "raw",
          "providers" : {
            "sttMode" : "batch",
            "sttObserved" : [
              {
                "count" : 5,
                "model" : "scribe_v2",
                "provider" : "ElevenLabs"
              }
            ]
          }
        },
        {
          "distributions" : {
            "encodeMs" : {
              "max" : 52.21998691558838,
              "min" : 16.715049743652344,
              "p50" : 30.26103973388672,
              "p95" : 48.43459129333496
            },
            "generationMs" : {
              "max" : 1686.6209506988525,
              "min" : 1508.3109140396118,
              "p50" : 1585.5951309204102,
              "p95" : 1673.7589597702026
            },
            "pasteMs" : {
              "max" : 0.28896331787109375,
              "min" : 0.02002716064453125,
              "p50" : 0.05793571472167969,
              "p95" : 0.2675771713256836
            },
            "rewriteMs" : {
              "max" : 589.8759365081787,
              "min" : 332.92901515960693,
              "p50" : 525.1660346984863,
              "p95" : 584.211540222168
            },
            "sttMs" : {
              "max" : 1142.0888900756836,
              "min" : 953.9530277252197,