{
  "audioBytes" : 558044,
  "audioFile" : "2 fixtures",
  "commitSHA" : "7fb4af3717b157f9c962cddd96bc769c3ddd45b0",
  "fixtureResults" : [
    {
      "audioBytes" : 130414,
      "audioFile" : "fixture-short.caf",
      "fixtureID" : "fixture-short",
      "levels" : [
        {
          "distributions" : {
            "encodeMs" : {
              "max" : 0,
              "min" : 0,
              "p50" : 0,
              "p95" : 0
            },
            "generationMs" : {
              "max" : 621.8229532241821,
              "min" : 566.5570497512817,
              "p50" : 584.2911005020142,
              "p95" : 616.4597749710083
            },
            "pasteMs" : {
              "max" : 0.12099742889404297,
              "min" : 0.012993812561035156,
              "p50" : 0.01704692840576172,
              "p95" : 0.10120868682861327
            },
            "rewriteMs" : {
              "max" : 0,
              "min" : 0,
              "p50" : 0,
              "p95" : 0
            },
            "sttMs" : {
              "max" : 621.8229532241821,
              "min" : 566.5570497512817,
              "p50" : 584.2911005020142,
              "p95" : 616.4597749710083
            },
            "totalStageMs" : {
              "max" : 621.845006942749,
              "min" : 566.5700435638428,
              "p50" : 584.3071937561035,
              "p95" : 616.480827331543
            }
          },
          "iterations" : 5,
          "level" : "raw",
          "providers" : {
            "sttMode" : "batch",
            "sttObserved" : [
              {
                "count" : 5,
                "model" : "scribe_v2",
                "provider" : "ElevenLabs"
              }
            ]
          }
        },
        {
          "distributions" : {
            "encodeMs" : {
              "max" : 0,
              "min" : 0,
              "p50" : 0,
              "p95" : 0
            },
            "generationMs" : {
              "max" : 1157.547950744629,
              "min" : 869.7750568389893,
              "p50" : 958.3370685577393,
              "p95" : 1124.164366722107
            },
            "pasteMs" : {
              "max" : 0.8620023727416992,
              "min" : 0.034928321838378906,
              "p50" : 0.11599063873291016,
              "p95" : 0.7905960083007812
            },
            "rewriteMs" : {
              "max" : 582.4120044708252,
              "min" : 306.3470125198364,
              "p50" : 377.89905071258545,
              "p95" : 542.3716068267822
            },
            "sttMs" : {
              "max" : 612.7309799194336,
              "min" : 563.4280443191528,
              "p50" : 575.1359462738037,
              "p95" : 610.8327865600586
            },
            "totalStageMs" : {
              "max" : 1157.6298475265503,
              "min" : 870.637059211731,
              "p50" : 958.3719968795776,
              "p95" : 1124.2530822753906
            }
          },
          "iterations" : 5,
          "level" : "clean",
          "providers" : {
            "rewriteObserved" : [
              {
                "count" : 5,
                "model" : "inception/mercury",
                "path" : "openrouter"
              }
            ],
            "sttMode" : "batch",
            "sttObserved" : [
              {
                "count" : 5,
                "model" : "scribe_v2",
                "provider" : "ElevenLabs"
              }
            ]
          }
        },
        {
          "distributions" : {
            "encodeMs" : {
              "max" : 0,
              "min" : 0,
              "p50" : 0,
              "p95" : 0
            },
            "generationMs" : {
              "max" : 1347.6260900497437,
              "min" : 1060.7329607009888,
              "p50" : 1176.214098930359,
              "p95" : 1313.7646675109863
            },
            "pasteMs" : {
              "max" : 0.7190704345703125,
              "min" : 0.024080276489257812,
              "p50" : 0.05698204040527344,
              "p95" : 0.600457191467285
            },
            "rewriteMs" : {
              "max" : 791.5600538253784,
              "min" : 469.03300285339355,
              "p50" : 553.8690090179443,
              "p95" : 749.3000507354736
            },
            "sttMs" : {
              "max" : 624.4499683380127,
              "min" : 556.0660362243652,
              "p50" : 591.6999578475952,
              "p95" : 618.750786781311
            },
            "totalStageMs" : {
              "max" : 1347.7520942687988,
              "min" : 1061.452031135559,
              "p50" : 1176.2381792068481,
              "p95" : 1313.875651359558
            }
          },
          "iterations" : 5,
          "level" : "polish",
          "providers" : {
            "rewriteObserved" : [
              {
                "count" : 5,
                "model" : "inception/mercury",
                "path" : "openrouter"
              }
            ],
            "sttMode" : "batch",
            "sttObserved" : [
              {
                "count" : 5,
                "model" : "scribe_v2",
                "provider" : "ElevenLabs"
              }
            ]
          }
        }
      ]
    },
    {
      "audioBytes" : 427630,
      "audioFile" : "fixture-medium.caf",
      "fixtureID" : "fixture-medium",
      "levels" : [
        {
          "distributions" : {
            "encodeMs" : {
              "max" : 0.010967254638671875,
              "min" : 0.0029802322387695312,
              "p50" : 0.0059604644775390625,
              "p95" : 0.010776519775390625
            },
            "generationMs" : {
              "max" : 1407.3809385299683,
              "min" : 1004.03892993927,
              "p50" : 1041.0228967666626,
              "p95" : 1334.31556224823
            },
            "pasteMs" : {
              "max" : 0.15294551849365234,
              "min" : 0.015020370483398438,
              "p50" : 0.03790855407714844,
              "p95" : 0.13375282287597656
            },
            "rewriteMs" : {
              "max" : 0,
              "min" : 0,
              "p50" : 0,
              "p95" : 0
            },
            "sttMs" : {
              "max" : 1407.3779582977295,
              "min" : 1004.0289163589478,
              "p50" : 1041.018009185791,
              "p95" : 1334.3109846115112
            },
            "totalStageMs" : {
              "max" : 1407.4019193649292,
              "min" : 1004.0768384933472,
              "p50" : 1041.0798788070679,
              "p95" : 1334.3353509902954
            }
          },
          "iterations" : 5,
          "level" : "raw",
          "providers" : {
            "sttMode" : "batch",
            "sttObserved" : [
              {
                "count" : 5,
                "model" : "scribe_v2",
                "provider" : "ElevenLabs"
              }
            ]
          }
        },
        {
          "distributions" : {
            "encodeMs" : {
              "max" : 0.02396106719970703,
              "min" : 0.0029802322387695312,
              "p50" : 0.0030994415283203125,
              "p95" : 0.02117156982421875
            },
            "generationMs" : {
              "max" : 2242.9808378219604,
              "min" : 1453.7839889526367,
              "p50" : 1990.4441833496094,
              "p95" : 2226.0162830352783
            },
            "pasteMs" : {
              "max" : 0.2980232238769531,
              "min" : 0.04398822784423828,
              "p50" : 0.08702278137207031,
              "p95" : 0.29561519622802734
            },
            "rewriteMs" : {
              "max" : 828.192949295044,
              "min" : 433.8740110397339,
              "p50" : 716.6980504989624,
              "p95" : 821.3159561157227
            },
            "sttMs" : {
              "max" : 1449.1488933563232,
              "min" : 1019.9069976806641,