{
  "audioBytes" : 558044,
  "audioFile" : "2 fixtures",
  "commitSHA" : "6cdc5823d3bb6ccedd0fc6028e9818756d635b42",
  "fixtureResults" : [
    {
      "audioBytes" : 130414,
      "audioFile" : "fixture-short.caf",
      "fixtureID" : "fixture-short",
      "levels" : [
        {
          "distributions" : {
            "encodeMs" : {
              "max" : 0,
              "min" : 0,
              "p50" : 0,
              "p95" : 0
            },
            "generationMs" : {
              "max" : 665.1760339736938,
              "min" : 596.2539911270142,
              "p50" : 630.4260492324829,
              "p95" : 662.6736164093018
            },
            "pasteMs" : {
              "max" : 0.11801719665527344,
              "min" : 0.06699562072753906,
              "p50" : 0.09703636169433594,
              "p95" : 0.11742115020751953
            },
            "rewriteMs" : {
              "max" : 0,
              "min" : 0,
              "p50" : 0,
              "p95" : 0
            },
            "sttMs" : {
              "max" : 665.1760339736938,
              "min" : 596.2539911270142,
              "p50" : 630.4260492324829,
              "p95" : 662.6736164093018
            },
            "totalStageMs" : {
              "max" : 665.2430295944214,
              "min" : 596.3419675827026,
              "p50" : 630.5440664291382,
              "p95" : 662.7502202987671
            }
          },
          "iterations" : 5,
          "level" : "raw",
          "providers" : {
            "sttMode" : "batch",
            "sttObserved" : [
              {
                "count" : 5,
                "model" : "scribe_v2",
                "provider" : "ElevenLabs"
              }
            ]
          }
        },
        {
          "distributions" : {
            "encodeMs" : {
              "max" : 0,
              "min" : 0,
              "p50" : 0,
              "p95" : 0
            },
            "generationMs" : {
              "max" : 1304.5819997787476,
              "min" : 970.8360433578491,
              "p50" : 1094.0159559249878,
              "p95" : 1280.118989944458
            },
            "pasteMs" : {
              "max" : 0.21195411682128906,
              "min" : 0.09202957153320312,
              "p50" : 0.10502338409423828,
              "p95" : 0.20096302032470703
            },
            "rewriteMs" : {
              "max" : 554.1750192642212,
              "min" : 376.08206272125244,
              "p50" : 465.8699035644531,
              "p95" : 543.5126066207886
            },
            "sttMs" : {
              "max" : 838.7120962142944,
              "min" : 593.1529998779297,
              "p50" : 628.0919313430786,
              "p95" : 797.0752716064453
            },
            "totalStageMs" : {
              "max" : 1304.6740293502808,
              "min" : 971.0479974746704,
              "p50" : 1094.1139459609985,
              "p95" : 1280.2136182785034
            }
          },
          "iterations" : 5,
          "level" : "clean",
          "providers" : {
            "rewriteObserved" : [
              {
                "count" : 5,
                "model" : "google/gemini-2.5-flash-lite",
                "path" : "openrouter"
              }
            ],
            "sttMode" : "batch",
            "sttObserved" : [
              {
                "count" : 5,
                "model" : "scribe_v2",
                "provider" : "ElevenLabs"
              }
            ]
          }
        },
        {
          "distributions" : {
            "encodeMs" : {
              "max" : 0,
              "min" : 0,
              "p50" : 0,
              "p95" : 0
            },
            "generationMs" : {
              "max" : 1159.8989963531494,
              "min" : 999.1589784622192,
              "p50" : 1044.366955757141,
              "p95" : 1139.6476030349731
            },
            "pasteMs" : {
              "max" : 0.12695789337158203,
              "min" : 0.05602836608886719,
              "p50" : 0.10704994201660156,
              "p95" : 0.12636184692382812
            },
            "rewriteMs" : {
              "max" : 453.08196544647217,
              "min" : 348.20401668548584,
              "p50" : 398.54300022125244,
              "p95" : 451.21097564697266
            },
            "sttMs" : {
              "max" : 811.6949796676636,
              "min" : 591.284990310669,
              "p50" : 623.649001121521,
              "p95" : 774.9765872955322
            },
            "totalStageMs" : {
              "max" : 1160.0229740142822,
              "min" : 999.2859363555908,
              "p50" : 1044.42298412323,
              "p95" : 1139.7681951522827
            }
          },
          "iterations" : 5,
          "level" : "polish",
          "providers" : {
            "rewriteObserved" : [
              {
                "count" : 5,
                "model" : "x-ai/grok-4.1-fast",
                "path" : "openrouter"
              }
            ],
            "sttMode" : "batch",
            "sttObserved" : [
              {
                "count" : 5,
                "model" : "scribe_v2",
                "provider" : "ElevenLabs"
              }
            ]
          }
        }
      ]
    },
    {
      "audioBytes" : 427630,
      "audioFile" : "fixture-medium.caf",
      "fixtureID" : "fixture-medium",
      "levels" : [
        {
          "distributions" : {
            "encodeMs" : {
              "max" : 52.517056465148926,
              "min" : 32.07802772521973,
              "p50" : 36.04996204376221,
              "p95" : 51.413655281066895
            },
            "generationMs" : {
              "max" : 1307.547926902771,
              "min" : 1104.308009147644,
              "p50" : 1199.2460489273071,
              "p95" : 1300.7809400558472
            },
            "pasteMs" : {
              "max" : 0.2859830856323242,
              "min" : 0.03600120544433594,
              "p50" : 0.10895729064941406,
              "p95" : 0.25119781494140625
            },
            "rewriteMs" : {
              "max" : 0,
              "min" : 0,
              "p50" : 0,
              "p95" : 0
            },
            "sttMs" : {
              "max" : 1271.4979648590088,
              "min" : 1057.3079586029053,
              "p50" : 1146.7289924621582,
              "p95" : 1265.5253648757935
            },
            "totalStageMs" : {
              "max" : 1307.6599836349487,
              "min" : 1104.3980121612549,
              "p50" : 1199.3550062179565,
              "p95" : 1300.8777856826782
            }
          },
          "iterations" : 5,
          "level" : "raw",
          "providers" : {
            "sttMode" : "batch",
            "sttObserved" : [
              {
                "count" : 5,
                "model" : "scribe_v2",
                "provider" : "ElevenLabs"
              }
            ]
          }
        },
        {
          "distributions" : {
            "encodeMs" : {
              "max" : 49.090027809143066,
              "min" : 17.273902893066406,
              "p50" : 21.79396152496338,
              "p95" : 46.24762535095215
            },
            "generationMs" : {
              "max" : 2178.2299280166626,
              "min" : 1427.0628690719604,
              "p50" : 1587.130069732666,
              "p95" : 2092.2635555267334
            },
            "pasteMs" : {
              "max" : 0.10800361633300781,
              "min" : 0.025987625122070312,
              "p50" : 0.051021575927734375,
              "p95" : 0.10340213775634766
            },
            "rewriteMs" : {
              "max" : 564.5229816436768,
              "min" : 406.91399574279785,
              "p50" : 473.9670753479004,
              "p95" : 550.2111911773682
            },
            "sttMs" : {
              "max" : 1666.3858890533447,
              "min" : 1002.8749704360962,