{
  "audioBytes" : 558044,
  "audioFile" : "2 fixtures",
  "commitSHA" : "c89e592f8d0dfde91d023bfe21a4a8c420eb2106",
  "fixtureResults" : [
    {
      "audioBytes" : 130414,
      "audioFile" : "fixture-short.caf",
      "fixtureID" : "fixture-short",
      "levels" : [
        {
          "distributions" : {
            "encodeMs" : {
              "max" : 0,
              "min" : 0,
              "p50" : 0,
              "p95" : 0
            },
            "generationMs" : {
              "max" : 1148.8109827041626,
              "min" : 547.6670265197754,
              "p50" : 568.1400299072266,
              "p95" : 1032.9355955123901
            },
            "pasteMs" : {
              "max" : 0.13494491577148438,
              "min" : 0.007987022399902344,
              "p50" : 0.03802776336669922,
              "p95" : 0.11594295501708983
            },
            "rewriteMs" : {
              "max" : 0,
              "min" : 0,
              "p50" : 0,
              "p95" : 0
            },
            "sttMs" : {
              "max" : 1148.8109827041626,
              "min" : 547.6670265197754,
              "p50" : 568.1400299072266,
              "p95" : 1032.9355955123901
            },
            "totalStageMs" : {
              "max" : 1148.945927619934,
              "min" : 547.7050542831421,
              "p50" : 568.1480169296265,
              "p95" : 1033.0515384674072
            }
          },
          "iterations" : 5,
          "level" : "raw",
          "providers" : {
            "sttMode" : "batch",
            "sttObserved" : [
              {
                "count" : 5,
                "model" : "scribe_v2",
                "provider" : "ElevenLabs"
              }
            ]
          }
        },
        {
          "distributions" : {
            "encodeMs" : {
              "max" : 0,
              "min" : 0,
              "p50" : 0,
              "p95" : 0
            },
            "generationMs" : {
              "max" : 1258.059024810791,
              "min" : 829.3380737304688,
              "p50" : 900.9549617767334,
              "p95" : 1226.5830039978027
            },
            "pasteMs" : {
              "max" : 0.2740621566772461,
              "min" : 0.02491474151611328,
              "p50" : 0.033020973205566406,
              "p95" : 0.23305416107177732
            },
            "rewriteMs" : {
              "max" : 553.9779663085938,
              "min" : 247.50101566314697,
              "p50" : 303.07602882385254,
              "p95" : 522.3593711853027
            },
            "sttMs" : {
              "max" : 862.1740341186523,
              "min" : 546.7009544372559,
              "p50" : 597.8789329528809,
              "p95" : 809.4356298446655
            },
            "totalStageMs" : {
              "max" : 1258.3330869674683,
              "min" : 829.3631076812744,
              "p50" : 900.987982749939,
              "p95" : 1226.8160581588745
            }
          },
          "iterations" : 5,
          "level" : "clean",
          "providers" : {
            "rewriteObserved" : [
              {
                "count" : 5,
                "model" : "google/gemini-2.5-flash-lite",
                "path" : "openrouter"
              }
            ],
            "sttMode" : "batch",
            "sttObserved" : [
              {
                "count" : 5,
                "model" : "scribe_v2",
                "provider" : "ElevenLabs"
              }
            ]
          }
        },
        {
          "distributions" : {
            "encodeMs" : {
              "max" : 0,
              "min" : 0,
              "p50" : 0,
              "p95" : 0
            },
            "generationMs" : {
              "max" : 1472.2609519958496,
              "min" : 934.878945350647,
              "p50" : 958.4519863128662,
              "p95" : 1401.0823726654053
            },
            "pasteMs" : {
              "max" : 0.04601478576660156,
              "min" : 0.02002716064453125,
              "p50" : 0.027060508728027344,
              "p95" : 0.04279613494873047
            },
            "rewriteMs" : {
              "max" : 554.7159910202026,
              "min" : 369.14193630218506,
              "p50" : 403.64396572113037,
              "p95" : 549.6779918670654
            },
            "sttMs" : {
              "max" : 917.544960975647,
              "min" : 554.8080205917358,
              "p50" : 577.8000354766846,
              "p95" : 851.4043807983398
            },
            "totalStageMs" : {
              "max" : 1472.2809791564941,
              "min" : 934.906005859375,
              "p50" : 958.4980010986328,
              "p95" : 1401.1043787002563
            }
          },
          "iterations" : 5,
          "level" : "polish",
          "providers" : {
            "rewriteObserved" : [
              {
                "count" : 5,
                "model" : "x-ai/grok-4.1-fast",
                "path" : "openrouter"
              }
            ],
            "sttMode" : "batch",
            "sttObserved" : [
              {
                "count" : 5,
                "model" : "scribe_v2",
                "provider" : "ElevenLabs"
              }
            ]
          }
        }
      ]
    },
    {
      "audioBytes" : 427630,
      "audioFile" : "fixture-medium.caf",
      "fixtureID" : "fixture-medium",
      "levels" : [
        {
          "distributions" : {
            "encodeMs" : {
              "max" : 27.271032333374023,
              "min" : 18.17905902862549,
              "p50" : 21.12293243408203,
              "p95" : 26.08802318572998
            },
            "generationMs" : {
              "max" : 1616.3530349731445,
              "min" : 1020.1339721679688,
              "p50" : 1072.0059871673584,
              "p95" : 1511.9690418243408
            },
            "pasteMs" : {
              "max" : 0.15997886657714844,
              "min" : 0.01800060272216797,
              "p50" : 0.04088878631591797,
              "p95" : 0.14178752899169922
            },
            "rewriteMs" : {
              "max" : 0,
              "min" : 0,
              "p50" : 0,
              "p95" : 0
            },
            "sttMs" : {
              "max" : 1595.2301025390625,
              "min" : 1000.311017036438,
              "p50" : 1044.7349548339844,
              "p95" : 1491.43488407135
            },
            "totalStageMs" : {
              "max" : 1616.3710355758667,
              "min" : 1020.1748609542847,
              "p50" : 1072.1659660339355,
              "p95" : 1511.9884490966797
            }
          },
          "iterations" : 5,
          "level" : "raw",
          "providers" : {
            "sttMode" : "batch",
            "sttObserved" : [
              {
                "count" : 5,
                "model" : "scribe_v2",
                "provider" : "ElevenLabs"
              }
            ]
          }
        },
        {
          "distributions" : {
            "encodeMs" : {
              "max" : 26.384949684143066,
              "min" : 18.5089111328125,
              "p50" : 20.53201198577881,
              "p95" : 26.27396583557129
            },
            "generationMs" : {
              "max" : 1691.4740800857544,
              "min" : 1498.1720447540283,
              "p50" : 1608.3059310913086,
              "p95" : 1685.9986543655396
            },
            "pasteMs" : {
              "max" : 0.053048133850097656,
              "min" : 0.032067298889160156,
              "p50" : 0.03802776336669922,
              "p95" : 0.050640106201171875
            },
            "rewriteMs" : {
              "max" : 446.9289779663086,
              "min" : 366.6679859161377,
              "p50" : 393.3180570602417,
              "p95" : 442.12098121643066
            },
            "sttMs" : {
              "max" : 1252.269983291626,
              "min" : 1107.7020168304443,