{
  "audioBytes" : 558044,
  "audioFile" : "2 fixtures",
  "commitSHA" : "513173c153ae69c764a0ee08e560120f8fbf600d",
  "fixtureResults" : [
    {
      "audioBytes" : 130414,
      "audioFile" : "fixture-short.caf",
      "fixtureID" : "fixture-short",
      "levels" : [
        {
          "distributions" : {
            "encodeMs" : {
              "max" : 0,
              "min" : 0,
              "p50" : 0,
              "p95" : 0
            },
            "generationMs" : {
              "max" : 590.6599760055542,
              "min" : 488.1589412689209,
              "p50" : 566.8420791625977,
              "p95" : 587.4269723892212
            },
            "pasteMs" : {
              "max" : 0.08392333984375,
              "min" : 0.01800060272216797,
              "p50" : 0.04303455352783203,
              "p95" : 0.07832050323486328
            },
            "rewriteMs" : {
              "max" : 0,
              "min" : 0,
              "p50" : 0,
              "p95" : 0
            },
            "sttMs" : {
              "max" : 590.6599760055542,
              "min" : 488.1589412689209,
              "p50" : 566.8420791625977,
              "p95" : 587.4269723892212
            },
            "totalStageMs" : {
              "max" : 590.703010559082,
              "min" : 488.19899559020996,
              "p50" : 566.897988319397,
              "p95" : 587.4650001525879
            }
          },
          "iterations" : 5,
          "level" : "raw",
          "providers" : {
            "sttMode" : "batch",
            "sttObserved" : [
              {
                "count" : 5,
                "model" : "scribe_v2",
                "provider" : "ElevenLabs"
              }
            ]
          }
        },
        {
          "distributions" : {
            "encodeMs" : {
              "max" : 0,
              "min" : 0,
              "p50" : 0,
              "p95" : 0
            },
            "generationMs" : {
              "max" : 1210.5568647384644,
              "min" : 920.6080436706543,
              "p50" : 996.1669445037842,
              "p95" : 1189.996886253357
            },
            "pasteMs" : {
              "max" : 0.08106231689453125,
              "min" : 0.03600120544433594,
              "p50" : 0.053048133850097656,
              "p95" : 0.0780344009399414
            },
            "rewriteMs" : {
              "max" : 562.9489421844482,
              "min" : 344.64895725250244,
              "p50" : 457.57603645324707,
              "p95" : 542.043137550354
            },
            "sttMs" : {
              "max" : 650.1809358596802,
              "min" : 537.7470254898071,
              "p50" : 616.300106048584,
              "p95" : 649.6663331985474
            },
            "totalStageMs" : {
              "max" : 1210.6099128723145,
              "min" : 920.6739664077759,
              "p50" : 996.2029457092285,
              "p95" : 1190.047311782837
            }
          },
          "iterations" : 5,
          "level" : "clean",
          "providers" : {
            "rewriteObserved" : [
              {
                "count" : 5,
                "model" : "google/gemini-2.5-flash-lite",
                "path" : "openrouter"
              }
            ],
            "sttMode" : "batch",
            "sttObserved" : [
              {
                "count" : 5,
                "model" : "scribe_v2",
                "provider" : "ElevenLabs"
              }
            ]
          }
        },
        {
          "distributions" : {
            "encodeMs" : {
              "max" : 0,
              "min" : 0,
              "p50" : 0,
              "p95" : 0
            },
            "generationMs" : {
              "max" : 1418.083906173706,
              "min" : 954.7810554504395,
              "p50" : 964.5969867706299,
              "p95" : 1329.2439222335815
            },
            "pasteMs" : {
              "max" : 0.1519918441772461,
              "min" : 0.04506111145019531,
              "p50" : 0.1430511474609375,
              "p95" : 0.15158653259277344
            },
            "rewriteMs" : {
              "max" : 444.8659420013428,
              "min" : 359.7140312194824,
              "p50" : 381.5211057662964,
              "p95" : 433.65676403045654
            },
            "sttMs" : {
              "max" : 973.2179641723633,
              "min" : 573.2599496841431,
              "p50" : 589.3340110778809,
              "p95" : 899.5509624481201
            },
            "totalStageMs" : {
              "max" : 1418.1289672851562,
              "min" : 954.9241065979004,
              "p50" : 964.7380113601685,
              "p95" : 1329.3103694915771
            }
          },
          "iterations" : 5,
          "level" : "polish",
          "providers" : {
            "rewriteObserved" : [
              {
                "count" : 5,
                "model" : "x-ai/grok-4.1-fast",
                "path" : "openrouter"
              }
            ],
            "sttMode" : "batch",
            "sttObserved" : [
              {
                "count" : 5,
                "model" : "scribe_v2",
                "provider" : "ElevenLabs"
              }
            ]
          }
        }
      ]
    },
    {
      "audioBytes" : 427630,
      "audioFile" : "fixture-medium.caf",
      "fixtureID" : "fixture-medium",
      "levels" : [
        {
          "distributions" : {
            "encodeMs" : {
              "max" : 52.771925926208496,
              "min" : 24.273037910461426,
              "p50" : 46.5620756149292,
              "p95" : 52.14273929595947
            },
            "generationMs" : {
              "max" : 1245.3938722610474,
              "min" : 1020.7170248031616,
              "p50" : 1093.2660102844238,
              "p95" : 1216.7031288146973
            },
            "pasteMs" : {
              "max" : 0.21898746490478516,
              "min" : 0.06699562072753906,
              "p50" : 0.07891654968261719,
              "p95" : 0.20399093627929688
            },
            "rewriteMs" : {
              "max" : 0,
              "min" : 0,
              "p50" : 0,
              "p95" : 0
            },
            "sttMs" : {
              "max" : 1192.6219463348389,
              "min" : 996.4439868927002,
              "p50" : 1043.6400175094604,
              "p95" : 1165.1731729507446
            },
            "totalStageMs" : {
              "max" : 1245.466947555542,
              "min" : 1020.7959413528442,
              "p50" : 1093.4100151062012,
              "p95" : 1216.7749881744385
            }
          },
          "iterations" : 5,
          "level" : "raw",
          "providers" : {
            "sttMode" : "batch",
            "sttObserved" : [
              {
                "count" : 5,
                "model" : "scribe_v2",
                "provider" : "ElevenLabs"
              }
            ]
          }
        },
        {
          "distributions" : {
            "encodeMs" : {
              "max" : 51.47397518157959,
              "min" : 28.802037239074707,
              "p50" : 47.798991203308105,
              "p95" : 50.76758861541748
            },
            "generationMs" : {
              "max" : 1713.7948274612427,
              "min" : 1445.4140663146973,
              "p50" : 1575.6111145019531,
              "p95" : 1689.8018598556519
            },
            "pasteMs" : {
              "max" : 0.14793872833251953,
              "min" : 0.08404254913330078,
              "p50" : 0.10907649993896484,
              "p95" : 0.1413583755493164
            },
            "rewriteMs" : {
              "max" : 541.6969060897827,
              "min" : 293.11907291412354,
              "p50" : 440.3219223022461,
              "p95" : 525.6585121154785
            },
            "sttMs" : {
              "max" : 1120.6239461898804,
              "min" : 981.4239740371704,