{
  "audioBytes" : 558044,
  "audioFile" : "2 fixtures",
  "commitSHA" : "cea1a22bd739bb01f5e5aed31f2f50324e62a749",
  "fixtureResults" : [
    {
      "audioBytes" : 130414,
      "audioFile" : "fixture-short.caf",
      "fixtureID" : "fixture-short",
      "levels" : [
        {
          "distributions" : {
            "encodeMs" : {
              "max" : 0,
              "min" : 0,
              "p50" : 0,
              "p95" : 0
            },
            "generationMs" : {
              "max" : 810.3640079498291,
              "min" : 572.6419687271118,
              "p50" : 594.0940380096436,
              "p95" : 775.0864028930664
            },
            "pasteMs" : {
              "max" : 0.7489919662475586,
              "min" : 0.030040740966796875,
              "p50" : 0.06401538848876953,
              "p95" : 0.6721973419189453
            },
            "rewriteMs" : {
              "max" : 0,
              "min" : 0,
              "p50" : 0,
              "p95" : 0
            },
            "sttMs" : {
              "max" : 810.3640079498291,
              "min" : 572.6419687271118,
              "p50" : 594.0940380096436,
              "p95" : 775.0864028930664
            },
            "totalStageMs" : {
              "max" : 811.1129999160767,
              "min" : 572.6720094680786,
              "p50" : 594.1420793533325,
              "p95" : 775.7586002349854
            }
          },
          "iterations" : 5,
          "level" : "raw",
          "providers" : {
            "sttMode" : "batch",
            "sttObserved" : [
              {
                "count" : 5,
                "model" : "scribe_v2",
                "provider" : "ElevenLabs"
              }
            ]
          }
        },
        {
          "distributions" : {
            "encodeMs" : {
              "max" : 0,
              "min" : 0,
              "p50" : 0,
              "p95" : 0
            },
            "generationMs" : {
              "max" : 1149.6069431304932,
              "min" : 953.8059234619141,
              "p50" : 1066.0500526428223,
              "p95" : 1133.958339691162
            },
            "pasteMs" : {
              "max" : 0.988006591796875,
              "min" : 0.03707408905029297,
              "p50" : 0.05805492401123047,
              "p95" : 0.8098125457763671
            },
            "rewriteMs" : {
              "max" : 540.4759645462036,
              "min" : 347.53596782684326,
              "p50" : 473.5909700393677,
              "p95" : 533.6897611618042
            },
            "sttMs" : {
              "max" : 609.1309785842896,
              "min" : 564.8189783096313,
              "p50" : 592.4590826034546,
              "p95" : 608.5587739944458
            },
            "totalStageMs" : {
              "max" : 1150.59494972229,
              "min" : 953.8429975509644,
              "p50" : 1066.1081075668335,
              "p95" : 1134.7681522369385
            }
          },
          "iterations" : 5,
          "level" : "clean",
          "providers" : {
            "rewriteObserved" : [
              {
                "count" : 5,
                "model" : "google/gemini-2.5-flash-lite",
                "path" : "openrouter"
              }
            ],
            "sttMode" : "batch",
            "sttObserved" : [
              {
                "count" : 5,
                "model" : "scribe_v2",
                "provider" : "ElevenLabs"
              }
            ]
          }
        },
        {
          "distributions" : {
            "encodeMs" : {
              "max" : 0,
              "min" : 0,
              "p50" : 0,
              "p95" : 0
            },
            "generationMs" : {
              "max" : 1327.591896057129,
              "min" : 1053.9109706878662,
              "p50" : 1134.7631216049194,
              "p95" : 1323.162341117859
            },
            "pasteMs" : {
              "max" : 0.21898746490478516,
              "min" : 0.03802776336669922,
              "p50" : 0.08404254913330078,
              "p95" : 0.19516944885253903
            },
            "rewriteMs" : {
              "max" : 731.6689491271973,
              "min" : 456.2770128250122,
              "p50" : 568.5720443725586,
              "p95" : 724.9021768569946
            },
            "sttMs" : {
              "max" : 623.6699819564819,
              "min" : 566.1910772323608,
              "p50" : 597.633957862854,
              "p95" : 620.4577922821045
            },
            "totalStageMs" : {
              "max" : 1327.6509046554565,
              "min" : 1053.9950132369995,
              "p50" : 1134.9821090698242,
              "p95" : 1323.2295274734497
            }
          },
          "iterations" : 5,
          "level" : "polish",
          "providers" : {
            "rewriteObserved" : [
              {
                "count" : 5,
                "model" : "x-ai/grok-4.1-fast",
                "path" : "openrouter"
              }
            ],
            "sttMode" : "batch",
            "sttObserved" : [
              {
                "count" : 5,
                "model" : "scribe_v2",
                "provider" : "ElevenLabs"
              }
            ]
          }
        }
      ]
    },
    {
      "audioBytes" : 427630,
      "audioFile" : "fixture-medium.caf",
      "fixtureID" : "fixture-medium",
      "levels" : [
        {
          "distributions" : {
            "encodeMs" : {
              "max" : 49.09098148345947,
              "min" : 31.038999557495117,
              "p50" : 33.020973205566406,
              "p95" : 46.47538661956787
            },
            "generationMs" : {
              "max" : 1454.295039176941,
              "min" : 1101.330041885376,
              "p50" : 1112.561821937561,
              "p95" : 1393.6822414398193
            },
            "pasteMs" : {
              "max" : 0.18894672393798828,
              "min" : 0.010967254638671875,
              "p50" : 0.11992454528808594,
              "p95" : 0.17535686492919922
            },
            "rewriteMs" : {
              "max" : 0,
              "min" : 0,
              "p50" : 0,
              "p95" : 0
            },
            "sttMs" : {
              "max" : 1421.2740659713745,
              "min" : 1052.2390604019165,
              "p50" : 1081.062912940979,
              "p95" : 1360.062861442566
            },
            "totalStageMs" : {
              "max" : 1454.416036605835,
              "min" : 1101.449966430664,
              "p50" : 1112.5777959823608,
              "p95" : 1393.7812328338623
            }
          },
          "iterations" : 5,
          "level" : "raw",
          "providers" : {
            "sttMode" : "batch",
            "sttObserved" : [
              {
                "count" : 5,
                "model" : "scribe_v2",
                "provider" : "ElevenLabs"
              }
            ]
          }
        },
        {
          "distributions" : {
            "encodeMs" : {
              "max" : 34.884095191955566,
              "min" : 19.585013389587402,
              "p50" : 22.346973419189453,
              "p95" : 34.83247756958008
            },
            "generationMs" : {
              "max" : 1958.5789442062378,
              "min" : 1476.0299921035767,
              "p50" : 1676.6799688339233,
              "p95" : 1957.241940498352
            },
            "pasteMs" : {
              "max" : 0.07390975952148438,
              "min" : 0.030994415283203125,
              "p50" : 0.051975250244140625,
              "p95" : 0.07092952728271484
            },
            "rewriteMs" : {
              "max" : 578.5539150238037,
              "min" : 386.4380121231079,
              "p50" : 470.81494331359863,
              "p95" : 558.0483436584473
            },
            "sttMs" : {
              "max" : 1538.0979776382446,
              "min" : 1067.2450065612793,