{
  "audioBytes" : 558044,
  "audioFile" : "2 fixtures",
  "commitSHA" : "9831e21d1e0ad4080320cad9670af97b8fa39dc4",
  "fixtureResults" : [
    {
      "audioBytes" : 130414,
      "audioFile" : "fixture-short.caf",
      "fixtureID" : "fixture-short",
      "levels" : [
        {
          "distributions" : {
            "encodeMs" : {
              "max" : 0,
              "min" : 0,
              "p50" : 0,
              "p95" : 0
            },
            "generationMs" : {
              "max" : 755.4919719696045,
              "min" : 569.240927696228,
              "p50" : 591.750979423523,
              "p95" : 729.4825792312622
            },
            "pasteMs" : {
              "max" : 0.34797191619873047,
              "min" : 0.009059906005859375,
              "p50" : 0.027060508728027344,
              "p95" : 0.28479099273681635
            },
            "rewriteMs" : {
              "max" : 0,
              "min" : 0,
              "p50" : 0,
              "p95" : 0
            },
            "sttMs" : {
              "max" : 755.4919719696045,
              "min" : 569.240927696228,
              "p50" : 591.750979423523,
              "p95" : 729.4825792312622
            },
            "totalStageMs" : {
              "max" : 755.5240392684937,
              "min" : 569.2569017410278,
              "p50" : 591.7600393295288,
              "p95" : 729.5136451721191
            }
          },
          "iterations" : 5,
          "level" : "raw",
          "providers" : {
            "sttMode" : "batch",
            "sttObserved" : [
              {
                "count" : 5,
                "model" : "scribe_v2",
                "provider" : "ElevenLabs"
              }
            ]
          }
        },
        {
          "distributions" : {
            "encodeMs" : {
              "max" : 0,
              "min" : 0,
              "p50" : 0,
              "p95" : 0
            },
            "generationMs" : {
              "max" : 1035.3479385375977,
              "min" : 851.2638807296753,
              "p50" : 960.8860015869141,
              "p95" : 1033.2713603973389
            },
            "pasteMs" : {
              "max" : 0.2599954605102539,
              "min" : 0.02205371856689453,
              "p50" : 0.04303455352783203,
              "p95" : 0.23579597473144528
            },
            "rewriteMs" : {
              "max" : 416.4090156555176,
              "min" : 267.47190952301025,
              "p50" : 387.5999450683594,
              "p95" : 413.56201171875
            },
            "sttMs" : {
              "max" : 637.3651027679443,
              "min" : 558.7120056152344,
              "p50" : 602.3540496826172,
              "p95" : 633.6798667907715
            },
            "totalStageMs" : {
              "max" : 1035.3699922561646,
              "min" : 851.4028787612915,
              "p50" : 961.1459970474243,
              "p95" : 1033.297610282898
            }
          },
          "iterations" : 5,
          "level" : "clean",
          "providers" : {
            "rewriteObserved" : [
              {
                "count" : 5,
                "model" : "google/gemini-2.5-flash-lite",
                "path" : "openrouter"
              }
            ],
            "sttMode" : "batch",
            "sttObserved" : [
              {
                "count" : 5,
                "model" : "scribe_v2",
                "provider" : "ElevenLabs"
              }
            ]
          }
        },
        {
          "distributions" : {
            "encodeMs" : {
              "max" : 0,
              "min" : 0,
              "p50" : 0,
              "p95" : 0
            },
            "generationMs" : {
              "max" : 1938.5789632797241,
              "min" : 1142.1279907226562,
              "p50" : 1498.4121322631836,
              "p95" : 1856.978178024292
            },
            "pasteMs" : {
              "max" : 0.25200843811035156,
              "min" : 0.028967857360839844,
              "p50" : 0.03898143768310547,
              "p95" : 0.2154111862182617
            },
            "rewriteMs" : {
              "max" : 933.9779615402222,
              "min" : 456.9140672683716,
              "p50" : 551.7919063568115,
              "p95" : 929.5861721038818
            },
            "sttMs" : {
              "max" : 1041.498064994812,
              "min" : 608.0869436264038,
              "p50" : 646.8679904937744,
              "p95" : 1034.11865234375
            },
            "totalStageMs" : {
              "max" : 1938.8309717178345,
              "min" : 1142.1669721603394,
              "p50" : 1498.4411001205444,
              "p95" : 1857.1863889694214
            }
          },
          "iterations" : 5,
          "level" : "polish",
          "providers" : {
            "rewriteObserved" : [
              {
                "count" : 5,
                "model" : "x-ai/grok-4.1-fast",
                "path" : "openrouter"
              }
            ],
            "sttMode" : "batch",
            "sttObserved" : [
              {
                "count" : 5,
                "model" : "scribe_v2",
                "provider" : "ElevenLabs"
              }
            ]
          }
        }
      ]
    },
    {
      "audioBytes" : 427630,
      "audioFile" : "fixture-medium.caf",
      "fixtureID" : "fixture-medium",
      "levels" : [
        {
          "distributions" : {
            "encodeMs" : {
              "max" : 21.822094917297363,
              "min" : 18.126964569091797,
              "p50" : 20.931005477905273,
              "p95" : 21.7038631439209
            },
            "generationMs" : {
              "max" : 1469.4769382476807,
              "min" : 1069.2908763885498,
              "p50" : 1096.2141752243042,
              "p95" : 1398.116135597229
            },
            "pasteMs" : {
              "max" : 0.02396106719970703,
              "min" : 0.013947486877441406,
              "p50" : 0.015020370483398438,
              "p95" : 0.02276897430419922
            },
            "rewriteMs" : {
              "max" : 0,
              "min" : 0,
              "p50" : 0,
              "p95" : 0
            },
            "sttMs" : {
              "max" : 1448.5459327697754,
              "min" : 1048.8709211349487,
              "p50" : 1074.3920803070068,
              "p95" : 1377.7459383010864
            },
            "totalStageMs" : {
              "max" : 1469.4918394088745,
              "min" : 1069.3058967590332,
              "p50" : 1096.238136291504,
              "p95" : 1398.1308460235596
            }
          },
          "iterations" : 5,
          "level" : "raw",
          "providers" : {
            "sttMode" : "batch",
            "sttObserved" : [
              {
                "count" : 5,
                "model" : "scribe_v2",
                "provider" : "ElevenLabs"
              }
            ]
          }
        },
        {
          "distributions" : {
            "encodeMs" : {
              "max" : 37.574052810668945,
              "min" : 18.458962440490723,
              "p50" : 20.158052444458008,
              "p95" : 36.51423454284668
            },
            "generationMs" : {
              "max" : 3618.8149452209473,
              "min" : 1545.5321073532104,
              "p50" : 1572.5069046020508,
              "p95" : 3281.416153907776
            },
            "pasteMs" : {
              "max" : 0.0730752944946289,
              "min" : 0.025033950805664062,
              "p50" : 0.028967857360839844,
              "p95" : 0.06644725799560547
            },
            "rewriteMs" : {
              "max" : 2082.0000171661377,
              "min" : 432.1099519729614,
              "p50" : 481.8929433822632,
              "p95" : 1771.4898109436033
            },
            "sttMs" : {
              "max" : 1504.539966583252,
              "min" : 995.9250688552856,