{
  "audioBytes" : 558044,
  "audioFile" : "2 fixtures",
  "commitSHA" : "169e2dc0b0513364ae57c58c9bd7cb1bf082aa32",
  "fixtureResults" : [
    {
      "audioBytes" : 130414,
      "audioFile" : "fixture-short.caf",
      "fixtureID" : "fixture-short",
      "levels" : [
        {
          "distributions" : {
            "encodeMs" : {
              "max" : 0,
              "min" : 0,
              "p50" : 0,
              "p95" : 0
            },
            "generationMs" : {
              "max" : 713.575005531311,
              "min" : 571.5429782867432,
              "p50" : 604.4679880142212,
              "p95" : 713.4576082229614
            },
            "pasteMs" : {
              "max" : 0.22900104522705078,
              "min" : 0.01800060272216797,
              "p50" : 0.10800361633300781,
              "p95" : 0.20558834075927734
            },
            "rewriteMs" : {
              "max" : 0,
              "min" : 0,
              "p50" : 0,
              "p95" : 0
            },
            "sttMs" : {
              "max" : 713.575005531311,
              "min" : 571.5429782867432,
              "p50" : 604.4679880142212,
              "p95" : 713.4576082229614
            },
            "totalStageMs" : {
              "max" : 713.683009147644,
              "min" : 571.7719793319702,
              "p50" : 604.5799255371094,
              "p95" : 713.5655879974365
            }
          },
          "iterations" : 5,
          "level" : "raw",
          "providers" : {
            "sttMode" : "batch",
            "sttObserved" : [
              {
                "count" : 5,
                "model" : "scribe_v2",
                "provider" : "ElevenLabs"
              }
            ]
          }
        },
        {
          "distributions" : {
            "encodeMs" : {
              "max" : 0,
              "min" : 0,
              "p50" : 0,
              "p95" : 0
            },
            "generationMs" : {
              "max" : 1350.5429029464722,
              "min" : 915.4859781265259,
              "p50" : 1044.9130535125732,
              "p95" : 1325.1191139221191
            },
            "pasteMs" : {
              "max" : 0.3490447998046875,
              "min" : 0.054001808166503906,
              "p50" : 0.09202957153320312,
              "p95" : 0.3020524978637695
            },
            "rewriteMs" : {
              "max" : 435.1290464401245,
              "min" : 347.554087638855,
              "p50" : 387.01796531677246,
              "p95" : 432.51261711120605
            },
            "sttMs" : {
              "max" : 928.4960031509399,
              "min" : 555.3290843963623,
              "p50" : 640.1380300521851,
              "p95" : 910.0780010223389
            },
            "totalStageMs" : {
              "max" : 1350.6349325180054,
              "min" : 915.8350229263306,
              "p50" : 1044.9670553207397,
              "p95" : 1325.2053260803223
            }
          },
          "iterations" : 5,
          "level" : "clean",
          "providers" : {
            "rewriteObserved" : [
              {
                "count" : 5,
                "model" : "google/gemini-2.5-flash-lite",
                "path" : "openrouter"
              }
            ],
            "sttMode" : "batch",
            "sttObserved" : [
              {
                "count" : 5,
                "model" : "scribe_v2",
                "provider" : "ElevenLabs"
              }
            ]
          }
        },
        {
          "distributions" : {
            "encodeMs" : {
              "max" : 0,
              "min" : 0,
              "p50" : 0,
              "p95" : 0
            },
            "generationMs" : {
              "max" : 1105.0950288772583,
              "min" : 984.9379062652588,
              "p50" : 1007.810115814209,
              "p95" : 1095.7046270370483
            },
            "pasteMs" : {
              "max" : 0.5990266799926758,
              "min" : 0.06496906280517578,
              "p50" : 0.06604194641113281,
              "p95" : 0.5398273468017578
            },
            "rewriteMs" : {
              "max" : 495.2120780944824,
              "min" : 376.19197368621826,
              "p50" : 454.68103885650635,
              "p95" : 489.41266536712646
            },
            "sttMs" : {
              "max" : 609.8829507827759,
              "min" : 541.5951013565063,
              "p50" : 603.4619808197021,
              "p95" : 609.6555471420288
            },
            "totalStageMs" : {
              "max" : 1105.1610708236694,
              "min" : 985.2409362792969,
              "p50" : 1007.8761577606201,
              "p95" : 1095.8772659301758
            }
          },
          "iterations" : 5,
          "level" : "polish",
          "providers" : {
            "rewriteObserved" : [
              {
                "count" : 5,
                "model" : "x-ai/grok-4.1-fast",
                "path" : "openrouter"
              }
            ],
            "sttMode" : "batch",
            "sttObserved" : [
              {
                "count" : 5,
                "model" : "scribe_v2",
                "provider" : "ElevenLabs"
              }
            ]
          }
        }
      ]
    },
    {
      "audioBytes" : 427630,
      "audioFile" : "fixture-medium.caf",
      "fixtureID" : "fixture-medium",
      "levels" : [
        {
          "distributions" : {
            "encodeMs" : {
              "max" : 43.98703575134277,
              "min" : 22.788047790527344,
              "p50" : 31.75199031829834,
              "p95" : 43.26884746551514
            },
            "generationMs" : {
              "max" : 1613.700032234192,
              "min" : 1093.701958656311,
              "p50" : 1115.402102470398,
              "p95" : 1584.3608617782593
            },
            "pasteMs" : {
              "max" : 0.49495697021484375,
              "min" : 0.013947486877441406,
              "p50" : 0.07796287536621094,
              "p95" : 0.47397613525390625
            },
            "rewriteMs" : {
              "max" : 0,
              "min" : 0,
              "p50" : 0,
              "p95" : 0
            },
            "sttMs" : {
              "max" : 1590.9119844436646,
              "min" : 1049.7149229049683,
              "p50" : 1087.0120525360107,
              "p95" : 1558.0512046813965
            },
            "totalStageMs" : {
              "max" : 1613.777995109558,
              "min" : 1094.0920114517212,
              "p50" : 1115.4160499572754,
              "p95" : 1584.4274520874023
            }
          },
          "iterations" : 5,
          "level" : "raw",
          "providers" : {
            "sttMode" : "batch",
            "sttObserved" : [
              {
                "count" : 5,
                "model" : "scribe_v2",
                "provider" : "ElevenLabs"
              }
            ]
          }
        },
        {
          "distributions" : {
            "encodeMs" : {
              "max" : 34.55698490142822,
              "min" : 23.614048957824707,
              "p50" : 32.24003314971924,
              "p95" : 34.33239459991455
            },
            "generationMs" : {
              "max" : 1647.6309299468994,
              "min" : 1471.6750383377075,
              "p50" : 1500.390887260437,
              "p95" : 1635.3343486785889
            },
            "pasteMs" : {
              "max" : 0.10502338409423828,
              "min" : 0.09000301361083984,
              "p50" : 0.10097026824951172,
              "p95" : 0.10442733764648438
            },
            "rewriteMs" : {
              "max" : 450.32799243927,
              "min" : 367.7009344100952,
              "p50" : 398.24795722961426,
              "p95" : 443.6333894729614
            },
            "sttMs" : {
              "max" : 1196.2189674377441,
              "min" : 987.9130125045776,