{
  "audioBytes" : 558044,
  "audioFile" : "2 fixtures",
  "commitSHA" : "169e2dc0b0513364ae57c58c9bd7cb1bf082aa32",
  "fixtureResults" : [
    {
      "audioBytes" : 130414,
      "audioFile" : "fixture-short.caf",
      "fixtureID" : "fixture-short",
      "levels" : [
        {
          "distributions" : {
            "encodeMs" : {
              "max" : 0,
              "min" : 0,
              "p50" : 0,
              "p95" : 0
            },
            "generationMs" : {
              "max" : 118.10290813446045,
              "min" : 101.44400596618652,
              "p50" : 110.89909076690674,
              "p95" : 116.80991649627686
            },
            "pasteMs" : {
              "max" : 0.12600421905517578,
              "min" : 0.06198883056640625,
              "p50" : 0.08404254913330078,
              "p95" : 0.1199960708618164
            },
            "rewriteMs" : {
              "max" : 0,
              "min" : 0,
              "p50" : 0,
              "p95" : 0
            },
            "sttMs" : {
              "max" : 118.10290813446045,
              "min" : 101.44400596618652,
              "p50" : 110.89909076690674,
              "p95" : 116.80991649627686
            },
            "totalStageMs" : {
              "max" : 118.16489696502686,
              "min" : 101.52804851531982,
              "p50" : 111.02509498596191,
              "p95" : 116.87870025634766
            }
          },
          "iterations" : 5,
          "level" : "raw",
          "providers" : {
            "sttMode" : "mock",
            "sttObserved" : [
              {
                "count" : 5,
                "model" : "fixed-delay-v1",
                "provider" : "DeterministicSTT"
              }
            ]
          }
        },
        {
          "distributions" : {
            "encodeMs" : {
              "max" : 0,
              "min" : 0,
              "p50" : 0,
              "p95" : 0
            },
            "generationMs" : {
              "max" : 407.54997730255127,
              "min" : 286.13996505737305,
              "p50" : 352.1559238433838,
              "p95" : 406.08599185943604
            },
            "pasteMs" : {
              "max" : 0.14901161193847656,
              "min" : 0.07998943328857422,
              "p50" : 0.12302398681640625,
              "p95" : 0.14619827270507812
            },
            "rewriteMs" : {
              "max" : 259.2710256576538,
              "min" : 107.077956199646,
              "p50" : 173.88391494750977,
              "p95" : 251.12102031707764
            },
            "sttMs" : {
              "max" : 200.484037399292,
              "min" : 148.27895164489746,
              "p50" : 179.06200885772705,
              "p95" : 196.72904014587402
            },
            "totalStageMs" : {
              "max" : 407.69898891448975,
              "min" : 286.25595569610596,
              "p50" : 352.2789478302002,
              "p95" : 406.22119903564453
            }
          },
          "iterations" : 5,
          "level" : "clean",
          "providers" : {
            "rewriteObserved" : [
              {
                "count" : 5,
                "model" : "gemini-2.5-flash-lite",
                "path" : "deterministic"
              }
            ],
            "sttMode" : "mock",
            "sttObserved" : [
              {
                "count" : 5,
                "model" : "fixed-delay-v1",
                "provider" : "DeterministicSTT"
              }
            ]
          }
        },
        {
          "distributions" : {
            "encodeMs" : {
              "max" : 0,
              "min" : 0,
              "p50" : 0,
              "p95" : 0
            },
            "generationMs" : {
              "max" : 390.6501531600952,
              "min" : 276.8961191177368,
              "p50" : 349.4609594345093,
              "p95" : 390.4491186141968
            },
            "pasteMs" : {
              "max" : 0.186920166015625,
              "min" : 0.0749826431274414,
              "p50" : 0.08702278137207031,
              "p95" : 0.17054080963134766
            },
            "rewriteMs" : {
              "max" : 271.50797843933105,
              "min" : 160.52007675170898,
              "p50" : 214.59603309631348,
              "p95" : 270.0284004211426
            },
            "sttMs" : {
              "max" : 163.99407386779785,
              "min" : 62.30008602142334,
              "p50" : 126.54006481170654,
              "p95" : 163.23785781860352
            },
            "totalStageMs" : {
              "max" : 390.7262086868286,
              "min" : 277.08303928375244,
              "p50" : 349.5359420776367,
              "p95" : 390.53096771240234
            }
          },
          "iterations" : 5,
          "level" : "polish",
          "providers" : {
            "rewriteObserved" : [
              {
                "count" : 5,
                "model" : "x-ai/grok-4.1-fast",
                "path" : "deterministic"
              }
            ],
            "sttMode" : "mock",
            "sttObserved" : [
              {
                "count" : 5,
                "model" : "fixed-delay-v1",
                "provider" : "DeterministicSTT"
              }
            ]
          }
        }
      ]
    },
    {
      "audioBytes" : 427630,
      "audioFile" : "fixture-medium.caf",
      "fixtureID" : "fixture-medium",
      "levels" : [
        {
          "distributions" : {
            "encodeMs" : {
              "max" : 0,
              "min" : 0,
              "p50" : 0,
              "p95" : 0
            },
            "generationMs" : {
              "max" : 210.25800704956055,
              "min" : 102.15699672698975,
              "p50" : 180.75692653656006,
              "p95" : 209.9071979522705
            },
            "pasteMs" : {
              "max" : 0.102996826171875,
              "min" : 0.054955482482910156,
              "p50" : 0.07390975952148438,
              "p95" : 0.10139942169189453
            },
            "rewriteMs" : {
              "max" : 0,
              "min" : 0,
              "p50" : 0,
              "p95" : 0
            },
            "sttMs" : {
              "max" : 210.25800704956055,
              "min" : 102.15699672698975,
              "p50" : 180.75692653656006,
              "p95" : 209.9071979522705
            },
            "totalStageMs" : {
              "max" : 210.35301685333252,
              "min" : 102.23090648651123,
              "p50" : 180.85992336273193,
              "p95" : 209.99760627746582
            }
          },
          "iterations" : 5,
          "level" : "raw",
          "providers" : {
            "sttMode" : "mock",
            "sttObserved" : [
              {
                "count" : 5,
                "model" : "fixed-delay-v1",
                "provider" : "DeterministicSTT"
              }
            ]
          }
        },
        {
          "distributions" : {
            "encodeMs" : {
              "max" : 0,
              "min" : 0,
              "p50" : 0,
              "p95" : 0
            },
            "generationMs" : {
              "max" : 454.1369676589966,
              "min" : 223.91998767852783,
              "p50" : 264.06097412109375,
              "p95" : 430.86416721343994
            },
            "pasteMs" : {
              "max" : 0.17404556274414062,
              "min" : 0.07891654968261719,
              "p50" : 0.08404254913330078,
              "p95" : 0.15964508056640625
            },
            "rewriteMs" : {
              "max" : 254.81700897216797,
              "min" : 116.31894111633301,
              "p50" : 149.60002899169922,
              "p95" : 233.99181365966797
            },
            "sttMs" : {
              "max" : 220.4040288925171,
              "min" : 73.22895526885986,
              "p50" : 147.74203300476074,