{
  "audioBytes" : 558044,
  "audioFile" : "2 fixtures",
  "commitSHA" : "a242529c81c05133c07f82f530cdef29f6904aa7",
  "fixtureResults" : [
    {
      "audioBytes" : 130414,
      "audioFile" : "fixture-short.caf",
      "fixtureID" : "fixture-short",
      "levels" : [
        {
          "distributions" : {
            "encodeMs" : {
              "max" : 0,
              "min" : 0,
              "p50" : 0,
              "p95" : 0
            },
            "generationMs" : {
              "max" : 615.9669160842896,
              "min" : 552.0380735397339,
              "p50" : 607.5190305709839,
              "p95" : 614.9799346923828
            },
            "pasteMs" : {
              "max" : 0.16701221466064453,
              "min" : 0.008940696716308594,
              "p50" : 0.016927719116210938,
              "p95" : 0.13740062713623044
            },
            "rewriteMs" : {
              "max" : 0,
              "min" : 0,
              "p50" : 0,
              "p95" : 0
            },
            "sttMs" : {
              "max" : 615.9669160842896,
              "min" : 552.0380735397339,
              "p50" : 607.5190305709839,
              "p95" : 614.9799346923828
            },
            "totalStageMs" : {
              "max" : 615.9858703613281,
              "min" : 552.0470142364502,
              "p50" : 607.6860427856445,
              "p95" : 614.9968862533569
            }
          },
          "iterations" : 5,
          "level" : "raw",
          "providers" : {
            "sttMode" : "batch",
            "sttObserved" : [
              {
                "count" : 5,
                "model" : "scribe_v2",
                "provider" : "ElevenLabs"
              }
            ]
          }
        },
        {
          "distributions" : {
            "encodeMs" : {
              "max" : 0,
              "min" : 0,
              "p50" : 0,
              "p95" : 0
            },
            "generationMs" : {
              "max" : 2352.2340059280396,
              "min" : 1134.4279050827026,
              "p50" : 1234.071969985962,
              "p95" : 2160.7808113098145
            },
            "pasteMs" : {
              "max" : 0.26595592498779297,
              "min" : 0.02396106719970703,
              "p50" : 0.08404254913330078,
              "p95" : 0.25336742401123047
            },
            "rewriteMs" : {
              "max" : 1679.069995880127,
              "min" : 529.3549299240112,
              "p50" : 634.5269680023193,
              "p95" : 1504.9011945724487
            },
            "sttMs" : {
              "max" : 673.1640100479126,
              "min" : 586.7420434951782,
              "p50" : 599.5450019836426,
              "p95" : 659.5458030700684
            },
            "totalStageMs" : {
              "max" : 2352.2579669952393,
              "min" : 1134.6309185028076,
              "p50" : 1234.1159582138062,
              "p95" : 2160.816788673401
            }
          },
          "iterations" : 5,
          "level" : "clean",
          "providers" : {
            "rewriteObserved" : [
              {
                "count" : 5,
                "model" : "google/gemini-2.5-flash-lite",
                "path" : "openrouter"
              }
            ],
            "sttMode" : "batch",
            "sttObserved" : [
              {
                "count" : 5,
                "model" : "scribe_v2",
                "provider" : "ElevenLabs"
              }
            ]
          }
        },
        {
          "distributions" : {
            "encodeMs" : {
              "max" : 0,
              "min" : 0,
              "p50" : 0,
              "p95" : 0
            },
            "generationMs" : {
              "max" : 1905.0920009613037,
              "min" : 975.0940799713135,
              "p50" : 1317.762017250061,
              "p95" : 1849.4439840316772
            },
            "pasteMs" : {
              "max" : 0.2371072769165039,
              "min" : 0.06103515625,
              "p50" : 0.0730752944946289,
              "p95" : 0.2066850662231445
            },
            "rewriteMs" : {
              "max" : 1185.5379343032837,
              "min" : 387.7410888671875,
              "p50" : 579.8219442367554,
              "p95" : 1139.2277479171753
            },
            "sttMs" : {
              "max" : 742.3570156097412,
              "min" : 587.352991104126,
              "p50" : 672.8649139404297,
              "p95" : 737.796425819397
            },
            "totalStageMs" : {
              "max" : 1905.1530361175537,
              "min" : 975.1790761947632,
              "p50" : 1317.8260326385498,
              "p95" : 1849.5074272155762
            }
          },
          "iterations" : 5,
          "level" : "polish",
          "providers" : {
            "rewriteObserved" : [
              {
                "count" : 5,
                "model" : "google/gemini-2.5-flash-lite",
                "path" : "openrouter"
              }
            ],
            "sttMode" : "batch",
            "sttObserved" : [
              {
                "count" : 5,
                "model" : "scribe_v2",
                "provider" : "ElevenLabs"
              }
            ]
          }
        }
      ]
    },
    {
      "audioBytes" : 427630,
      "audioFile" : "fixture-medium.caf",
      "fixtureID" : "fixture-medium",
      "levels" : [
        {
          "distributions" : {
            "encodeMs" : {
              "max" : 0.025033950805664062,
              "min" : 0.0029802322387695312,
              "p50" : 0.0029802322387695312,
              "p95" : 0.020813941955566403
            },
            "generationMs" : {
              "max" : 4778.93590927124,
              "min" : 1071.7439651489258,
              "p50" : 1218.9910411834717,
              "p95" : 4081.0133457183833
            },
            "pasteMs" : {
              "max" : 0.7270574569702148,
              "min" : 0.013947486877441406,
              "p50" : 0.03802776336669922,
              "p95" : 0.6018638610839843
            },
            "rewriteMs" : {
              "max" : 0,
              "min" : 0,
              "p50" : 0,
              "p95" : 0
            },
            "sttMs" : {
              "max" : 4778.9329290390015,
              "min" : 1071.7400312423706,
              "p50" : 1218.966007232666,
              "p95" : 4081.0103654861446
            },
            "totalStageMs" : {
              "max" : 4779.036998748779,
              "min" : 1071.7579126358032,
              "p50" : 1219.718098640442,
              "p95" : 4081.0981988906856
            }
          },
          "iterations" : 5,
          "level" : "raw",
          "providers" : {
            "sttMode" : "batch",
            "sttObserved" : [
              {
                "count" : 5,
                "model" : "scribe_v2",
                "provider" : "ElevenLabs"
              }
            ]
          }
        },
        {
          "distributions" : {
            "encodeMs" : {
              "max" : 0.009059906005859375,
              "min" : 0.0029802322387695312,
              "p50" : 0.0040531158447265625,
              "p95" : 0.008440017700195312
            },
            "generationMs" : {
              "max" : 1996.7410564422607,
              "min" : 1676.6999959945679,
              "p50" : 1820.9378719329834,
              "p95" : 1992.2916650772095
            },
            "pasteMs" : {
              "max" : 0.10192394256591797,
              "min" : 0.03695487976074219,
              "p50" : 0.04696846008300781,
              "p95" : 0.09732246398925781
            },
            "rewriteMs" : {
              "max" : 809.7879886627197,
              "min" : 548.8109588623047,
              "p50" : 688.7840032577515,
              "p95" : 788.3127927780151
            },
            "sttMs" : {
              "max" : 1294.3260669708252,