{
  "audioBytes" : 558044,
  "audioFile" : "2 fixtures",
  "commitSHA" : "464cab9fff107927d821a571cea99dc2f30ed926",
  "fixtureResults" : [
    {
      "audioBytes" : 130414,
      "audioFile" : "fixture-short.caf",
      "fixtureID" : "fixture-short",
      "levels" : [
        {
          "distributions" : {
            "encodeMs" : {
              "max" : 0,
              "min" : 0,
              "p50" : 0,
              "p95" : 0
            },
            "generationMs" : {
              "max" : 656.0570001602173,
              "min" : 547.2019910812378,
              "p50" : 582.0050239562988,
              "p95" : 643.1877851486206
            },
            "pasteMs" : {
              "max" : 1.9489526748657227,
              "min" : 0.019073486328125,
              "p50" : 0.051975250244140625,
              "p95" : 1.581764221191406
            },
            "rewriteMs" : {
              "max" : 0,
              "min" : 0,
              "p50" : 0,
              "p95" : 0
            },
            "sttMs" : {
              "max" : 656.0570001602173,
              "min" : 547.2019910812378,
              "p50" : 582.0050239562988,
              "p95" : 643.1877851486206
            },
            "totalStageMs" : {
              "max" : 656.0800075531006,
              "min" : 547.3150014877319,
              "p50" : 583.9539766311646,
              "p95" : 643.2100057601929
            }
          },
          "iterations" : 5,
          "level" : "raw",
          "providers" : {
            "sttMode" : "batch",
            "sttObserved" : [
              {
                "count" : 5,
                "model" : "scribe_v2",
                "provider" : "ElevenLabs"
              }
            ]
          }
        },
        {
          "distributions" : {
            "encodeMs" : {
              "max" : 0,
              "min" : 0,
              "p50" : 0,
              "p95" : 0
            },
            "generationMs" : {
              "max" : 2862.407922744751,
              "min" : 1072.7039575576782,
              "p50" : 1156.0399532318115,
              "p95" : 2543.405532836914
            },
            "pasteMs" : {
              "max" : 0.08499622344970703,
              "min" : 0.030994415283203125,
              "p50" : 0.06592273712158203,
              "p95" : 0.08437633514404297
            },
            "rewriteMs" : {
              "max" : 2332.3179483413696,
              "min" : 496.50704860687256,
              "p50" : 572.3209381103516,
              "p95" : 2011.1329555511472
            },
            "sttMs" : {
              "max" : 594.3599939346313,
              "min" : 530.0899744033813,
              "p50" : 541.6690111160278,
              "p95" : 592.2317981719971
            },
            "totalStageMs" : {
              "max" : 2862.446904182434,
              "min" : 1072.788953781128,
              "p50" : 1156.0709476470947,
              "p95" : 2543.453097343445
            }
          },
          "iterations" : 5,
          "level" : "clean",
          "providers" : {
            "rewriteObserved" : [
              {
                "count" : 5,
                "model" : "google/gemini-2.5-flash-lite",
                "path" : "openrouter"
              }
            ],
            "sttMode" : "batch",
            "sttObserved" : [
              {
                "count" : 5,
                "model" : "scribe_v2",
                "provider" : "ElevenLabs"
              }
            ]
          }
        },
        {
          "distributions" : {
            "encodeMs" : {
              "max" : 0,
              "min" : 0,
              "p50" : 0,
              "p95" : 0
            },
            "generationMs" : {
              "max" : 1743.7129020690918,
              "min" : 1203.7039995193481,
              "p50" : 1345.2808856964111,
              "p95" : 1670.6143140792847
            },
            "pasteMs" : {
              "max" : 0.9559392929077148,
              "min" : 0.025987625122070312,
              "p50" : 0.3660917282104492,
              "p95" : 0.8661508560180664
            },
            "rewriteMs" : {
              "max" : 712.3249769210815,
              "min" : 436.2369775772095,
              "p50" : 679.9600124359131,
              "p95" : 710.2879762649536
            },
            "sttMs" : {
              "max" : 1307.4759244918823,
              "min" : 566.7610168457031,
              "p50" : 632.9559087753296,
              "p95" : 1181.1967372894287
            },
            "totalStageMs" : {
              "max" : 1743.7388896942139,
              "min" : 1204.0700912475586,
              "p50" : 1345.7878828048706,
              "p95" : 1670.645523071289
            }
          },
          "iterations" : 5,
          "level" : "polish",
          "providers" : {
            "rewriteObserved" : [
              {
                "count" : 5,
                "model" : "google/gemini-2.5-flash-lite",
                "path" : "openrouter"
              }
            ],
            "sttMode" : "batch",
            "sttObserved" : [
              {
                "count" : 5,
                "model" : "scribe_v2",
                "provider" : "ElevenLabs"
              }
            ]
          }
        }
      ]
    },
    {
      "audioBytes" : 427630,
      "audioFile" : "fixture-medium.caf",
      "fixtureID" : "fixture-medium",
      "levels" : [
        {
          "distributions" : {
            "encodeMs" : {
              "max" : 0.015020370483398438,
              "min" : 0.0029802322387695312,
              "p50" : 0.007987022399902344,
              "p95" : 0.014615058898925781
            },
            "generationMs" : {
              "max" : 1289.0520095825195,
              "min" : 974.7140407562256,
              "p50" : 1036.2969636917114,
              "p95" : 1248.2814073562622
            },
            "pasteMs" : {
              "max" : 0.1100301742553711,
              "min" : 0.01704692840576172,
              "p50" : 0.0209808349609375,
              "p95" : 0.0954151153564453
            },
            "rewriteMs" : {
              "max" : 0,
              "min" : 0,
              "p50" : 0,
              "p95" : 0
            },
            "sttMs" : {
              "max" : 1289.044976234436,
              "min" : 974.7010469436646,
              "p50" : 1036.2939834594727,
              "p95" : 1248.2727766036987
            },
            "totalStageMs" : {
              "max" : 1289.0700101852417,
              "min" : 974.7509956359863,
              "p50" : 1036.4069938659668,
              "p95" : 1248.299217224121
            }
          },
          "iterations" : 5,
          "level" : "raw",
          "providers" : {
            "sttMode" : "batch",
            "sttObserved" : [
              {
                "count" : 5,
                "model" : "scribe_v2",
                "provider" : "ElevenLabs"
              }
            ]
          }
        },
        {
          "distributions" : {
            "encodeMs" : {
              "max" : 0.012993812561035156,
              "min" : 0.0020265579223632812,
              "p50" : 0.0040531158447265625,
              "p95" : 0.011205673217773436
            },
            "generationMs" : {
              "max" : 2437.8520250320435,
              "min" : 1537.8831624984741,
              "p50" : 1775.5460739135742,
              "p95" : 2418.305230140686
            },
            "pasteMs" : {
              "max" : 0.12302398681640625,
              "min" : 0.033974647521972656,
              "p50" : 0.03910064697265625,
              "p95" : 0.11222362518310547
            },
            "rewriteMs" : {
              "max" : 1218.248963356018,
              "min" : 439.2610788345337,
              "p50" : 751.0120868682861,
              "p95" : 1197.6305723190308
            },
            "sttMs" : {
              "max" : 1322.6929903030396,