{
  "audioBytes" : 558044,
  "audioFile" : "2 fixtures",
  "commitSHA" : "3080bd78349477d51e09a3f14d06546a66f4b2d3",
  "fixtureResults" : [
    {
      "audioBytes" : 130414,
      "audioFile" : "fixture-short.caf",
      "fixtureID" : "fixture-short",
      "levels" : [
        {
          "distributions" : {
            "encodeMs" : {
              "max" : 0,
              "min" : 0,
              "p50" : 0,
              "p95" : 0
            },
            "generationMs" : {
              "max" : 123.98397922515869,
              "min" : 90.92402458190918,
              "p50" : 105.8109998703003,
              "p95" : 123.27158451080322
            },
            "pasteMs" : {
              "max" : 0.07605552673339844,
              "min" : 0.025033950805664062,
              "p50" : 0.04601478576660156,
              "p95" : 0.07205009460449219
            },
            "rewriteMs" : {
              "max" : 0,
              "min" : 0,
              "p50" : 0,
              "p95" : 0
            },
            "sttMs" : {
              "max" : 123.98397922515869,
              "min" : 90.92402458190918,
              "p50" : 105.8109998703003,
              "p95" : 123.27158451080322
            },
            "totalStageMs" : {
              "max" : 124.00901317596436,
              "min" : 91.00008010864258,
              "p50" : 105.8570146560669,
              "p95" : 123.29943180084229
            }
          },
          "iterations" : 5,
          "level" : "raw",
          "providers" : {
            "sttMode" : "mock",
            "sttObserved" : [
              {
                "count" : 5,
                "model" : "fixed-delay-v1",
                "provider" : "DeterministicSTT"
              }
            ]
          }
        },
        {
          "distributions" : {
            "encodeMs" : {
              "max" : 0,
              "min" : 0,
              "p50" : 0,
              "p95" : 0
            },
            "generationMs" : {
              "max" : 196.07293605804443,
              "min" : 178.28500270843506,
              "p50" : 184.48293209075928,
              "p95" : 193.95875930786133
            },
            "pasteMs" : {
              "max" : 0.1779794692993164,
              "min" : 0.05698204040527344,
              "p50" : 0.13208389282226562,
              "p95" : 0.1705646514892578
            },
            "rewriteMs" : {
              "max" : 124.49407577514648,
              "min" : 102.46503353118896,
              "p50" : 115.21697044372559,
              "p95" : 123.91185760498047
            },
            "sttMs" : {
              "max" : 82.43894577026367,
              "min" : 61.00797653198242,
              "p50" : 65.57095050811768,
              "p95" : 81.11515045166016
            },
            "totalStageMs" : {
              "max" : 196.1299180984497,
              "min" : 178.38096618652344,
              "p50" : 184.6238374710083,
              "p95" : 194.0399408340454
            }
          },
          "iterations" : 5,
          "level" : "clean",
          "providers" : {
            "rewriteObserved" : [
              {
                "count" : 5,
                "model" : "gemini-2.5-flash-lite",
                "path" : "deterministic"
              }
            ],
            "sttMode" : "mock",
            "sttObserved" : [
              {
                "count" : 5,
                "model" : "fixed-delay-v1",
                "provider" : "DeterministicSTT"
              }
            ]
          }
        },
        {
          "distributions" : {
            "encodeMs" : {
              "max" : 0,
              "min" : 0,
              "p50" : 0,
              "p95" : 0
            },
            "generationMs" : {
              "max" : 310.0639581680298,
              "min" : 245.85306644439697,
              "p50" : 293.2330369949341,
              "p95" : 309.21757221221924
            },
            "pasteMs" : {
              "max" : 0.1690387725830078,
              "min" : 0.05996227264404297,
              "p50" : 0.09298324584960938,
              "p95" : 0.1644134521484375
            },
            "rewriteMs" : {
              "max" : 201.16007328033447,
              "min" : 179.89099025726318,
              "p50" : 190.76800346374512,
              "p95" : 199.49145317077637
            },
            "sttMs" : {
              "max" : 120.71394920349121,
              "min" : 65.96207618713379,
              "p50" : 92.07296371459961,
              "p95" : 119.58396434783936
            },
            "totalStageMs" : {
              "max" : 310.1569414138794,
              "min" : 245.91302871704102,
              "p50" : 293.37894916534424,
              "p95" : 309.3257665634155
            }
          },
          "iterations" : 5,
          "level" : "polish",
          "providers" : {
            "rewriteObserved" : [
              {
                "count" : 5,
                "model" : "gemini-2.5-flash-lite",
                "path" : "deterministic"
              }
            ],
            "sttMode" : "mock",
            "sttObserved" : [
              {
                "count" : 5,
                "model" : "fixed-delay-v1",
                "provider" : "DeterministicSTT"
              }
            ]
          }
        }
      ]
    },
    {
      "audioBytes" : 427630,
      "audioFile" : "fixture-medium.caf",
      "fixtureID" : "fixture-medium",
      "levels" : [
        {
          "distributions" : {
            "encodeMs" : {
              "max" : 0,
              "min" : 0,
              "p50" : 0,
              "p95" : 0
            },
            "generationMs" : {
              "max" : 132.4141025543213,
              "min" : 86.2579345703125,
              "p50" : 113.7770414352417,
              "p95" : 128.86028289794922
            },
            "pasteMs" : {
              "max" : 0.06306171417236328,
              "min" : 0.025987625122070312,
              "p50" : 0.05698204040527344,
              "p95" : 0.06284713745117188
            },
            "rewriteMs" : {
              "max" : 0,
              "min" : 0,
              "p50" : 0,
              "p95" : 0
            },
            "sttMs" : {
              "max" : 132.4141025543213,
              "min" : 86.2579345703125,
              "p50" : 113.7770414352417,
              "p95" : 128.86028289794922
            },
            "totalStageMs" : {
              "max" : 132.47716426849365,
              "min" : 86.31491661071777,
              "p50" : 113.81995677947998,
              "p95" : 128.9231300354004
            }
          },
          "iterations" : 5,
          "level" : "raw",
          "providers" : {
            "sttMode" : "mock",
            "sttObserved" : [
              {
                "count" : 5,
                "model" : "fixed-delay-v1",
                "provider" : "DeterministicSTT"
              }
            ]
          }
        },
        {
          "distributions" : {
            "encodeMs" : {
              "max" : 0,
              "min" : 0,
              "p50" : 0,
              "p95" : 0
            },
            "generationMs" : {
              "max" : 260.11013984680176,
              "min" : 168.6549186706543,
              "p50" : 197.34597206115723,
              "p95" : 247.84948825836182
            },
            "pasteMs" : {
              "max" : 0.11897087097167969,
              "min" : 0.07903575897216797,
              "p50" : 0.09799003601074219,
              "p95" : 0.11758804321289062
            },
            "rewriteMs" : {
              "max" : 169.5030927658081,
              "min" : 101.18591785430908,
              "p50" : 116.58895015716553,
              "p95" : 159.5444679260254
            },
            "sttMs" : {
              "max" : 90.60704708099365,
              "min" : 67.46900081634521,
              "p50" : 81.0920000076294,
              "p95" : 88.92922401428223
            },