{
  "audioBytes" : 558044,
  "audioFile" : "2 fixtures",
  "commitSHA" : "3080bd78349477d51e09a3f14d06546a66f4b2d3",
  "fixtureResults" : [
    {
      "audioBytes" : 130414,
      "audioFile" : "fixture-short.caf",
      "fixtureID" : "fixture-short",
      "levels" : [
        {
          "distributions" : {
            "encodeMs" : {
              "max" : 0,
              "min" : 0,
              "p50" : 0,
              "p95" : 0
            },
            "generationMs" : {
              "max" : 879.6179294586182,
              "min" : 550.4099130630493,
              "p50" : 582.3439359664917,
              "p95" : 822.2835540771484
            },
            "pasteMs" : {
              "max" : 0.2110004425048828,
              "min" : 0.014066696166992188,
              "p50" : 0.051021575927734375,
              "p95" : 0.19741058349609375
            },
            "rewriteMs" : {
              "max" : 0,
              "min" : 0,
              "p50" : 0,
              "p95" : 0
            },
            "sttMs" : {
              "max" : 879.6179294586182,
              "min" : 550.4099130630493,
              "p50" : 582.3439359664917,
              "p95" : 822.2835540771484
            },
            "totalStageMs" : {
              "max" : 879.828929901123,
              "min" : 550.460934638977,
              "p50" : 582.3580026626587,
              "p95" : 822.4615573883057
            }
          },
          "iterations" : 5,
          "level" : "raw",
          "providers" : {
            "sttMode" : "batch",
            "sttObserved" : [
              {
                "count" : 5,
                "model" : "scribe_v2",
                "provider" : "ElevenLabs"
              }
            ]
          }
        },
        {
          "distributions" : {
            "encodeMs" : {
              "max" : 0,
              "min" : 0,
              "p50" : 0,
              "p95" : 0
            },
            "generationMs" : {
              "max" : 2334.861993789673,
              "min" : 1111.4779710769653,
              "p50" : 1474.4490385055542,
              "p95" : 2189.950370788574
            },
            "pasteMs" : {
              "max" : 1.0380744934082031,
              "min" : 0.031948089599609375,
              "p50" : 0.03898143768310547,
              "p95" : 0.8462667465209959
            },
            "rewriteMs" : {
              "max" : 1753.7109851837158,
              "min" : 535.4299545288086,
              "p50" : 863.5790348052979,
              "p95" : 1605.4459810256958
            },
            "sttMs" : {
              "max" : 610.8700037002563,
              "min" : 569.4690942764282,
              "p50" : 581.151008605957,
              "p95" : 608.2795858383179
            },
            "totalStageMs" : {
              "max" : 2335.900068283081,
              "min" : 1111.5100383758545,
              "p50" : 1474.4809865951538,
              "p95" : 2190.796637535095
            }
          },
          "iterations" : 5,
          "level" : "clean",
          "providers" : {
            "rewriteObserved" : [
              {
                "count" : 5,
                "model" : "google/gemini-2.5-flash-lite",
                "path" : "openrouter"
              }
            ],
            "sttMode" : "batch",
            "sttObserved" : [
              {
                "count" : 5,
                "model" : "scribe_v2",
                "provider" : "ElevenLabs"
              }
            ]
          }
        },
        {
          "distributions" : {
            "encodeMs" : {
              "max" : 0,
              "min" : 0,
              "p50" : 0,
              "p95" : 0
            },
            "generationMs" : {
              "max" : 1834.536075592041,
              "min" : 1546.8729734420776,
              "p50" : 1762.204885482788,
              "p95" : 1825.2318620681763
            },
            "pasteMs" : {
              "max" : 1.0429620742797852,
              "min" : 0.030040740966796875,
              "p50" : 0.1590251922607422,
              "p95" : 0.8853673934936522
            },
            "rewriteMs" : {
              "max" : 1165.153980255127,
              "min" : 745.8219528198242,
              "p50" : 1125.0489950180054,
              "p95" : 1162.7347707748413
            },
            "sttMs" : {
              "max" : 966.4009809494019,
              "min" : 603.518009185791,
              "p50" : 622.8610277175903,
              "p95" : 915.0182008743286
            },
            "totalStageMs" : {
              "max" : 1834.5820903778076,
              "min" : 1546.9030141830444,
              "p50" : 1762.4598741531372,
              "p95" : 1825.3004789352417
            }
          },
          "iterations" : 5,
          "level" : "polish",
          "providers" : {
            "rewriteObserved" : [
              {
                "count" : 5,
                "model" : "google/gemini-2.5-flash-lite",
                "path" : "openrouter"
              }
            ],
            "sttMode" : "batch",
            "sttObserved" : [
              {
                "count" : 5,
                "model" : "scribe_v2",
                "provider" : "ElevenLabs"
              }
            ]
          }
        }
      ]
    },
    {
      "audioBytes" : 427630,
      "audioFile" : "fixture-medium.caf",
      "fixtureID" : "fixture-medium",
      "levels" : [
        {
          "distributions" : {
            "encodeMs" : {
              "max" : 0.009059906005859375,
              "min" : 0.0029802322387695312,
              "p50" : 0.003933906555175781,
              "p95" : 0.008654594421386719
            },
            "generationMs" : {
              "max" : 1204.124927520752,
              "min" : 1095.8210229873657,
              "p50" : 1123.6541271209717,
              "p95" : 1194.2007541656494
            },
            "pasteMs" : {
              "max" : 0.17392635345458984,
              "min" : 0.015020370483398438,
              "p50" : 0.06103515625,
              "p95" : 0.15354156494140625
            },
            "rewriteMs" : {
              "max" : 0,
              "min" : 0,
              "p50" : 0,
              "p95" : 0
            },
            "sttMs" : {
              "max" : 1204.1219472885132,
              "min" : 1095.8139896392822,
              "p50" : 1123.6510276794434,
              "p95" : 1194.1965579986572
            },
            "totalStageMs" : {
              "max" : 1204.1648626327515,
              "min" : 1095.8360433578491,
              "p50" : 1123.8280534744263,
              "p95" : 1194.244909286499
            }
          },
          "iterations" : 5,
          "level" : "raw",
          "providers" : {
            "sttMode" : "batch",
            "sttObserved" : [
              {
                "count" : 5,
                "model" : "scribe_v2",
                "provider" : "ElevenLabs"
              }
            ]
          }
        },
        {
          "distributions" : {
            "encodeMs" : {
              "max" : 0.01800060272216797,
              "min" : 0.003933906555175781,
              "p50" : 0.0059604644775390625,
              "p95" : 0.01678466796875
            },
            "generationMs" : {
              "max" : 3292.1570539474487,
              "min" : 1954.550862312317,
              "p50" : 2075.123906135559,
              "p95" : 3239.6138191223145
            },
            "pasteMs" : {
              "max" : 0.07700920104980469,
              "min" : 0.030040740966796875,
              "p50" : 0.050067901611328125,
              "p95" : 0.07300376892089844
            },
            "rewriteMs" : {
              "max" : 2068.0660009384155,
              "min" : 963.0539417266846,
              "p50" : 1036.44597530365,
              "p95" : 1956.59339427948
            },
            "sttMs" : {
              "max" : 1518.731951713562,