{
  "audioBytes" : 558044,
  "audioFile" : "2 fixtures",
  "commitSHA" : "0309a2c3a08835ba5f2512fa66c00bdb998b78de",
  "fixtureResults" : [
    {
      "audioBytes" : 130414,
      "audioFile" : "fixture-short.caf",
      "fixtureID" : "fixture-short",
      "levels" : [
        {
          "distributions" : {
            "encodeMs" : {
              "max" : 0,
              "min" : 0,
              "p50" : 0,
              "p95" : 0
            },
            "generationMs" : {
              "max" : 503.2169818878174,
              "min" : 467.70191192626953,
              "p50" : 483.99102687835693,
              "p95" : 502.79219150543213
            },
            "pasteMs" : {
              "max" : 0.4030466079711914,
              "min" : 0.009894371032714844,
              "p50" : 0.033974647521972656,
              "p95" : 0.3358364105224609
            },
            "rewriteMs" : {
              "max" : 0,
              "min" : 0,
              "p50" : 0,
              "p95" : 0
            },
            "sttMs" : {
              "max" : 503.2169818878174,
              "min" : 467.70191192626953,
              "p50" : 483.99102687835693,
              "p95" : 502.79219150543213
            },
            "totalStageMs" : {
              "max" : 503.6200284957886,
              "min" : 467.76890754699707,
              "p50" : 484.00795459747314,
              "p95" : 503.1214237213135
            }
          },
          "iterations" : 5,
          "level" : "raw",
          "providers" : {
            "sttMode" : "batch",
            "sttObserved" : [
              {
                "count" : 5,
                "model" : "scribe_v2",
                "provider" : "ElevenLabs"
              }
            ]
          }
        },
        {
          "distributions" : {
            "encodeMs" : {
              "max" : 0,
              "min" : 0,
              "p50" : 0,
              "p95" : 0
            },
            "generationMs" : {
              "max" : 591.4530754089355,
              "min" : 506.3309669494629,
              "p50" : 518.1280374526978,
              "p95" : 580.854868888855
            },
            "pasteMs" : {
              "max" : 0.11897087097167969,
              "min" : 0.06496906280517578,
              "p50" : 0.11599063873291016,
              "p95" : 0.11897087097167969
            },
            "rewriteMs" : {
              "max" : 22.935032844543457,
              "min" : 17.773985862731934,
              "p50" : 18.302083015441895,
              "p95" : 22.14362621307373
            },
            "sttMs" : {
              "max" : 573.6790895462036,
              "min" : 487.35296726226807,
              "p50" : 499.82595443725586,
              "p95" : 562.0486736297607
            },
            "totalStageMs" : {
              "max" : 591.5690660476685,
              "min" : 506.39593601226807,
              "p50" : 518.2470083236694,
              "p95" : 580.9616565704346
            }
          },
          "iterations" : 5,
          "level" : "clean",
          "providers" : {
            "rewriteObserved" : [

            ],
            "sttMode" : "batch",
            "sttObserved" : [
              {
                "count" : 5,
                "model" : "scribe_v2",
                "provider" : "ElevenLabs"
              }
            ]
          }
        },
        {
          "distributions" : {
            "encodeMs" : {
              "max" : 0,
              "min" : 0,
              "p50" : 0,
              "p95" : 0
            },
            "generationMs" : {
              "max" : 535.9909534454346,
              "min" : 482.6200008392334,
              "p50" : 527.9229879379272,
              "p95" : 535.6313705444336
            },
            "pasteMs" : {
              "max" : 0.11992454528808594,
              "min" : 0.051975250244140625,
              "p50" : 0.102996826171875,
              "p95" : 0.11854171752929688
            },
            "rewriteMs" : {
              "max" : 22.70197868347168,
              "min" : 15.422940254211426,
              "p50" : 16.088008880615234,
              "p95" : 22.519779205322266
            },
            "sttMs" : {
              "max" : 518.1050300598145,
              "min" : 467.197060585022,
              "p50" : 511.8759870529175,
              "p95" : 517.3240184783936
            },
            "totalStageMs" : {
              "max" : 536.1108779907227,
              "min" : 482.67197608947754,
              "p50" : 528.0259847640991,
              "p95" : 535.7395172119141
            }
          },
          "iterations" : 5,
          "level" : "polish",
          "providers" : {
            "rewriteObserved" : [

            ],
            "sttMode" : "batch",
            "sttObserved" : [
              {
                "count" : 5,
                "model" : "scribe_v2",
                "provider" : "ElevenLabs"
              }
            ]
          }
        }
      ]
    },
    {
      "audioBytes" : 427630,
      "audioFile" : "fixture-medium.caf",
      "fixtureID" : "fixture-medium",
      "levels" : [
        {
          "distributions" : {
            "encodeMs" : {
              "max" : 0.21898746490478516,
              "min" : 0.041961669921875,
              "p50" : 0.1920461654663086,
              "p95" : 0.214385986328125
            },
            "generationMs" : {
              "max" : 901.4759063720703,
              "min" : 863.050103187561,
              "p50" : 891.4439678192139,
              "p95" : 900.2249479293823
            },
            "pasteMs" : {
              "max" : 0.2599954605102539,
              "min" : 0.027894973754882812,
              "p50" : 0.12099742889404297,
              "p95" : 0.23379325866699216
            },
            "rewriteMs" : {
              "max" : 0,
              "min" : 0,
              "p50" : 0,
              "p95" : 0
            },
            "sttMs" : {
              "max" : 901.2799263000488,
              "min" : 862.9560470581055,
              "p50" : 891.402006149292,
              "p95" : 900.0297546386719
            },
            "totalStageMs" : {
              "max" : 901.5038013458252,
              "min" : 863.1711006164551,
              "p50" : 891.7039632797241,
              "p95" : 900.2668857574463
            }
          },
          "iterations" : 5,
          "level" : "raw",
          "providers" : {
            "sttMode" : "batch",
            "sttObserved" : [
              {
                "count" : 5,
                "model" : "scribe_v2",
                "provider" : "ElevenLabs"
              }
            ]
          }
        },
        {
          "distributions" : {
            "encodeMs" : {
              "max" : 0.1729726791381836,
              "min" : 0.031948089599609375,
              "p50" : 0.09298324584960938,
              "p95" : 0.1725912094116211
            },
            "generationMs" : {
              "max" : 1078.40096950531,
              "min" : 854.4559478759766,
              "p50" : 952.003002166748,
              "p95" : 1078.283977508545
            },
            "pasteMs" : {
              "max" : 0.15401840209960938,
              "min" : 0.028014183044433594,
              "p50" : 0.06794929504394531,
              "p95" : 0.14760494232177734
            },
            "rewriteMs" : {
              "max" : 222.37896919250488,
              "min" : 13.634920120239258,
              "p50" : 21.44598960876465,
              "p95" : 221.74556255340576
            },
            "sttMs" : {
              "max" : 930.5180311203003,
              "min" : 840.6480550765991,
              "p50" : 859.0960502624512,
              "p95" : 919.2722082138062
            },
            "totalStageMs" : {
              "max" : 1078.5229206085205,
              "min" : 854.483962059021,
              "p50" : 952.0629644393921,
              "p95" : 1078.4123420715332
            }
          },