{
  "audioBytes" : 558044,
  "audioFile" : "2 fixtures",
  "commitSHA" : "23cf0045d143f55829c1c0d5c3d267860ee27b8b",
  "fixtureResults" : [
    {
      "audioBytes" : 130414,
      "audioFile" : "fixture-short.caf",
      "fixtureID" : "fixture-short",
      "levels" : [
        {
          "distributions" : {
            "encodeMs" : {
              "max" : 0,
              "min" : 0,
              "p50" : 0,
              "p95" : 0
            },
            "generationMs" : {
              "max" : 1804.1731119155884,
              "min" : 468.14095973968506,
              "p50" : 601.1619567871094,
              "p95" : 1566.0124778747556
            },
            "pasteMs" : {
              "max" : 0.1729726791381836,
              "min" : 0.010013580322265625,
              "p50" : 0.12195110321044922,
              "p95" : 0.17137527465820312
            },
            "rewriteMs" : {
              "max" : 0,
              "min" : 0,
              "p50" : 0,
              "p95" : 0
            },
            "sttMs" : {
              "max" : 1804.1731119155884,
              "min" : 468.14095973968506,
              "p50" : 601.1619567871094,
              "p95" : 1566.0124778747556
            },
            "totalStageMs" : {
              "max" : 1804.1881322860718,
              "min" : 468.31393241882324,
              "p50" : 601.1719703674316,
              "p95" : 1566.05749130249
            }
          },
          "iterations" : 5,
          "level" : "raw",
          "providers" : {
            "sttMode" : "batch",
            "sttObserved" : [
              {
                "count" : 5,
                "model" : "scribe_v2",
                "provider" : "ElevenLabs"
              }
            ]
          }
        },
        {
          "distributions" : {
            "encodeMs" : {
              "max" : 0,
              "min" : 0,
              "p50" : 0,
              "p95" : 0
            },
            "generationMs" : {
              "max" : 1287.7379655838013,
              "min" : 862.6189231872559,
              "p50" : 926.8050193786621,
              "p95" : 1229.2513847351074
            },
            "pasteMs" : {
              "max" : 1.0180473327636719,
              "min" : 0.07402896881103516,
              "p50" : 0.3050565719604492,
              "p95" : 0.9048461914062499
            },
            "rewriteMs" : {
              "max" : 730.8330535888672,
              "min" : 306.177020072937,
              "p50" : 349.02095794677734,
              "p95" : 683.0570459365845
            },
            "sttMs" : {
              "max" : 595.8679914474487,
              "min" : 503.3520460128784,
              "p50" : 556.9049119949341,
              "p95" : 590.3091907501221
            },
            "totalStageMs" : {
              "max" : 1288.0430221557617,
              "min" : 862.751841545105,
              "p50" : 927.2570610046387,
              "p95" : 1229.510235786438
            }
          },
          "iterations" : 5,
          "level" : "clean",
          "providers" : {
            "rewriteObserved" : [
              {
                "count" : 5,
                "model" : "inception/mercury",
                "path" : "openrouter"
              }
            ],
            "sttMode" : "batch",
            "sttObserved" : [
              {
                "count" : 5,
                "model" : "scribe_v2",
                "provider" : "ElevenLabs"
              }
            ]
          }
        },
        {
          "distributions" : {
            "encodeMs" : {
              "max" : 0,
              "min" : 0,
              "p50" : 0,
              "p95" : 0
            },
            "generationMs" : {
              "max" : 1909.7330570220947,
              "min" : 864.7609949111938,
              "p50" : 1206.5500020980835,
              "p95" : 1793.4894561767578
            },
            "pasteMs" : {
              "max" : 0.29098987579345703,
              "min" : 0.08702278137207031,
              "p50" : 0.09202957153320312,
              "p95" : 0.25200843811035156
            },
            "rewriteMs" : {
              "max" : 1291.0990715026855,
              "min" : 411.56792640686035,
              "p50" : 552.7150630950928,
              "p95" : 1172.6868629455566
            },
            "sttMs" : {
              "max" : 775.7999897003174,
              "min" : 453.1930685043335,
              "p50" : 586.5210294723511,
              "p95" : 744.3667888641357
            },
            "totalStageMs" : {
              "max" : 1909.8200798034668,
              "min" : 865.0519847869873,
              "p50" : 1206.6460847854614,
              "p95" : 1793.5770750045776
            }
          },
          "iterations" : 5,
          "level" : "polish",
          "providers" : {
            "rewriteObserved" : [
              {
                "count" : 5,
                "model" : "inception/mercury",
                "path" : "openrouter"
              }
            ],
            "sttMode" : "batch",
            "sttObserved" : [
              {
                "count" : 5,
                "model" : "scribe_v2",
                "provider" : "ElevenLabs"
              }
            ]
          }
        }
      ]
    },
    {
      "audioBytes" : 427630,
      "audioFile" : "fixture-medium.caf",
      "fixtureID" : "fixture-medium",
      "levels" : [
        {
          "distributions" : {
            "encodeMs" : {
              "max" : 0.014066696166992188,
              "min" : 0.007987022399902344,
              "p50" : 0.009894371032714844,
              "p95" : 0.013256072998046875
            },
            "generationMs" : {
              "max" : 1097.1009731292725,
              "min" : 870.5719709396362,
              "p50" : 1035.5628728866577,
              "p95" : 1092.3511981964111
            },
            "pasteMs" : {
              "max" : 0.3210306167602539,
              "min" : 0.025987625122070312,
              "p50" : 0.09500980377197266,
              "p95" : 0.2774238586425781
            },
            "rewriteMs" : {
              "max" : 0,
              "min" : 0,
              "p50" : 0,
              "p95" : 0
            },
            "sttMs" : {
              "max" : 1097.0909595489502,
              "min" : 870.5639839172363,
              "p50" : 1035.552978515625,
              "p95" : 1092.3415899276733
            },
            "totalStageMs" : {
              "max" : 1097.2039699554443,
              "min" : 870.5979585647583,
              "p50" : 1035.6138944625854,
              "p95" : 1092.4978017807007
            }
          },
          "iterations" : 5,
          "level" : "raw",
          "providers" : {
            "sttMode" : "batch",
            "sttObserved" : [
              {
                "count" : 5,
                "model" : "scribe_v2",
                "provider" : "ElevenLabs"
              }
            ]
          }
        },
        {
          "distributions" : {
            "encodeMs" : {
              "max" : 0.010967254638671875,
              "min" : 0.0029802322387695312,
              "p50" : 0.007033348083496094,
              "p95" : 0.010776519775390625
            },
            "generationMs" : {
              "max" : 2147.180199623108,
              "min" : 1570.1019763946533,
              "p50" : 1812.4710321426392,
              "p95" : 2099.080777168274
            },
            "pasteMs" : {
              "max" : 0.3039836883544922,
              "min" : 0.03993511199951172,
              "p50" : 0.09703636169433594,
              "p95" : 0.27396678924560547
            },
            "rewriteMs" : {
              "max" : 1144.0050601959229,
              "min" : 636.6009712219238,
              "p50" : 668.7560081481934,
              "p95" : 1086.461853981018
            },
            "sttMs" : {
              "max" : 1157.0830345153809,
              "min" : 901.3350009918213,