{
  "audioBytes" : 558044,
  "audioFile" : "2 fixtures",
  "commitSHA" : "23cf0045d143f55829c1c0d5c3d267860ee27b8b",
  "fixtureResults" : [
    {
      "audioBytes" : 130414,
      "audioFile" : "fixture-short.caf",
      "fixtureID" : "fixture-short",
      "levels" : [
        {
          "distributions" : {
            "encodeMs" : {
              "max" : 0,
              "min" : 0,
              "p50" : 0,
              "p95" : 0
            },
            "generationMs" : {
              "max" : 101.52292251586914,
              "min" : 60.64403057098389,
              "p50" : 67.06404685974121,
              "p95" : 101.38473510742188
            },
            "pasteMs" : {
              "max" : 0.06401538848876953,
              "min" : 0.014901161193847656,
              "p50" : 0.03802776336669922,
              "p95" : 0.062203407287597656
            },
            "rewriteMs" : {
              "max" : 0,
              "min" : 0,
              "p50" : 0,
              "p95" : 0
            },
            "sttMs" : {
              "max" : 101.52292251586914,
              "min" : 60.64403057098389,
              "p50" : 67.06404685974121,
              "p95" : 101.38473510742188
            },
            "totalStageMs" : {
              "max" : 101.55987739562988,
              "min" : 60.682058334350586,
              "p50" : 67.12806224822998,
              "p95" : 101.42529010772705
            }
          },
          "iterations" : 5,
          "level" : "raw",
          "providers" : {
            "sttMode" : "mock",
            "sttObserved" : [
              {
                "count" : 5,
                "model" : "fixed-delay-v1",
                "provider" : "DeterministicSTT"
              }
            ]
          }
        },
        {
          "distributions" : {
            "encodeMs" : {
              "max" : 0,
              "min" : 0,
              "p50" : 0,
              "p95" : 0
            },
            "generationMs" : {
              "max" : 292.1088933944702,
              "min" : 214.66398239135742,
              "p50" : 239.3590211868286,
              "p95" : 283.17110538482666
            },
            "pasteMs" : {
              "max" : 0.8569955825805664,
              "min" : 0.1100301742553711,
              "p50" : 0.4010200500488281,
              "p95" : 0.8124113082885742
            },
            "rewriteMs" : {
              "max" : 186.61201000213623,
              "min" : 105.35097122192383,
              "p50" : 150.17402172088623,
              "p95" : 180.47800064086914
            },
            "sttMs" : {
              "max" : 136.16693019866943,
              "min" : 60.80794334411621,
              "p50" : 89.27106857299805,
              "p95" : 135.7351541519165
            },
            "totalStageMs" : {
              "max" : 292.3048734664917,
              "min" : 215.520977973938,
              "p50" : 239.76004123687744,
              "p95" : 283.45470428466797
            }
          },
          "iterations" : 5,
          "level" : "clean",
          "providers" : {
            "rewriteObserved" : [
              {
                "count" : 5,
                "model" : "inception/mercury",
                "path" : "deterministic"
              }
            ],
            "sttMode" : "mock",
            "sttObserved" : [
              {
                "count" : 5,
                "model" : "fixed-delay-v1",
                "provider" : "DeterministicSTT"
              }
            ]
          }
        },
        {
          "distributions" : {
            "encodeMs" : {
              "max" : 0,
              "min" : 0,
              "p50" : 0,
              "p95" : 0
            },
            "generationMs" : {
              "max" : 370.87690830230713,
              "min" : 317.6001310348511,
              "p50" : 358.16800594329834,
              "p95" : 370.53070068359375
            },
            "pasteMs" : {
              "max" : 0.1819133758544922,
              "min" : 0.0749826431274414,
              "p50" : 0.09298324584960938,
              "p95" : 0.16753673553466797
            },
            "rewriteMs" : {
              "max" : 239.25292491912842,
              "min" : 184.1500997543335,
              "p50" : 225.4629135131836,
              "p95" : 238.3239507675171
            },
            "sttMs" : {
              "max" : 145.5249786376953,
              "min" : 92.67902374267578,
              "p50" : 129.89294528961182,
              "p95" : 145.50278186798096
            },
            "totalStageMs" : {
              "max" : 370.96989154815674,
              "min" : 317.6751136779785,
              "p50" : 358.34991931915283,
              "p95" : 370.6218957901001
            }
          },
          "iterations" : 5,
          "level" : "polish",
          "providers" : {
            "rewriteObserved" : [
              {
                "count" : 5,
                "model" : "inception/mercury",
                "path" : "deterministic"
              }
            ],
            "sttMode" : "mock",
            "sttObserved" : [
              {
                "count" : 5,
                "model" : "fixed-delay-v1",
                "provider" : "DeterministicSTT"
              }
            ]
          }
        }
      ]
    },
    {
      "audioBytes" : 427630,
      "audioFile" : "fixture-medium.caf",
      "fixtureID" : "fixture-medium",
      "levels" : [
        {
          "distributions" : {
            "encodeMs" : {
              "max" : 0,
              "min" : 0,
              "p50" : 0,
              "p95" : 0
            },
            "generationMs" : {
              "max" : 118.06702613830566,
              "min" : 60.424089431762695,
              "p50" : 73.0210542678833,
              "p95" : 109.35702323913574
            },
            "pasteMs" : {
              "max" : 0.04100799560546875,
              "min" : 0.028014183044433594,
              "p50" : 0.032067298889160156,
              "p95" : 0.040602684020996094
            },
            "rewriteMs" : {
              "max" : 0,
              "min" : 0,
              "p50" : 0,
              "p95" : 0
            },
            "sttMs" : {
              "max" : 118.06702613830566,
              "min" : 60.424089431762695,
              "p50" : 73.0210542678833,
              "p95" : 109.35702323913574
            },
            "totalStageMs" : {
              "max" : 118.0959939956665,
              "min" : 60.465097427368164,
              "p50" : 73.0600357055664,
              "p95" : 109.3858003616333
            }
          },
          "iterations" : 5,
          "level" : "raw",
          "providers" : {
            "sttMode" : "mock",
            "sttObserved" : [
              {
                "count" : 5,
                "model" : "fixed-delay-v1",
                "provider" : "DeterministicSTT"
              }
            ]
          }
        },
        {
          "distributions" : {
            "encodeMs" : {
              "max" : 0,
              "min" : 0,
              "p50" : 0,
              "p95" : 0
            },
            "generationMs" : {
              "max" : 328.1979560852051,
              "min" : 244.46892738342285,
              "p50" : 275.4819393157959,
              "p95" : 325.6453514099121
            },
            "pasteMs" : {
              "max" : 0.14889240264892578,
              "min" : 0.06699562072753906,
              "p50" : 0.10001659393310547,
              "p95" : 0.14791488647460938
            },
            "rewriteMs" : {
              "max" : 185.62805652618408,
              "min" : 126.60706043243408,
              "p50" : 180.02092838287354,
              "p95" : 185.2360486984253
            },
            "sttMs" : {
              "max" : 142.569899559021,
              "min" : 64.44799900054932,
              "p50" : 140.0759220123291,
              "p95" : 142.35892295837402
            },