{
  "audioBytes" : 558044,
  "audioFile" : "2 fixtures",
  "commitSHA" : "555509681ea004723c793bd758e96cd45e132ce4",
  "fixtureResults" : [
    {
      "audioBytes" : 130414,
      "audioFile" : "fixture-short.caf",
      "fixtureID" : "fixture-short",
      "levels" : [
        {
          "distributions" : {
            "encodeMs" : {
              "max" : 0,
              "min" : 0,
              "p50" : 0,
              "p95" : 0
            },
            "generationMs" : {
              "max" : 698.1511116027832,
              "min" : 594.6159362792969,
              "p50" : 633.6320638656616,
              "p95" : 695.1328754425049
            },
            "pasteMs" : {
              "max" : 0.0820159912109375,
              "min" : 0.028967857360839844,
              "p50" : 0.049948692321777344,
              "p95" : 0.07920265197753906
            },
            "rewriteMs" : {
              "max" : 0,
              "min" : 0,
              "p50" : 0,
              "p95" : 0
            },
            "sttMs" : {
              "max" : 698.1511116027832,
              "min" : 594.6159362792969,
              "p50" : 633.6320638656616,
              "p95" : 695.1328754425049
            },
            "totalStageMs" : {
              "max" : 698.2331275939941,
              "min" : 594.6658849716187,
              "p50" : 633.6760520935059,
              "p95" : 695.2042818069458
            }
          },
          "iterations" : 5,
          "level" : "raw",
          "providers" : {
            "sttMode" : "batch",
            "sttObserved" : [
              {
                "count" : 5,
                "model" : "scribe_v2",
                "provider" : "ElevenLabs"
              }
            ]
          }
        },
        {
          "distributions" : {
            "encodeMs" : {
              "max" : 0,
              "min" : 0,
              "p50" : 0,
              "p95" : 0
            },
            "generationMs" : {
              "max" : 5239.057183265686,
              "min" : 891.2969827651978,
              "p50" : 976.3350486755371,
              "p95" : 4401.33454799652
            },
            "pasteMs" : {
              "max" : 0.7979869842529297,
              "min" : 0.051021575927734375,
              "p50" : 0.17499923706054688,
              "p95" : 0.7045984268188477
            },
            "rewriteMs" : {
              "max" : 453.11999320983887,
              "min" : 284.1559648513794,
              "p50" : 322.8250741958618,
              "p95" : 437.9528045654297
            },
            "sttMs" : {
              "max" : 4916.232109069824,
              "min" : 597.324013710022,
              "p50" : 599.0509986877441,
              "p95" : 4059.108877182006
            },
            "totalStageMs" : {
              "max" : 5239.388227462769,
              "min" : 891.3530111312866,
              "p50" : 976.3860702514648,
              "p95" : 4401.634383201598
            }
          },
          "iterations" : 5,
          "level" : "clean",
          "providers" : {
            "rewriteObserved" : [
              {
                "count" : 5,
                "model" : "inception/mercury",
                "path" : "openrouter"
              }
            ],
            "sttMode" : "batch",
            "sttObserved" : [
              {
                "count" : 5,
                "model" : "scribe_v2",
                "provider" : "ElevenLabs"
              }
            ]
          }
        },
        {
          "distributions" : {
            "encodeMs" : {
              "max" : 0,
              "min" : 0,
              "p50" : 0,
              "p95" : 0
            },
            "generationMs" : {
              "max" : 1856.536865234375,
              "min" : 1040.827989578247,
              "p50" : 1175.5268573760986,
              "p95" : 1740.4759168624878
            },
            "pasteMs" : {
              "max" : 0.09000301361083984,
              "min" : 0.04601478576660156,
              "p50" : 0.09000301361083984,
              "p95" : 0.09000301361083984
            },
            "rewriteMs" : {
              "max" : 1234.9369525909424,
              "min" : 436.365008354187,
              "p50" : 567.3849582672119,
              "p95" : 1122.0457792282104
            },
            "sttMs" : {
              "max" : 621.5999126434326,
              "min" : 581.0790061950684,
              "p50" : 605.7510375976562,
              "p95" : 618.9083099365234
            },
            "totalStageMs" : {
              "max" : 1856.6268682479858,
              "min" : 1040.917992591858,
              "p50" : 1175.6168603897095,
              "p95" : 1740.5571222305298
            }
          },
          "iterations" : 5,
          "level" : "polish",
          "providers" : {
            "rewriteObserved" : [
              {
                "count" : 5,
                "model" : "inception/mercury",
                "path" : "openrouter"
              }
            ],
            "sttMode" : "batch",
            "sttObserved" : [
              {
                "count" : 5,
                "model" : "scribe_v2",
                "provider" : "ElevenLabs"
              }
            ]
          }
        }
      ]
    },
    {
      "audioBytes" : 427630,
      "audioFile" : "fixture-medium.caf",
      "fixtureID" : "fixture-medium",
      "levels" : [
        {
          "distributions" : {
            "encodeMs" : {
              "max" : 0.012040138244628906,
              "min" : 0.004887580871582031,
              "p50" : 0.008940696716308594,
              "p95" : 0.011420249938964844
            },
            "generationMs" : {
              "max" : 1067.2359466552734,
              "min" : 1016.3240432739258,
              "p50" : 1034.2919826507568,
              "p95" : 1064.7043228149414
            },
            "pasteMs" : {
              "max" : 0.48100948333740234,
              "min" : 0.03504753112792969,
              "p50" : 0.10800361633300781,
              "p95" : 0.40941238403320307
            },
            "rewriteMs" : {
              "max" : 0,
              "min" : 0,
              "p50" : 0,
              "p95" : 0
            },
            "sttMs" : {
              "max" : 1067.2270059585571,
              "min" : 1016.3120031356812,
              "p50" : 1034.2860221862793,
              "p95" : 1064.696192741394
            },
            "totalStageMs" : {
              "max" : 1067.3439502716064,
              "min" : 1016.3979530334473,
              "p50" : 1034.3270301818848,
              "p95" : 1064.8869276046753
            }
          },
          "iterations" : 5,
          "level" : "raw",
          "providers" : {
            "sttMode" : "batch",
            "sttObserved" : [
              {
                "count" : 5,
                "model" : "scribe_v2",
                "provider" : "ElevenLabs"
              }
            ]
          }
        },
        {
          "distributions" : {
            "encodeMs" : {
              "max" : 0.007987022399902344,
              "min" : 0.0020265579223632812,
              "p50" : 0.006079673767089844,
              "p95" : 0.0077724456787109375
            },
            "generationMs" : {
              "max" : 1825.2520561218262,
              "min" : 1422.315001487732,
              "p50" : 1564.2009973526,
              "p95" : 1788.9798164367676
            },
            "pasteMs" : {
              "max" : 0.7219314575195312,
              "min" : 0.08404254913330078,
              "p50" : 0.10001659393310547,
              "p95" : 0.6467342376708984
            },
            "rewriteMs" : {
              "max" : 715.1501178741455,
              "min" : 396.51596546173096,
              "p50" : 533.5299968719482,
              "p95" : 688.4024858474731
            },
            "sttMs" : {
              "max" : 1110.0980043411255,
              "min" : 1025.791049003601,