{
  "audioBytes" : 427630,
  "audioFile" : "fixture.caf",
  "commitSHA" : "284e85565ac11c3346237b4a306e9a416e214f7a",
  "generatedAt" : "2026-02-17T17:53:15Z",
  "iterationsPerLevel" : 2,
  "label" : "ci",
  "levels" : [
    {
      "distributions" : {
        "encodeMs" : {
          "max" : 22.70495891571045,
          "min" : 22.523045539855957,
          "p50" : 22.614002227783203,
          "p95" : 22.695863246917725
        },
        "generationMs" : {
          "max" : 5221.098065376282,
          "min" : 3817.4480199813843,
          "p50" : 4519.273042678833,
          "p95" : 5150.915563106537
        },
        "pasteMs" : {
          "max" : 0.03707408905029297,
          "min" : 0.02002716064453125,
          "p50" : 0.02855062484741211,
          "p95" : 0.03622174263000488
        },
        "rewriteMs" : {
          "max" : 0,
          "min" : 0,
          "p50" : 0,
          "p95" : 0
        },
        "sttMs" : {
          "max" : 5198.575019836426,
          "min" : 3794.743061065674,
          "p50" : 4496.65904045105,
          "p95" : 5128.383421897888
        },
        "totalStageMs" : {
          "max" : 5221.118092536926,
          "min" : 3817.4850940704346,
          "p50" : 4519.30159330368,
          "p95" : 5150.936442613602
        }
      },
      "iterations" : 2,
      "level" : "raw",
      "providers" : {
        "sttMode" : "batch",
        "sttObserved" : [
          {
            "count" : 2,
            "model" : "whisper-1",
            "provider" : "OpenAI"
          }
        ]
      }
    },
    {
      "distributions" : {
        "encodeMs" : {
          "max" : 49.33202266693115,
          "min" : 20.056962966918945,
          "p50" : 34.69449281692505,
          "p95" : 47.86826968193054
        },
        "generationMs" : {
          "max" : 5562.533855438232,
          "min" : 5287.192940711975,
          "p50" : 5424.863398075104,
          "p95" : 5548.76680970192
        },
        "pasteMs" : {
          "max" : 0.3299713134765625,
          "min" : 0.08392333984375,
          "p50" : 0.20694732666015625,
          "p95" : 0.3176689147949219
        },
        "rewriteMs" : {
          "max" : 557.3029518127441,
          "min" : 394.2509889602661,
          "p50" : 475.7769703865051,
          "p95" : 549.1503536701202
        },
        "sttMs" : {
          "max" : 5148.225903511047,
          "min" : 4680.5579662323,
          "p50" : 4914.391934871674,
          "p95" : 5124.84250664711
        },
        "totalStageMs" : {
          "max" : 5562.617778778076,
          "min" : 5287.522912025452,
          "p50" : 5425.070345401764,
          "p95" : 5548.863035440445
        }
      },
      "iterations" : 2,
      "level" : "clean",
      "providers" : {
        "rewriteObserved" : [
          {
            "count" : 2,
            "model" : "google/gemini-2.5-flash-lite",
            "path" : "openrouter"
          }
        ],
        "sttMode" : "batch",
        "sttObserved" : [
          {
            "count" : 2,
            "model" : "whisper-1",
            "provider" : "OpenAI"
          }
        ]
      }
    },
    {
      "distributions" : {
        "encodeMs" : {
          "max" : 44.30496692657471,
          "min" : 41.473984718322754,
          "p50" : 42.88947582244873,
          "p95" : 44.16341781616211
        },
        "generationMs" : {
          "max" : 4944.529891014099,
          "min" : 4665.854930877686,
          "p50" : 4805.192410945892,
          "p95" : 4930.596143007278
        },
        "pasteMs" : {
          "max" : 0.102996826171875,
          "min" : 0.08499622344970703,
          "p50" : 0.09399652481079102,
          "p95" : 0.1020967960357666
        },
        "rewriteMs" : {
          "max" : 853.6139726638794,
          "min" : 813.3729696273804,
          "p50" : 833.4934711456299,
          "p95" : 851.6019225120544
        },
        "sttMs" : {
          "max" : 4089.682936668396,
          "min" : 3767.9359912872314,
          "p50" : 3928.8094639778137,
          "p95" : 4073.5955893993378
        },
        "totalStageMs" : {
          "max" : 4944.632887840271,
          "min" : 4665.939927101135,
          "p50" : 4805.286407470703,
          "p95" : 4930.698239803314
        }
      },
      "iterations" : 2,
      "level" : "polish",
      "providers" : {
        "rewriteObserved" : [
          {
            "count" : 2,
            "model" : "x-ai/grok-4.1-fast",
            "path" : "openrouter"
          }
        ],
        "sttMode" : "batch",
        "sttObserved" : [
          {
            "count" : 2,
            "model" : "whisper-1",
            "provider" : "OpenAI"
          }
        ]
      }
    }
  ],
  "pullRequestNumber" : 268,
  "rewriteRouting" : "openrouter",
  "schemaVersion" : 2,
  "sttChain" : [
    {
      "model" : "whisper-1",
      "provider" : "OpenAI"
    }
  ],
  "sttMode" : "batch",
  "sttSelectionPolicy" : "auto"
}