{
  "audioBytes" : 427630,
  "audioFile" : "fixture.caf",
  "commitSHA" : "1f2d1ffec6db0b54b84856efdf4dc4f65cb7bf3f",
  "generatedAt" : "2026-02-17T17:21:08Z",
  "iterationsPerLevel" : 2,
  "label" : "ci",
  "levels" : [
    {
      "distributions" : {
        "encodeMs" : {
          "max" : 26.65698528289795,
          "min" : 19.693970680236816,
          "p50" : 23.175477981567383,
          "p95" : 26.308834552764893
        },
        "generationMs" : {
          "max" : 3935.144066810608,
          "min" : 3489.137053489685,
          "p50" : 3712.1405601501465,
          "p95" : 3912.8437161445618
        },
        "pasteMs" : {
          "max" : 0.10704994201660156,
          "min" : 0.028967857360839844,
          "p50" : 0.0680088996887207,
          "p95" : 0.10314583778381348
        },
        "rewriteMs" : {
          "max" : 0,
          "min" : 0,
          "p50" : 0,
          "p95" : 0
        },
        "sttMs" : {
          "max" : 3915.450096130371,
          "min" : 3462.480068206787,
          "p50" : 3688.965082168579,
          "p95" : 3892.801594734192
        },
        "totalStageMs" : {
          "max" : 3935.2511167526245,
          "min" : 3489.166021347046,
          "p50" : 3712.208569049835,
          "p95" : 3912.9468619823456
        }
      },
      "iterations" : 2,
      "level" : "raw"
    },
    {
      "distributions" : {
        "encodeMs" : {
          "max" : 23.7959623336792,
          "min" : 21.645069122314453,
          "p50" : 22.720515727996826,
          "p95" : 23.688417673110962
        },
        "generationMs" : {
          "max" : 4983.965158462524,
          "min" : 4877.008080482483,
          "p50" : 4930.486619472504,
          "p95" : 4978.617304563522
        },
        "pasteMs" : {
          "max" : 0.048995018005371094,
          "min" : 0.04398822784423828,
          "p50" : 0.04649162292480469,
          "p95" : 0.04874467849731445
        },
        "rewriteMs" : {
          "max" : 537.3541116714478,
          "min" : 375.1840591430664,
          "p50" : 456.2690854072571,
          "p95" : 529.2456090450287
        },
        "sttMs" : {
          "max" : 4587.136030197144,
          "min" : 4315.858006477356,
          "p50" : 4451.49701833725,
          "p95" : 4573.572129011154
        },
        "totalStageMs" : {
          "max" : 4984.01415348053,
          "min" : 4877.052068710327,
          "p50" : 4930.5331110954285,
          "p95" : 4978.66604924202
        }
      },
      "iterations" : 2,
      "level" : "clean"
    },
    {
      "distributions" : {
        "encodeMs" : {
          "max" : 23.880958557128906,
          "min" : 23.051977157592773,
          "p50" : 23.46646785736084,
          "p95" : 23.8395094871521
        },
        "generationMs" : {
          "max" : 36478.85799407959,
          "min" : 3623.642921447754,
          "p50" : 20051.250457763672,
          "p95" : 34836.097240448
        },
        "pasteMs" : {
          "max" : 0.09500980377197266,
          "min" : 0.04208087921142578,
          "p50" : 0.06854534149169922,
          "p95" : 0.09236335754394531
        },
        "rewriteMs" : {
          "max" : 689.7640228271484,
          "min" : 442.0449733734131,
          "p50" : 565.9044981002808,
          "p95" : 677.3780703544617
        },
        "sttMs" : {
          "max" : 35765.21301269531,
          "min" : 3158.545970916748,
          "p50" : 19461.87949180603,
          "p95" : 34134.879660606384
        },
        "totalStageMs" : {
          "max" : 36478.9000749588,
          "min" : 3623.737931251526,
          "p50" : 20051.319003105164,
          "p95" : 34836.14196777344
        }
      },
      "iterations" : 2,
      "level" : "polish"
    }
  ],
  "pullRequestNumber" : 268,
  "rewriteProvider" : "OpenRouter",
  "schemaVersion" : 1,
  "sttProvider" : "Whisper"
}