{
  "audioBytes" : 427630,
  "audioFile" : "fixture.caf",
  "commitSHA" : "e2583af49812cc3706f10465bc178965258863da",
  "generatedAt" : "2026-02-19T02:32:32Z",
  "iterationsPerLevel" : 2,
  "label" : "ci",
  "levels" : [
    {
      "distributions" : {
        "encodeMs" : {
          "max" : 39.64698314666748,
          "min" : 24.008989334106445,
          "p50" : 31.827986240386963,
          "p95" : 38.86508345603943
        },
        "generationMs" : {
          "max" : 1295.3609228134155,
          "min" : 1110.6910705566406,
          "p50" : 1203.025996685028,
          "p95" : 1286.1274302005768
        },
        "pasteMs" : {
          "max" : 0.054001808166503906,
          "min" : 0.048041343688964844,
          "p50" : 0.051021575927734375,
          "p95" : 0.05370378494262695
        },
        "rewriteMs" : {
          "max" : 0,
          "min" : 0,
          "p50" : 0,
          "p95" : 0
        },
        "sttMs" : {
          "max" : 1271.351933479309,
          "min" : 1071.0440874099731,
          "p50" : 1171.198010444641,
          "p95" : 1261.3365411758423
        },
        "totalStageMs" : {
          "max" : 1295.4089641571045,
          "min" : 1110.7450723648071,
          "p50" : 1203.0770182609558,
          "p95" : 1286.1757695674896
        }
      },
      "iterations" : 2,
      "level" : "raw",
      "providers" : {
        "sttMode" : "batch",
        "sttObserved" : [
          {
            "count" : 2,
            "model" : "scribe_v2",
            "provider" : "ElevenLabs"
          }
        ]
      }
    },
    {
      "distributions" : {
        "encodeMs" : {
          "max" : 49.44300651550293,
          "min" : 45.26102542877197,
          "p50" : 47.35201597213745,
          "p95" : 49.23390746116638
        },
        "generationMs" : {
          "max" : 1806.1790466308594,
          "min" : 1511.5960836410522,
          "p50" : 1658.8875651359558,
          "p95" : 1791.449898481369
        },
        "pasteMs" : {
          "max" : 0.04696846008300781,
          "min" : 0.04100799560546875,
          "p50" : 0.04398822784423828,
          "p95" : 0.04667043685913086
        },
        "rewriteMs" : {
          "max" : 733.024001121521,
          "min" : 466.66502952575684,
          "p50" : 599.8445153236389,
          "p95" : 719.7060525417328
        },
        "sttMs" : {
          "max" : 1023.7120389938354,
          "min" : 999.6700286865234,
          "p50" : 1011.6910338401794,
          "p95" : 1022.5099384784698
        },
        "totalStageMs" : {
          "max" : 1806.2200546264648,
          "min" : 1511.6430521011353,
          "p50" : 1658.9315533638,
          "p95" : 1791.4912045001984
        }
      },
      "iterations" : 2,
      "level" : "clean",
      "providers" : {
        "rewriteObserved" : [
          {
            "count" : 2,
            "model" : "google/gemini-2.5-flash-lite",
            "path" : "openrouter"
          }
        ],
        "sttMode" : "batch",
        "sttObserved" : [
          {
            "count" : 2,
            "model" : "scribe_v2",
            "provider" : "ElevenLabs"
          }
        ]
      }
    },
    {
      "distributions" : {
        "encodeMs" : {
          "max" : 27.414917945861816,
          "min" : 19.855022430419922,
          "p50" : 23.63497018814087,
          "p95" : 27.03692317008972
        },
        "generationMs" : {
          "max" : 1791.808009147644,
          "min" : 1574.7509002685547,
          "p50" : 1683.2794547080994,
          "p95" : 1780.9551537036896
        },
        "pasteMs" : {
          "max" : 0.052928924560546875,
          "min" : 0.029087066650390625,
          "p50" : 0.04100799560546875,
          "p95" : 0.05173683166503906
        },
        "rewriteMs" : {
          "max" : 749.5009899139404,
          "min" : 464.9679660797119,
          "p50" : 607.2344779968262,
          "p95" : 735.274338722229
        },
        "sttMs" : {
          "max" : 1082.368016242981,
          "min" : 1022.4519968032837,
          "p50" : 1052.4100065231323,
          "p95" : 1079.372215270996
        },
        "totalStageMs" : {
          "max" : 1791.8609380722046,
          "min" : 1574.779987335205,
          "p50" : 1683.3204627037048,
          "p95" : 1781.0068905353546
        }
      },
      "iterations" : 2,
      "level" : "polish",
      "providers" : {
        "rewriteObserved" : [
          {
            "count" : 2,
            "model" : "x-ai/grok-4.1-fast",
            "path" : "openrouter"
          }
        ],
        "sttMode" : "batch",
        "sttObserved" : [
          {
            "count" : 2,
            "model" : "scribe_v2",
            "provider" : "ElevenLabs"
          }
        ]
      }
    }
  ],
  "pullRequestNumber" : 268,
  "rewriteRouting" : "openrouter",
  "schemaVersion" : 2,
  "sttChain" : [
    {
      "model" : "scribe_v2",
      "provider" : "ElevenLabs"
    },
    {
      "model" : "nova-3",
      "provider" : "Deepgram"
    }
  ],
  "sttMode" : "batch",
  "sttSelectionPolicy" : "auto"
}