{
  "audioBytes" : 427630,
  "audioFile" : "fixture.caf",
  "commitSHA" : "afb41df33a3f68762fe5a6f77f1b7c2291e6e294",
  "generatedAt" : "2026-02-17T21:27:00Z",
  "iterationsPerLevel" : 2,
  "label" : "ci",
  "levels" : [
    {
      "distributions" : {
        "encodeMs" : {
          "max" : 35.231947898864746,
          "min" : 32.52696990966797,
          "p50" : 33.87945890426636,
          "p95" : 35.09669899940491
        },
        "generationMs" : {
          "max" : 1540.6529903411865,
          "min" : 1370.7919120788574,
          "p50" : 1455.722451210022,
          "p95" : 1532.15993642807
        },
        "pasteMs" : {
          "max" : 0.20802021026611328,
          "min" : 0.0629425048828125,
          "p50" : 0.1354813575744629,
          "p95" : 0.20076632499694824
        },
        "rewriteMs" : {
          "max" : 0,
          "min" : 0,
          "p50" : 0,
          "p95" : 0
        },
        "sttMs" : {
          "max" : 1508.1260204315186,
          "min" : 1335.5599641799927,
          "p50" : 1421.8429923057556,
          "p95" : 1499.4977176189423
        },
        "totalStageMs" : {
          "max" : 1540.7159328460693,
          "min" : 1370.9999322891235,
          "p50" : 1455.8579325675964,
          "p95" : 1532.230132818222
        }
      },
      "iterations" : 2,
      "level" : "raw",
      "providers" : {
        "sttMode" : "batch",
        "sttObserved" : [
          {
            "count" : 2,
            "model" : "scribe_v2",
            "provider" : "ElevenLabs"
          }
        ]
      }
    },
    {
      "distributions" : {
        "encodeMs" : {
          "max" : 37.07695007324219,
          "min" : 35.22598743438721,
          "p50" : 36.1514687538147,
          "p95" : 36.98440194129944
        },
        "generationMs" : {
          "max" : 1779.5649766921997,
          "min" : 1709.9230289459229,
          "p50" : 1744.7440028190613,
          "p95" : 1776.0828793048859
        },
        "pasteMs" : {
          "max" : 0.18596649169921875,
          "min" : 0.054001808166503906,
          "p50" : 0.11998414993286133,
          "p95" : 0.179368257522583
        },
        "rewriteMs" : {
          "max" : 624.1739988327026,
          "min" : 590.2429819107056,
          "p50" : 607.2084903717041,
          "p95" : 622.4774479866028
        },
        "sttMs" : {
          "max" : 1120.1649904251099,
          "min" : 1082.603096961975,
          "p50" : 1101.3840436935425,
          "p95" : 1118.2868957519531
        },
        "totalStageMs" : {
          "max" : 1779.750943183899,
          "min" : 1709.9770307540894,
          "p50" : 1744.8639869689941,
          "p95" : 1776.2622475624084
        }
      },
      "iterations" : 2,
      "level" : "clean",
      "providers" : {
        "rewriteObserved" : [
          {
            "count" : 2,
            "model" : "google/gemini-2.5-flash-lite",
            "path" : "openrouter"
          }
        ],
        "sttMode" : "batch",
        "sttObserved" : [
          {
            "count" : 2,
            "model" : "scribe_v2",
            "provider" : "ElevenLabs"
          }
        ]
      }
    },
    {
      "distributions" : {
        "encodeMs" : {
          "max" : 32.26196765899658,
          "min" : 21.016955375671387,
          "p50" : 26.639461517333984,
          "p95" : 31.699717044830322
        },
        "generationMs" : {
          "max" : 1824.7029781341553,
          "min" : 1492.8159713745117,
          "p50" : 1658.7594747543335,
          "p95" : 1808.108627796173
        },
        "pasteMs" : {
          "max" : 0.0699758529663086,
          "min" : 0.06794929504394531,
          "p50" : 0.06896257400512695,
          "p95" : 0.06987452507019043
        },
        "rewriteMs" : {
          "max" : 764.3989324569702,
          "min" : 374.44400787353516,
          "p50" : 569.4214701652527,
          "p95" : 744.9011862277985
        },
        "sttMs" : {
          "max" : 1097.3550081253052,
          "min" : 1028.0420780181885,
          "p50" : 1062.6985430717468,
          "p95" : 1093.8893616199493
        },
        "totalStageMs" : {
          "max" : 1824.7729539871216,
          "min" : 1492.8839206695557,
          "p50" : 1658.8284373283386,
          "p95" : 1808.1785023212433
        }
      },
      "iterations" : 2,
      "level" : "polish",
      "providers" : {
        "rewriteObserved" : [
          {
            "count" : 2,
            "model" : "x-ai/grok-4.1-fast",
            "path" : "openrouter"
          }
        ],
        "sttMode" : "batch",
        "sttObserved" : [
          {
            "count" : 2,
            "model" : "scribe_v2",
            "provider" : "ElevenLabs"
          }
        ]
      }
    }
  ],
  "pullRequestNumber" : 268,
  "rewriteRouting" : "openrouter",
  "schemaVersion" : 2,
  "sttChain" : [
    {
      "model" : "scribe_v2",
      "provider" : "ElevenLabs"
    },
    {
      "model" : "nova-3",
      "provider" : "Deepgram"
    }
  ],
  "sttMode" : "batch",
  "sttSelectionPolicy" : "auto"
}