{
  "audioBytes" : 427630,
  "audioFile" : "fixture.caf",
  "commitSHA" : "9ec7d143531c79b41fd945b2fb6af7ee70a40f15",
  "generatedAt" : "2026-02-17T17:15:01Z",
  "iterationsPerLevel" : 2,
  "label" : "ci",
  "levels" : [
    {
      "distributions" : {
        "encodeMs" : {
          "max" : 45.74894905090332,
          "min" : 45.55094242095947,
          "p50" : 45.6499457359314,
          "p95" : 45.73904871940613
        },
        "generationMs" : {
          "max" : 4462.717890739441,
          "min" : 3417.572855949402,
          "p50" : 3940.1453733444214,
          "p95" : 4410.460638999939
        },
        "pasteMs" : {
          "max" : 0.15795230865478516,
          "min" : 0.1169443130493164,
          "p50" : 0.13744831085205078,
          "p95" : 0.15590190887451172
        },
        "rewriteMs" : {
          "max" : 0,
          "min" : 0,
          "p50" : 0,
          "p95" : 0
        },
        "sttMs" : {
          "max" : 4417.166948318481,
          "min" : 3371.8239068984985,
          "p50" : 3894.49542760849,
          "p95" : 4364.899796247482
        },
        "totalStageMs" : {
          "max" : 4462.875843048096,
          "min" : 3417.689800262451,
          "p50" : 3940.2828216552734,
          "p95" : 4410.6165409088135
        }
      },
      "iterations" : 2,
      "level" : "raw"
    },
    {
      "distributions" : {
        "encodeMs" : {
          "max" : 44.685959815979004,
          "min" : 38.586974143981934,
          "p50" : 41.63646697998047,
          "p95" : 44.38101053237915
        },
        "generationMs" : {
          "max" : 5915.613889694214,
          "min" : 4062.1089935302734,
          "p50" : 4988.861441612244,
          "p95" : 5822.938644886017
        },
        "pasteMs" : {
          "max" : 0.16498565673828125,
          "min" : 0.034928321838378906,
          "p50" : 0.09995698928833008,
          "p95" : 0.15848278999328613
        },
        "rewriteMs" : {
          "max" : 1329.280972480774,
          "min" : 457.8360319137573,
          "p50" : 893.5585021972656,
          "p95" : 1285.708725452423
        },
        "sttMs" : {
          "max" : 4547.745943069458,
          "min" : 3559.587001800537,
          "p50" : 4053.6664724349976,
          "p95" : 4498.337996006012
        },
        "totalStageMs" : {
          "max" : 5915.778875350952,
          "min" : 4062.143921852112,
          "p50" : 4988.961398601532,
          "p95" : 5823.09712767601
        }
      },
      "iterations" : 2,
      "level" : "clean"
    },
    {
      "distributions" : {
        "encodeMs" : {
          "max" : 60.729026794433594,
          "min" : 29.139041900634766,
          "p50" : 44.93403434753418,
          "p95" : 59.14952754974365
        },
        "generationMs" : {
          "max" : 6312.057971954346,
          "min" : 4532.680034637451,
          "p50" : 5422.369003295898,
          "p95" : 6223.089075088501
        },
        "pasteMs" : {
          "max" : 0.10395050048828125,
          "min" : 0.06103515625,
          "p50" : 0.08249282836914062,
          "p95" : 0.10180473327636719
        },
        "rewriteMs" : {
          "max" : 1466.8869972229004,
          "min" : 922.996997833252,
          "p50" : 1194.9419975280762,
          "p95" : 1439.692497253418
        },
        "sttMs" : {
          "max" : 4784.441947937012,
          "min" : 3580.5439949035645,
          "p50" : 4182.492971420288,
          "p95" : 4724.247050285339
        },
        "totalStageMs" : {
          "max" : 6312.161922454834,
          "min" : 4532.741069793701,
          "p50" : 5422.451496124268,
          "p95" : 6223.190879821777
        }
      },
      "iterations" : 2,
      "level" : "polish"
    }
  ],
  "pullRequestNumber" : 268,
  "rewriteProvider" : "OpenRouter",
  "schemaVersion" : 1,
  "sttProvider" : "Whisper"
}