{
  "audioBytes" : 427630,
  "audioFile" : "fixture.caf",
  "commitSHA" : "842bb503ca993fa41e427afb5ff70604dc1217f4",
  "generatedAt" : "2026-02-19T02:42:31Z",
  "iterationsPerLevel" : 2,
  "label" : "ci",
  "levels" : [
    {
      "distributions" : {
        "encodeMs" : {
          "max" : 37.46998310089111,
          "min" : 30.697941780090332,
          "p50" : 34.08396244049072,
          "p95" : 37.131381034851074
        },
        "generationMs" : {
          "max" : 1350.5669832229614,
          "min" : 1016.3459777832031,
          "p50" : 1183.4564805030823,
          "p95" : 1333.8559329509735
        },
        "pasteMs" : {
          "max" : 0.05602836608886719,
          "min" : 0.054001808166503906,
          "p50" : 0.05501508712768555,
          "p95" : 0.05592703819274902
        },
        "rewriteMs" : {
          "max" : 0,
          "min" : 0,
          "p50" : 0,
          "p95" : 0
        },
        "sttMs" : {
          "max" : 1313.0970001220703,
          "min" : 985.6480360031128,
          "p50" : 1149.3725180625916,
          "p95" : 1296.7245519161224
        },
        "totalStageMs" : {
          "max" : 1350.6230115890503,
          "min" : 1016.3999795913696,
          "p50" : 1183.51149559021,
          "p95" : 1333.9118599891663
        }
      },
      "iterations" : 2,
      "level" : "raw",
      "providers" : {
        "sttMode" : "batch",
        "sttObserved" : [
          {
            "count" : 2,
            "model" : "scribe_v2",
            "provider" : "ElevenLabs"
          }
        ]
      }
    },
    {
      "distributions" : {
        "encodeMs" : {
          "max" : 29.539108276367188,
          "min" : 23.77605438232422,
          "p50" : 26.657581329345703,
          "p95" : 29.25095558166504
        },
        "generationMs" : {
          "max" : 1807.806134223938,
          "min" : 1318.114161491394,
          "p50" : 1562.960147857666,
          "p95" : 1783.3215355873108
        },
        "pasteMs" : {
          "max" : 0.11599063873291016,
          "min" : 0.08296966552734375,
          "p50" : 0.09948015213012695,
          "p95" : 0.11433959007263184
        },
        "rewriteMs" : {
          "max" : 513.7439966201782,
          "min" : 378.17203998565674,
          "p50" : 445.9580183029175,
          "p95" : 506.96539878845215
        },
        "sttMs" : {
          "max" : 1264.5230293273926,
          "min" : 916.1660671234131,
          "p50" : 1090.3445482254028,
          "p95" : 1247.1051812171936
        },
        "totalStageMs" : {
          "max" : 1807.922124862671,
          "min" : 1318.1971311569214,
          "p50" : 1563.0596280097961,
          "p95" : 1783.4358751773834
        }
      },
      "iterations" : 2,
      "level" : "clean",
      "providers" : {
        "rewriteObserved" : [
          {
            "count" : 2,
            "model" : "google/gemini-2.5-flash-lite",
            "path" : "openrouter"
          }
        ],
        "sttMode" : "batch",
        "sttObserved" : [
          {
            "count" : 2,
            "model" : "scribe_v2",
            "provider" : "ElevenLabs"
          }
        ]
      }
    },
    {
      "distributions" : {
        "encodeMs" : {
          "max" : 34.893035888671875,
          "min" : 23.26798439025879,
          "p50" : 29.080510139465332,
          "p95" : 34.31178331375122
        },
        "generationMs" : {
          "max" : 1552.4200201034546,
          "min" : 1504.8350095748901,
          "p50" : 1528.6275148391724,
          "p95" : 1550.0407695770264
        },
        "pasteMs" : {
          "max" : 0.13506412506103516,
          "min" : 0.04792213439941406,
          "p50" : 0.09149312973022461,
          "p95" : 0.1307070255279541
        },
        "rewriteMs" : {
          "max" : 541.5630340576172,
          "min" : 428.9029836654663,
          "p50" : 485.23300886154175,
          "p95" : 535.9300315380096
        },
        "sttMs" : {
          "max" : 1041.038990020752,
          "min" : 987.5890016555786,
          "p50" : 1014.3139958381653,
          "p95" : 1038.3664906024933
        },
        "totalStageMs" : {
          "max" : 1552.467942237854,
          "min" : 1504.9700736999512,
          "p50" : 1528.7190079689026,
          "p95" : 1550.0930488109589
        }
      },
      "iterations" : 2,
      "level" : "polish",
      "providers" : {
        "rewriteObserved" : [
          {
            "count" : 2,
            "model" : "x-ai/grok-4.1-fast",
            "path" : "openrouter"
          }
        ],
        "sttMode" : "batch",
        "sttObserved" : [
          {
            "count" : 2,
            "model" : "scribe_v2",
            "provider" : "ElevenLabs"
          }
        ]
      }
    }
  ],
  "pullRequestNumber" : 268,
  "rewriteRouting" : "openrouter",
  "schemaVersion" : 2,
  "sttChain" : [
    {
      "model" : "scribe_v2",
      "provider" : "ElevenLabs"
    },
    {
      "model" : "nova-3",
      "provider" : "Deepgram"
    }
  ],
  "sttMode" : "batch",
  "sttSelectionPolicy" : "auto"
}