{
  "audioBytes" : 427630,
  "audioFile" : "fixture.caf",
  "commitSHA" : "16a3652d7bc90908036ae217cdcf2d998dd462c4",
  "generatedAt" : "2026-02-19T03:29:51Z",
  "iterationsPerLevel" : 2,
  "label" : "ci",
  "levels" : [
    {
      "distributions" : {
        "encodeMs" : {
          "max" : 29.811978340148926,
          "min" : 28.126955032348633,
          "p50" : 28.96946668624878,
          "p95" : 29.72772717475891
        },
        "generationMs" : {
          "max" : 1441.6550397872925,
          "min" : 1131.0789585113525,
          "p50" : 1286.3669991493225,
          "p95" : 1426.1262357234955
        },
        "pasteMs" : {
          "max" : 0.26297569274902344,
          "min" : 0.06103515625,
          "p50" : 0.16200542449951172,
          "p95" : 0.25287866592407227
        },
        "rewriteMs" : {
          "max" : 0,
          "min" : 0,
          "p50" : 0,
          "p95" : 0
        },
        "sttMs" : {
          "max" : 1411.8430614471436,
          "min" : 1102.952003479004,
          "p50" : 1257.3975324630737,
          "p95" : 1396.3985085487366
        },
        "totalStageMs" : {
          "max" : 1441.7160749435425,
          "min" : 1131.3419342041016,
          "p50" : 1286.529004573822,
          "p95" : 1426.1973679065704
        }
      },
      "iterations" : 2,
      "level" : "raw",
      "providers" : {
        "sttMode" : "batch",
        "sttObserved" : [
          {
            "count" : 2,
            "model" : "scribe_v2",
            "provider" : "ElevenLabs"
          }
        ]
      }
    },
    {
      "distributions" : {
        "encodeMs" : {
          "max" : 31.61001205444336,
          "min" : 21.649956703186035,
          "p50" : 26.629984378814697,
          "p95" : 31.112009286880493
        },
        "generationMs" : {
          "max" : 2460.0499868392944,
          "min" : 1719.2689180374146,
          "p50" : 2089.6594524383545,
          "p95" : 2423.0109333992004
        },
        "pasteMs" : {
          "max" : 0.0909566879272461,
          "min" : 0.05602836608886719,
          "p50" : 0.07349252700805664,
          "p95" : 0.08921027183532715
        },
        "rewriteMs" : {
          "max" : 944.8809623718262,
          "min" : 673.9799976348877,
          "p50" : 809.4304800033569,
          "p95" : 931.3359141349792
        },
        "sttMs" : {
          "max" : 1483.559012413025,
          "min" : 1023.6389636993408,
          "p50" : 1253.5989880561829,
          "p95" : 1460.5630099773407
        },
        "totalStageMs" : {
          "max" : 2460.1409435272217,
          "min" : 1719.3249464035034,
          "p50" : 2089.7329449653625,
          "p95" : 2423.1001436710358
        }
      },
      "iterations" : 2,
      "level" : "clean",
      "providers" : {
        "rewriteObserved" : [
          {
            "count" : 2,
            "model" : "google/gemini-2.5-flash-lite",
            "path" : "openrouter"
          }
        ],
        "sttMode" : "batch",
        "sttObserved" : [
          {
            "count" : 2,
            "model" : "scribe_v2",
            "provider" : "ElevenLabs"
          }
        ]
      }
    },
    {
      "distributions" : {
        "encodeMs" : {
          "max" : 24.556994438171387,
          "min" : 20.2789306640625,
          "p50" : 22.417962551116943,
          "p95" : 24.343091249465942
        },
        "generationMs" : {
          "max" : 2204.9059867858887,
          "min" : 1487.1808290481567,
          "p50" : 1846.0434079170227,
          "p95" : 2169.019728899002
        },
        "pasteMs" : {
          "max" : 0.051021575927734375,
          "min" : 0.049948692321777344,
          "p50" : 0.05048513412475586,
          "p95" : 0.05096793174743652
        },
        "rewriteMs" : {
          "max" : 759.7529888153076,
          "min" : 388.3169889450073,
          "p50" : 574.0349888801575,
          "p95" : 741.1811888217926
        },
        "sttMs" : {
          "max" : 1420.5960035324097,
          "min" : 1078.584909439087,
          "p50" : 1249.5904564857483,
          "p95" : 1403.4954488277435
        },
        "totalStageMs" : {
          "max" : 2204.9559354782104,
          "min" : 1487.2318506240845,
          "p50" : 1846.0938930511475,
          "p95" : 2169.069731235504
        }
      },
      "iterations" : 2,
      "level" : "polish",
      "providers" : {
        "rewriteObserved" : [
          {
            "count" : 2,
            "model" : "x-ai/grok-4.1-fast",
            "path" : "openrouter"
          }
        ],
        "sttMode" : "batch",
        "sttObserved" : [
          {
            "count" : 2,
            "model" : "scribe_v2",
            "provider" : "ElevenLabs"
          }
        ]
      }
    }
  ],
  "pullRequestNumber" : 268,
  "rewriteRouting" : "openrouter",
  "schemaVersion" : 2,
  "sttChain" : [
    {
      "model" : "scribe_v2",
      "provider" : "ElevenLabs"
    },
    {
      "model" : "nova-3",
      "provider" : "Deepgram"
    }
  ],
  "sttMode" : "batch",
  "sttSelectionPolicy" : "auto"
}