{
  "audioBytes" : 558044,
  "audioFile" : "2 fixtures",
  "commitSHA" : "b5f0500eb2dd4abf092719c48ddc996e588522fb",
  "fixtureResults" : [
    {
      "audioBytes" : 130414,
      "audioFile" : "fixture-short.caf",
      "fixtureID" : "fixture-short",
      "levels" : [
        {
          "distributions" : {
            "encodeMs" : {
              "max" : 0,
              "min" : 0,
              "p50" : 0,
              "p95" : 0
            },
            "generationMs" : {
              "max" : 582.9119682312012,
              "min" : 545.8680391311646,
              "p50" : 559.5250129699707,
              "p95" : 580.6759834289551
            },
            "pasteMs" : {
              "max" : 0.1100301742553711,
              "min" : 0.031948089599609375,
              "p50" : 0.07700920104980469,
              "p95" : 0.10561943054199219
            },
            "rewriteMs" : {
              "max" : 0,
              "min" : 0,
              "p50" : 0,
              "p95" : 0
            },
            "sttMs" : {
              "max" : 582.9119682312012,
              "min" : 545.8680391311646,
              "p50" : 559.5250129699707,
              "p95" : 580.6759834289551
            },
            "totalStageMs" : {
              "max" : 582.9999446868896,
              "min" : 545.9780693054199,
              "p50" : 559.5569610595703,
              "p95" : 580.7603597640991
            }
          },
          "iterations" : 5,
          "level" : "raw",
          "providers" : {
            "sttMode" : "batch",
            "sttObserved" : [
              {
                "count" : 5,
                "model" : "scribe_v2",
                "provider" : "ElevenLabs"
              }
            ]
          }
        },
        {
          "distributions" : {
            "encodeMs" : {
              "max" : 0,
              "min" : 0,
              "p50" : 0,
              "p95" : 0
            },
            "generationMs" : {
              "max" : 644.118070602417,
              "min" : 549.9800443649292,
              "p50" : 568.7850713729858,
              "p95" : 632.1232318878174
            },
            "pasteMs" : {
              "max" : 0.030994415283203125,
              "min" : 0.02002716064453125,
              "p50" : 0.025987625122070312,
              "p95" : 0.029993057250976562
            },
            "rewriteMs" : {
              "max" : 25.734901428222656,
              "min" : 8.061051368713379,
              "p50" : 9.720087051391602,
              "p95" : 22.762322425842285
            },
            "sttMs" : {
              "max" : 636.0570192337036,
              "min" : 539.1080379486084,
              "p50" : 558.4089756011963,
              "p95" : 620.7820177078247
            },
            "totalStageMs" : {
              "max" : 644.1380977630615,
              "min" : 550.0110387802124,
              "p50" : 568.8110589981079,
              "p95" : 632.1444511413574
            }
          },
          "iterations" : 5,
          "level" : "clean",
          "providers" : {
            "rewriteObserved" : [

            ],
            "sttMode" : "batch",
            "sttObserved" : [
              {
                "count" : 5,
                "model" : "scribe_v2",
                "provider" : "ElevenLabs"
              }
            ]
          }
        },
        {
          "distributions" : {
            "encodeMs" : {
              "max" : 0,
              "min" : 0,
              "p50" : 0,
              "p95" : 0
            },
            "generationMs" : {
              "max" : 630.4218769073486,
              "min" : 550.9010553359985,
              "p50" : 577.7239799499512,
              "p95" : 624.3013143539429
            },
            "pasteMs" : {
              "max" : 0.11396408081054688,
              "min" : 0.05602836608886719,
              "p50" : 0.08094310760498047,
              "p95" : 0.11136531829833984
            },
            "rewriteMs" : {
              "max" : 18.522024154663086,
              "min" : 10.838031768798828,
              "p50" : 14.284968376159668,
              "p95" : 18.110013008117676
            },
            "sttMs" : {
              "max" : 616.3569688796997,
              "min" : 540.0630235671997,
              "p50" : 563.4390115737915,
              "p95" : 609.3449831008911
            },
            "totalStageMs" : {
              "max" : 630.5358409881592,
              "min" : 550.9589910507202,
              "p50" : 577.8049230575562,
              "p95" : 624.4036912918091
            }
          },
          "iterations" : 5,
          "level" : "polish",
          "providers" : {
            "rewriteObserved" : [

            ],
            "sttMode" : "batch",
            "sttObserved" : [
              {
                "count" : 5,
                "model" : "scribe_v2",
                "provider" : "ElevenLabs"
              }
            ]
          }
        }
      ]
    },
    {
      "audioBytes" : 427630,
      "audioFile" : "fixture-medium.caf",
      "fixtureID" : "fixture-medium",
      "levels" : [
        {
          "distributions" : {
            "encodeMs" : {
              "max" : 0.2970695495605469,
              "min" : 0.07998943328857422,
              "p50" : 0.10204315185546875,
              "p95" : 0.2626657485961914
            },
            "generationMs" : {
              "max" : 1129.9231052398682,
              "min" : 911.0920429229736,
              "p50" : 1025.8649587631226,
              "p95" : 1110.3795051574707
            },
            "pasteMs" : {
              "max" : 0.3470182418823242,
              "min" : 0.03802776336669922,
              "p50" : 0.07390975952148438,
              "p95" : 0.29242038726806635
            },
            "rewriteMs" : {
              "max" : 0,
              "min" : 0,
              "p50" : 0,
              "p95" : 0
            },
            "sttMs" : {
              "max" : 1129.7980546951294,
              "min" : 910.9899997711182,
              "p50" : 1025.771975517273,
              "p95" : 1110.2200508117676
            },
            "totalStageMs" : {
              "max" : 1129.9971342086792,
              "min" : 911.1659526824951,
              "p50" : 1026.2119770050049,
              "p95" : 1110.4463338851929
            }
          },
          "iterations" : 5,
          "level" : "raw",
          "providers" : {
            "sttMode" : "batch",
            "sttObserved" : [
              {
                "count" : 5,
                "model" : "scribe_v2",
                "provider" : "ElevenLabs"
              }
            ]
          }
        },
        {
          "distributions" : {
            "encodeMs" : {
              "max" : 0.1710653305053711,
              "min" : 0.033020973205566406,
              "p50" : 0.10597705841064453,
              "p95" : 0.16984939575195312
            },
            "generationMs" : {
              "max" : 1127.4800300598145,
              "min" : 935.6468915939331,
              "p50" : 997.1040487289429,
              "p95" : 1101.7872333526611
            },
            "pasteMs" : {
              "max" : 0.11706352233886719,
              "min" : 0.02300739288330078,
              "p50" : 0.06794929504394531,
              "p95" : 0.11103153228759766
            },
            "rewriteMs" : {
              "max" : 11.970043182373047,
              "min" : 8.31902027130127,
              "p50" : 10.977983474731445,
              "p95" : 11.833620071411133
            },
            "sttMs" : {
              "max" : 1115.4769659042358,
              "min" : 924.5729446411133,
              "p50" : 986.1999750137329,
              "p95" : 1090.486764907837
            },
            "totalStageMs" : {
              "max" : 1127.5430917739868,
              "min" : 935.714840888977,
              "p50" : 997.2211122512817,