{
  "audioBytes" : 558044,
  "audioFile" : "2 fixtures",
  "commitSHA" : "fbbcad4936c24b0d4bc27f5f6c66fe0b8f088f42",
  "fixtureResults" : [
    {
      "audioBytes" : 130414,
      "audioFile" : "fixture-short.caf",
      "fixtureID" : "fixture-short",
      "levels" : [
        {
          "distributions" : {
            "encodeMs" : {
              "max" : 0,
              "min" : 0,
              "p50" : 0,
              "p95" : 0
            },
            "generationMs" : {
              "max" : 211.10498905181885,
              "min" : 99.65598583221436,
              "p50" : 101.67193412780762,
              "p95" : 191.1261796951294
            },
            "pasteMs" : {
              "max" : 0.2110004425048828,
              "min" : 0.05996227264404297,
              "p50" : 0.08392333984375,
              "p95" : 0.18780231475830078
            },
            "rewriteMs" : {
              "max" : 0,
              "min" : 0,
              "p50" : 0,
              "p95" : 0
            },
            "sttMs" : {
              "max" : 211.10498905181885,
              "min" : 99.65598583221436,
              "p50" : 101.67193412780762,
              "p95" : 191.1261796951294
            },
            "totalStageMs" : {
              "max" : 211.1649513244629,
              "min" : 99.86698627471924,
              "p50" : 101.74703598022461,
              "p95" : 191.19093418121338
            }
          },
          "iterations" : 5,
          "level" : "raw",
          "providers" : {
            "sttMode" : "mock",
            "sttObserved" : [
              {
                "count" : 5,
                "model" : "fixed-delay-v1",
                "provider" : "DeterministicSTT"
              }
            ]
          }
        },
        {
          "distributions" : {
            "encodeMs" : {
              "max" : 0,
              "min" : 0,
              "p50" : 0,
              "p95" : 0
            },
            "generationMs" : {
              "max" : 474.68507289886475,
              "min" : 227.81193256378174,
              "p50" : 321.8419551849365,
              "p95" : 451.9854545593262
            },
            "pasteMs" : {
              "max" : 0.16200542449951172,
              "min" : 0.08106231689453125,
              "p50" : 0.14698505401611328,
              "p95" : 0.15919208526611328
            },
            "rewriteMs" : {
              "max" : 260.3210210800171,
              "min" : 145.98393440246582,
              "p50" : 243.36397647857666,
              "p95" : 258.5154056549072
            },
            "sttMs" : {
              "max" : 214.36405181884766,
              "min" : 78.47797870635986,
              "p50" : 109.8940372467041,
              "p95" : 196.40944004058838
            },
            "totalStageMs" : {
              "max" : 474.84707832336426,
              "min" : 227.95987129211426,
              "p50" : 321.92301750183105,
              "p95" : 452.144455909729
            }
          },
          "iterations" : 5,
          "level" : "clean",
          "providers" : {
            "rewriteObserved" : [
              {
                "count" : 5,
                "model" : "mercury-2",
                "path" : "deterministic"
              }
            ],
            "sttMode" : "mock",
            "sttObserved" : [
              {
                "count" : 5,
                "model" : "fixed-delay-v1",
                "provider" : "DeterministicSTT"
              }
            ]
          }
        },
        {
          "distributions" : {
            "encodeMs" : {
              "max" : 0,
              "min" : 0,
              "p50" : 0,
              "p95" : 0
            },
            "generationMs" : {
              "max" : 474.3080139160156,
              "min" : 252.30908393859863,
              "p50" : 373.318076133728,
              "p95" : 464.72222805023193
            },
            "pasteMs" : {
              "max" : 0.39196014404296875,
              "min" : 0.03695487976074219,
              "p50" : 0.15401840209960938,
              "p95" : 0.3483772277832031
            },
            "rewriteMs" : {
              "max" : 293.35200786590576,
              "min" : 167.0079231262207,
              "p50" : 242.05303192138672,
              "p95" : 289.5710229873657
            },
            "sttMs" : {
              "max" : 184.32605266571045,
              "min" : 77.42798328399658,
              "p50" : 154.59394454956055,
              "p95" : 183.65204334259033
            },
            "totalStageMs" : {
              "max" : 474.6999740600586,
              "min" : 252.4561882019043,
              "p50" : 373.35503101348877,
              "p95" : 465.07060527801514
            }
          },
          "iterations" : 5,
          "level" : "polish",
          "providers" : {
            "rewriteObserved" : [
              {
                "count" : 5,
                "model" : "mercury-2",
                "path" : "deterministic"
              }
            ],
            "sttMode" : "mock",
            "sttObserved" : [
              {
                "count" : 5,
                "model" : "fixed-delay-v1",
                "provider" : "DeterministicSTT"
              }
            ]
          }
        }
      ]
    },
    {
      "audioBytes" : 427630,
      "audioFile" : "fixture-medium.caf",
      "fixtureID" : "fixture-medium",
      "levels" : [
        {
          "distributions" : {
            "encodeMs" : {
              "max" : 0,
              "min" : 0,
              "p50" : 0,
              "p95" : 0
            },
            "generationMs" : {
              "max" : 205.530047416687,
              "min" : 82.24797248840332,
              "p50" : 97.15497493743896,
              "p95" : 192.42043495178223
            },
            "pasteMs" : {
              "max" : 0.08893013000488281,
              "min" : 0.03600120544433594,
              "p50" : 0.07390975952148438,
              "p95" : 0.0871419906616211
            },
            "rewriteMs" : {
              "max" : 0,
              "min" : 0,
              "p50" : 0,
              "p95" : 0
            },
            "sttMs" : {
              "max" : 205.530047416687,
              "min" : 82.24797248840332,
              "p50" : 97.15497493743896,
              "p95" : 192.42043495178223
            },
            "totalStageMs" : {
              "max" : 205.6100368499756,
              "min" : 82.3218822479248,
              "p50" : 97.24390506744385,
              "p95" : 192.49162673950195
            }
          },
          "iterations" : 5,
          "level" : "raw",
          "providers" : {
            "sttMode" : "mock",
            "sttObserved" : [
              {
                "count" : 5,
                "model" : "fixed-delay-v1",
                "provider" : "DeterministicSTT"
              }
            ]
          }
        },
        {
          "distributions" : {
            "encodeMs" : {
              "max" : 0,
              "min" : 0,
              "p50" : 0,
              "p95" : 0
            },
            "generationMs" : {
              "max" : 376.6850233078003,
              "min" : 179.77607250213623,
              "p50" : 319.3730115890503,
              "p95" : 372.19600677490234
            },
            "pasteMs" : {
              "max" : 0.14698505401611328,
              "min" : 0.09298324584960938,
              "p50" : 0.14400482177734375,
              "p95" : 0.14638900756835938
            },
            "rewriteMs" : {
              "max" : 231.7979335784912,
              "min" : 106.59503936767578,
              "p50" : 112.65802383422852,
              "p95" : 221.13513946533203
            },
            "sttMs" : {
              "max" : 212.7779722213745,
              "min" : 67.11804866790771,
              "p50" : 122.44200706481934,
              "p95" : 209.8625898361206
            },