{
  "audioBytes" : 558044,
  "audioFile" : "2 fixtures",
  "commitSHA" : "fbbcad4936c24b0d4bc27f5f6c66fe0b8f088f42",
  "fixtureResults" : [
    {
      "audioBytes" : 130414,
      "audioFile" : "fixture-short.caf",
      "fixtureID" : "fixture-short",
      "levels" : [
        {
          "distributions" : {
            "encodeMs" : {
              "max" : 0,
              "min" : 0,
              "p50" : 0,
              "p95" : 0
            },
            "generationMs" : {
              "max" : 587.8039598464966,
              "min" : 546.8579530715942,
              "p50" : 563.9480352401733,
              "p95" : 583.4115505218506
            },
            "pasteMs" : {
              "max" : 0.14197826385498047,
              "min" : 0.03600120544433594,
              "p50" : 0.05698204040527344,
              "p95" : 0.12879371643066406
            },
            "rewriteMs" : {
              "max" : 0,
              "min" : 0,
              "p50" : 0,
              "p95" : 0
            },
            "sttMs" : {
              "max" : 587.8039598464966,
              "min" : 546.8579530715942,
              "p50" : 563.9480352401733,
              "p95" : 583.4115505218506
            },
            "totalStageMs" : {
              "max" : 587.8399610519409,
              "min" : 546.9999313354492,
              "p50" : 564.0029907226562,
              "p95" : 583.4555625915527
            }
          },
          "iterations" : 5,
          "level" : "raw",
          "providers" : {
            "sttMode" : "batch",
            "sttObserved" : [
              {
                "count" : 5,
                "model" : "scribe_v2",
                "provider" : "ElevenLabs"
              }
            ]
          }
        },
        {
          "distributions" : {
            "encodeMs" : {
              "max" : 0,
              "min" : 0,
              "p50" : 0,
              "p95" : 0
            },
            "generationMs" : {
              "max" : 578.9940357208252,
              "min" : 562.4459981918335,
              "p50" : 566.8579339981079,
              "p95" : 578.0906200408936
            },
            "pasteMs" : {
              "max" : 0.05900859832763672,
              "min" : 0.01800060272216797,
              "p50" : 0.025033950805664062,
              "p95" : 0.05240440368652343
            },
            "rewriteMs" : {
              "max" : 20.519018173217773,
              "min" : 9.32002067565918,
              "p50" : 12.498974800109863,
              "p95" : 19.320034980773926
            },
            "sttMs" : {
              "max" : 565.1569366455078,
              "min" : 549.9579906463623,
              "p50" : 554.358959197998,
              "p95" : 563.8205528259277
            },
            "totalStageMs" : {
              "max" : 579.0200233459473,
              "min" : 562.4690055847168,
              "p50" : 566.8829679489136,
              "p95" : 578.1150102615356
            }
          },
          "iterations" : 5,
          "level" : "clean",
          "providers" : {
            "rewriteObserved" : [

            ],
            "sttMode" : "batch",
            "sttObserved" : [
              {
                "count" : 5,
                "model" : "scribe_v2",
                "provider" : "ElevenLabs"
              }
            ]
          }
        },
        {
          "distributions" : {
            "encodeMs" : {
              "max" : 0,
              "min" : 0,
              "p50" : 0,
              "p95" : 0
            },
            "generationMs" : {
              "max" : 616.3070201873779,
              "min" : 567.8819417953491,
              "p50" : 583.7661027908325,
              "p95" : 611.5139961242676
            },
            "pasteMs" : {
              "max" : 0.11396408081054688,
              "min" : 0.028014183044433594,
              "p50" : 0.10204315185546875,
              "p95" : 0.11217594146728516
            },
            "rewriteMs" : {
              "max" : 15.500068664550781,
              "min" : 12.809991836547852,
              "p50" : 13.699054718017578,
              "p95" : 15.439438819885254
            },
            "sttMs" : {
              "max" : 602.6079654693604,
              "min" : 555.0719499588013,
              "p50" : 568.5230493545532,
              "p95" : 597.5153684616089
            },
            "totalStageMs" : {
              "max" : 616.4090633392334,
              "min" : 567.9099559783936,
              "p50" : 583.8280916213989,
              "p95" : 611.6184234619141
            }
          },
          "iterations" : 5,
          "level" : "polish",
          "providers" : {
            "rewriteObserved" : [

            ],
            "sttMode" : "batch",
            "sttObserved" : [
              {
                "count" : 5,
                "model" : "scribe_v2",
                "provider" : "ElevenLabs"
              }
            ]
          }
        }
      ]
    },
    {
      "audioBytes" : 427630,
      "audioFile" : "fixture-medium.caf",
      "fixtureID" : "fixture-medium",
      "levels" : [
        {
          "distributions" : {
            "encodeMs" : {
              "max" : 0.23794174194335938,
              "min" : 0.08094310760498047,
              "p50" : 0.17189979553222656,
              "p95" : 0.2309560775756836
            },
            "generationMs" : {
              "max" : 1020.706057548523,
              "min" : 944.0020322799683,
              "p50" : 967.3810005187988,
              "p95" : 1011.4044427871704
            },
            "pasteMs" : {
              "max" : 0.12004375457763672,
              "min" : 0.04100799560546875,
              "p50" : 0.09298324584960938,
              "p95" : 0.11785030364990234
            },
            "rewriteMs" : {
              "max" : 0,
              "min" : 0,
              "p50" : 0,
              "p95" : 0
            },
            "sttMs" : {
              "max" : 1020.5349922180176,
              "min" : 943.7640905380249,
              "p50" : 967.1779870986938,
              "p95" : 1011.2514019012451
            },
            "totalStageMs" : {
              "max" : 1020.7990407943726,
              "min" : 944.1111087799072,
              "p50" : 967.4220085144043,
              "p95" : 1011.4968299865723
            }
          },
          "iterations" : 5,
          "level" : "raw",
          "providers" : {
            "sttMode" : "batch",
            "sttObserved" : [
              {
                "count" : 5,
                "model" : "scribe_v2",
                "provider" : "ElevenLabs"
              }
            ]
          }
        },
        {
          "distributions" : {
            "encodeMs" : {
              "max" : 0.1659393310546875,
              "min" : 0.07998943328857422,
              "p50" : 0.15306472778320312,
              "p95" : 0.16574859619140625
            },
            "generationMs" : {
              "max" : 998.5679388046265,
              "min" : 953.6269903182983,
              "p50" : 978.5350561141968,
              "p95" : 994.9553489685059
            },
            "pasteMs" : {
              "max" : 0.11897087097167969,
              "min" : 0.05900859832763672,
              "p50" : 0.11408329010009766,
              "p95" : 0.11837482452392578
            },
            "rewriteMs" : {
              "max" : 32.17196464538574,
              "min" : 11.282920837402344,
              "p50" : 14.914989471435547,
              "p95" : 28.903174400329586
            },
            "sttMs" : {
              "max" : 987.2040748596191,
              "min" : 939.5920038223267,
              "p50" : 955.1479816436768,
              "p95" : 982.271671295166
            },
            "totalStageMs" : {
              "max" : 998.6269474029541,
              "min" : 953.74596118927,
              "p50" : 978.6491394042969,
              "p95" : 995.0193643569946
            }
          },