{
  "audioBytes" : 558044,
  "audioFile" : "2 fixtures",
  "commitSHA" : "8e0995938067231acfdbcaa3e0d408a493d8af47",
  "fixtureResults" : [
    {
      "audioBytes" : 130414,
      "audioFile" : "fixture-short.caf",
      "fixtureID" : "fixture-short",
      "levels" : [
        {
          "distributions" : {
            "encodeMs" : {
              "max" : 0,
              "min" : 0,
              "p50" : 0,
              "p95" : 0
            },
            "generationMs" : {
              "max" : 612.1950149536133,
              "min" : 511.90996170043945,
              "p50" : 526.2869596481323,
              "p95" : 595.1964139938354
            },
            "pasteMs" : {
              "max" : 0.08308887481689453,
              "min" : 0.025987625122070312,
              "p50" : 0.06496906280517578,
              "p95" : 0.08246898651123047
            },
            "rewriteMs" : {
              "max" : 0,
              "min" : 0,
              "p50" : 0,
              "p95" : 0
            },
            "sttMs" : {
              "max" : 612.1950149536133,
              "min" : 511.90996170043945,
              "p50" : 526.2869596481323,
              "p95" : 595.1964139938354
            },
            "totalStageMs" : {
              "max" : 612.2750043869019,
              "min" : 511.9609832763672,
              "p50" : 526.3129472732544,
              "p95" : 595.2770233154297
            }
          },
          "iterations" : 5,
          "level" : "raw",
          "providers" : {
            "sttMode" : "batch",
            "sttObserved" : [
              {
                "count" : 5,
                "model" : "scribe_v2",
                "provider" : "ElevenLabs"
              }
            ]
          }
        },
        {
          "distributions" : {
            "encodeMs" : {
              "max" : 0,
              "min" : 0,
              "p50" : 0,
              "p95" : 0
            },
            "generationMs" : {
              "max" : 586.8940353393555,
              "min" : 543.1430339813232,
              "p50" : 553.4000396728516,
              "p95" : 582.5278043746948
            },
            "pasteMs" : {
              "max" : 0.1430511474609375,
              "min" : 0.10693073272705078,
              "p50" : 0.11301040649414062,
              "p95" : 0.1398324966430664
            },
            "rewriteMs" : {
              "max" : 25.28691291809082,
              "min" : 21.91603183746338,
              "p50" : 22.933006286621094,
              "p95" : 25.255537033081055
            },
            "sttMs" : {
              "max" : 561.7640018463135,
              "min" : 521.2270021438599,
              "p50" : 530.4670333862305,
              "p95" : 557.8897953033447
            },
            "totalStageMs" : {
              "max" : 587.0009660720825,
              "min" : 543.2699918746948,
              "p50" : 553.5130500793457,
              "p95" : 582.6357364654541
            }
          },
          "iterations" : 5,
          "level" : "clean",
          "providers" : {
            "rewriteObserved" : [

            ],
            "sttMode" : "batch",
            "sttObserved" : [
              {
                "count" : 5,
                "model" : "scribe_v2",
                "provider" : "ElevenLabs"
              }
            ]
          }
        },
        {
          "distributions" : {
            "encodeMs" : {
              "max" : 0,
              "min" : 0,
              "p50" : 0,
              "p95" : 0
            },
            "generationMs" : {
              "max" : 688.215970993042,
              "min" : 532.9098701477051,
              "p50" : 551.4169931411743,
              "p95" : 663.5685682296753
            },
            "pasteMs" : {
              "max" : 0.12004375457763672,
              "min" : 0.0209808349609375,
              "p50" : 0.02396106719970703,
              "p95" : 0.10282993316650389
            },
            "rewriteMs" : {
              "max" : 22.96292781829834,
              "min" : 19.742965698242188,
              "p50" : 20.000934600830078,
              "p95" : 22.519350051879883
            },
            "sttMs" : {
              "max" : 668.4730052947998,
              "min" : 509.94694232940674,
              "p50" : 531.4160585403442,
              "p95" : 643.7762022018433
            },
            "totalStageMs" : {
              "max" : 688.2380247116089,
              "min" : 533.0299139022827,
              "p50" : 551.440954208374,
              "p95" : 663.5930061340332
            }
          },
          "iterations" : 5,
          "level" : "polish",
          "providers" : {
            "rewriteObserved" : [

            ],
            "sttMode" : "batch",
            "sttObserved" : [
              {
                "count" : 5,
                "model" : "scribe_v2",
                "provider" : "ElevenLabs"
              }
            ]
          }
        }
      ]
    },
    {
      "audioBytes" : 427630,
      "audioFile" : "fixture-medium.caf",
      "fixtureID" : "fixture-medium",
      "levels" : [
        {
          "distributions" : {
            "encodeMs" : {
              "max" : 0.2760887145996094,
              "min" : 0.030994415283203125,
              "p50" : 0.031948089599609375,
              "p95" : 0.2290725708007812
            },
            "generationMs" : {
              "max" : 997.1520900726318,
              "min" : 910.9269380569458,
              "p50" : 952.8229236602783,
              "p95" : 988.4730577468872
            },
            "pasteMs" : {
              "max" : 0.23698806762695312,
              "min" : 0.012993812561035156,
              "p50" : 0.08690357208251953,
              "p95" : 0.2263784408569336
            },
            "rewriteMs" : {
              "max" : 0,
              "min" : 0,
              "p50" : 0,
              "p95" : 0
            },
            "sttMs" : {
              "max" : 996.8760013580322,
              "min" : 910.8859300613403,
              "p50" : 952.7909755706787,
              "p95" : 988.2459878921509
            },
            "totalStageMs" : {
              "max" : 997.3890781402588,
              "min" : 911.0138416290283,
              "p50" : 952.9029130935669,
              "p95" : 988.6994361877441
            }
          },
          "iterations" : 5,
          "level" : "raw",
          "providers" : {
            "sttMode" : "batch",
            "sttObserved" : [
              {
                "count" : 5,
                "model" : "scribe_v2",
                "provider" : "ElevenLabs"
              }
            ]
          }
        },
        {
          "distributions" : {
            "encodeMs" : {
              "max" : 0.21505355834960938,
              "min" : 0.07605552673339844,
              "p50" : 0.16200542449951172,
              "p95" : 0.21004676818847656
            },
            "generationMs" : {
              "max" : 979.9370765686035,
              "min" : 928.2950162887573,
              "p50" : 936.1701011657715,
              "p95" : 974.9314785003662
            },
            "pasteMs" : {
              "max" : 0.13303756713867188,
              "min" : 0.02300739288330078,
              "p50" : 0.11789798736572266,
              "p95" : 0.1306295394897461
            },
            "rewriteMs" : {
              "max" : 31.77201747894287,
              "min" : 22.346973419189453,
              "p50" : 24.532079696655273,
              "p95" : 30.36961555480957
            },
            "sttMs" : {
              "max" : 956.1649560928345,
              "min" : 896.3329792022705,
              "p50" : 911.2790822982788,
              "p95" : 951.4291763305664
            },
            "totalStageMs" : {
              "max" : 980.0549745559692,
              "min" : 928.4160137176514,
              "p50" : 936.3031387329102,
              "p95" : 975.0303983688354
            }
          },