{
  "audioBytes" : 558044,
  "audioFile" : "2 fixtures",
  "commitSHA" : "6de667b57f9699d08377ba366233d08069049b7a",
  "fixtureResults" : [
    {
      "audioBytes" : 130414,
      "audioFile" : "fixture-short.caf",
      "fixtureID" : "fixture-short",
      "levels" : [
        {
          "distributions" : {
            "encodeMs" : {
              "max" : 0,
              "min" : 0,
              "p50" : 0,
              "p95" : 0
            },
            "generationMs" : {
              "max" : 597.0150232315063,
              "min" : 544.7319746017456,
              "p50" : 584.3949317932129,
              "p95" : 594.7012186050415
            },
            "pasteMs" : {
              "max" : 0.1499652862548828,
              "min" : 0.011086463928222656,
              "p50" : 0.0820159912109375,
              "p95" : 0.13718605041503906
            },
            "rewriteMs" : {
              "max" : 0,
              "min" : 0,
              "p50" : 0,
              "p95" : 0
            },
            "sttMs" : {
              "max" : 597.0150232315063,
              "min" : 544.7319746017456,
              "p50" : 584.3949317932129,
              "p95" : 594.7012186050415
            },
            "totalStageMs" : {
              "max" : 597.1649885177612,
              "min" : 544.8139905929565,
              "p50" : 584.4060182571411,
              "p95" : 594.8384046554565
            }
          },
          "iterations" : 5,
          "level" : "raw",
          "providers" : {
            "sttMode" : "batch",
            "sttObserved" : [
              {
                "count" : 5,
                "model" : "scribe_v2",
                "provider" : "ElevenLabs"
              }
            ]
          }
        },
        {
          "distributions" : {
            "encodeMs" : {
              "max" : 0,
              "min" : 0,
              "p50" : 0,
              "p95" : 0
            },
            "generationMs" : {
              "max" : 677.6160001754761,
              "min" : 553.9230108261108,
              "p50" : 628.6200284957886,
              "p95" : 673.7910032272339
            },
            "pasteMs" : {
              "max" : 0.10704994201660156,
              "min" : 0.033974647521972656,
              "p50" : 0.0940561294555664,
              "p95" : 0.1064300537109375
            },
            "rewriteMs" : {
              "max" : 12.619972229003906,
              "min" : 8.643031120300293,
              "p50" : 11.852025985717773,
              "p95" : 12.568378448486328
            },
            "sttMs" : {
              "max" : 665.7639741897583,
              "min" : 541.3030385971069,
              "p50" : 617.097020149231,
              "p95" : 661.8369817733765
            },
            "totalStageMs" : {
              "max" : 677.7091026306152,
              "min" : 554.0170669555664,
              "p50" : 628.7239789962769,
              "p95" : 673.8868951797485
            }
          },
          "iterations" : 5,
          "level" : "clean",
          "providers" : {
            "rewriteObserved" : [

            ],
            "sttMode" : "batch",
            "sttObserved" : [
              {
                "count" : 5,
                "model" : "scribe_v2",
                "provider" : "ElevenLabs"
              }
            ]
          }
        },
        {
          "distributions" : {
            "encodeMs" : {
              "max" : 0,
              "min" : 0,
              "p50" : 0,
              "p95" : 0
            },
            "generationMs" : {
              "max" : 662.0900630950928,
              "min" : 578.8060426712036,
              "p50" : 586.7679119110107,
              "p95" : 650.8600473403931
            },
            "pasteMs" : {
              "max" : 0.16701221466064453,
              "min" : 0.09202957153320312,
              "p50" : 0.11098384857177734,
              "p95" : 0.16021728515625
            },
            "rewriteMs" : {
              "max" : 13.057947158813477,
              "min" : 11.358976364135742,
              "p50" : 11.597037315368652,
              "p95" : 12.783145904541016
            },
            "sttMs" : {
              "max" : 650.731086730957,
              "min" : 567.209005355835,
              "p50" : 573.7099647521973,
              "p95" : 639.4360780715942
            },
            "totalStageMs" : {
              "max" : 662.1980667114258,
              "min" : 578.9170265197754,
              "p50" : 586.859941482544,
              "p95" : 650.9730577468872
            }
          },
          "iterations" : 5,
          "level" : "polish",
          "providers" : {
            "rewriteObserved" : [

            ],
            "sttMode" : "batch",
            "sttObserved" : [
              {
                "count" : 5,
                "model" : "scribe_v2",
                "provider" : "ElevenLabs"
              }
            ]
          }
        }
      ]
    },
    {
      "audioBytes" : 427630,
      "audioFile" : "fixture-medium.caf",
      "fixtureID" : "fixture-medium",
      "levels" : [
        {
          "distributions" : {
            "encodeMs" : {
              "max" : 0.12803077697753906,
              "min" : 0.030994415283203125,
              "p50" : 0.04088878631591797,
              "p95" : 0.11141300201416014
            },
            "generationMs" : {
              "max" : 1033.161997795105,
              "min" : 936.2140893936157,
              "p50" : 985.4168891906738,
              "p95" : 1030.077576637268
            },
            "pasteMs" : {
              "max" : 0.20205974578857422,
              "min" : 0.016927719116210938,
              "p50" : 0.052928924560546875,
              "p95" : 0.17244815826416013
            },
            "rewriteMs" : {
              "max" : 0,
              "min" : 0,
              "p50" : 0,
              "p95" : 0
            },
            "sttMs" : {
              "max" : 1033.1310033798218,
              "min" : 936.0860586166382,
              "p50" : 985.3760004043579,
              "p95" : 1030.0437927246094
            },
            "totalStageMs" : {
              "max" : 1033.2149267196655,
              "min" : 936.4161491394043,
              "p50" : 985.43381690979,
              "p95" : 1030.1237106323242
            }
          },
          "iterations" : 5,
          "level" : "raw",
          "providers" : {
            "sttMode" : "batch",
            "sttObserved" : [
              {
                "count" : 5,
                "model" : "scribe_v2",
                "provider" : "ElevenLabs"
              }
            ]
          }
        },
        {
          "distributions" : {
            "encodeMs" : {
              "max" : 0.10311603546142578,
              "min" : 0.030994415283203125,
              "p50" : 0.08308887481689453,
              "p95" : 0.1008749008178711
            },
            "generationMs" : {
              "max" : 1155.729055404663,
              "min" : 982.5670719146729,
              "p50" : 1040.579915046692,
              "p95" : 1134.6810340881348
            },
            "pasteMs" : {
              "max" : 0.13494491577148438,
              "min" : 0.02491474151611328,
              "p50" : 0.07092952728271484,
              "p95" : 0.12295246124267577
            },
            "rewriteMs" : {
              "max" : 17.71402359008789,
              "min" : 9.49394702911377,
              "p50" : 11.976957321166992,
              "p95" : 17.090225219726562
            },
            "sttMs" : {
              "max" : 1137.9319429397583,
              "min" : 970.4869985580444,
              "p50" : 1031.054973602295,
              "p95" : 1118.4441566467285
            },
            "totalStageMs" : {
              "max" : 1155.8040380477905,
              "min" : 982.6380014419556,
              "p50" : 1040.6098365783691,
              "p95" : 1134.74600315094
            }
          },