{
  "audioBytes" : 558044,
  "audioFile" : "2 fixtures",
  "commitSHA" : "42b2a7df400e77b2be5e27a46e2d6244aeaed8ec",
  "fixtureResults" : [
    {
      "audioBytes" : 130414,
      "audioFile" : "fixture-short.caf",
      "fixtureID" : "fixture-short",
      "levels" : [
        {
          "distributions" : {
            "encodeMs" : {
              "max" : 0,
              "min" : 0,
              "p50" : 0,
              "p95" : 0
            },
            "generationMs" : {
              "max" : 207.03399181365967,
              "min" : 100.49402713775635,
              "p50" : 101.61495208740234,
              "p95" : 185.988187789917
            },
            "pasteMs" : {
              "max" : 0.06902217864990234,
              "min" : 0.015020370483398438,
              "p50" : 0.033020973205566406,
              "p95" : 0.0650167465209961
            },
            "rewriteMs" : {
              "max" : 0,
              "min" : 0,
              "p50" : 0,
              "p95" : 0
            },
            "sttMs" : {
              "max" : 207.03399181365967,
              "min" : 100.49402713775635,
              "p50" : 101.61495208740234,
              "p95" : 185.988187789917
            },
            "totalStageMs" : {
              "max" : 207.04901218414307,
              "min" : 100.54302215576172,
              "p50" : 101.64797306060791,
              "p95" : 186.00420951843262
            }
          },
          "iterations" : 5,
          "level" : "raw",
          "providers" : {
            "sttMode" : "mock",
            "sttObserved" : [
              {
                "count" : 5,
                "model" : "fixed-delay-v1",
                "provider" : "DeterministicSTT"
              }
            ]
          }
        },
        {
          "distributions" : {
            "encodeMs" : {
              "max" : 0,
              "min" : 0,
              "p50" : 0,
              "p95" : 0
            },
            "generationMs" : {
              "max" : 337.0208740234375,
              "min" : 185.38498878479004,
              "p50" : 240.10694026947021,
              "p95" : 319.3993091583252
            },
            "pasteMs" : {
              "max" : 0.12099742889404297,
              "min" : 0.06699562072753906,
              "p50" : 0.1119375228881836,
              "p95" : 0.1194000244140625
            },
            "rewriteMs" : {
              "max" : 236.37890815734863,
              "min" : 107.98907279968262,
              "p50" : 116.6830062866211,
              "p95" : 222.8485345840454
            },
            "sttMs" : {
              "max" : 130.19299507141113,
              "min" : 68.70198249816895,
              "p50" : 80.18600940704346,
              "p95" : 124.28278923034668
            },
            "totalStageMs" : {
              "max" : 337.08786964416504,
              "min" : 185.49799919128418,
              "p50" : 240.22793769836426,
              "p95" : 319.47529315948486
            }
          },
          "iterations" : 5,
          "level" : "clean",
          "providers" : {
            "rewriteObserved" : [
              {
                "count" : 5,
                "model" : "mercury-2",
                "path" : "deterministic"
              }
            ],
            "sttMode" : "mock",
            "sttObserved" : [
              {
                "count" : 5,
                "model" : "fixed-delay-v1",
                "provider" : "DeterministicSTT"
              }
            ]
          }
        },
        {
          "distributions" : {
            "encodeMs" : {
              "max" : 0,
              "min" : 0,
              "p50" : 0,
              "p95" : 0
            },
            "generationMs" : {
              "max" : 446.9350576400757,
              "min" : 273.57804775238037,
              "p50" : 320.05202770233154,
              "p95" : 443.01905632019043
            },
            "pasteMs" : {
              "max" : 0.35500526428222656,
              "min" : 0.1270771026611328,
              "p50" : 0.15997886657714844,
              "p95" : 0.31838417053222656
            },
            "rewriteMs" : {
              "max" : 293.4460639953613,
              "min" : 167.4290895462036,
              "p50" : 232.14006423950195,
              "p95" : 284.9292516708374
            },
            "sttMs" : {
              "max" : 214.79499340057373,
              "min" : 69.19002532958984,
              "p50" : 129.33802604675293,
              "p95" : 198.6177921295166
            },
            "totalStageMs" : {
              "max" : 447.09503650665283,
              "min" : 273.7051248550415,
              "p50" : 320.19102573394775,
              "p95" : 443.2180404663086
            }
          },
          "iterations" : 5,
          "level" : "polish",
          "providers" : {
            "rewriteObserved" : [
              {
                "count" : 5,
                "model" : "mercury-2",
                "path" : "deterministic"
              }
            ],
            "sttMode" : "mock",
            "sttObserved" : [
              {
                "count" : 5,
                "model" : "fixed-delay-v1",
                "provider" : "DeterministicSTT"
              }
            ]
          }
        }
      ]
    },
    {
      "audioBytes" : 427630,
      "audioFile" : "fixture-medium.caf",
      "fixtureID" : "fixture-medium",
      "levels" : [
        {
          "distributions" : {
            "encodeMs" : {
              "max" : 0,
              "min" : 0,
              "p50" : 0,
              "p95" : 0
            },
            "generationMs" : {
              "max" : 208.22298526763916,
              "min" : 102.52594947814941,
              "p50" : 143.854022026062,
              "p95" : 200.47240257263184
            },
            "pasteMs" : {
              "max" : 0.030994415283203125,
              "min" : 0.015974044799804688,
              "p50" : 0.02193450927734375,
              "p95" : 0.030803680419921875
            },
            "rewriteMs" : {
              "max" : 0,
              "min" : 0,
              "p50" : 0,
              "p95" : 0
            },
            "sttMs" : {
              "max" : 208.22298526763916,
              "min" : 102.52594947814941,
              "p50" : 143.854022026062,
              "p95" : 200.47240257263184
            },
            "totalStageMs" : {
              "max" : 208.25397968292236,
              "min" : 102.54192352294922,
              "p50" : 143.87595653533936,
              "p95" : 200.50320625305176
            }
          },
          "iterations" : 5,
          "level" : "raw",
          "providers" : {
            "sttMode" : "mock",
            "sttObserved" : [
              {
                "count" : 5,
                "model" : "fixed-delay-v1",
                "provider" : "DeterministicSTT"
              }
            ]
          }
        },
        {
          "distributions" : {
            "encodeMs" : {
              "max" : 0,
              "min" : 0,
              "p50" : 0,
              "p95" : 0
            },
            "generationMs" : {
              "max" : 394.01090145111084,
              "min" : 247.91312217712402,
              "p50" : 276.74996852874756,
              "p95" : 378.10871601104736
            },
            "pasteMs" : {
              "max" : 0.16295909881591797,
              "min" : 0.03993511199951172,
              "p50" : 0.06902217864990234,
              "p95" : 0.15518665313720703
            },
            "rewriteMs" : {
              "max" : 216.2630558013916,
              "min" : 124.75204467773438,
              "p50" : 196.4099407196045,
              "p95" : 213.924241065979
            },
            "sttMs" : {
              "max" : 197.60096073150635,
              "min" : 60.48691272735596,
              "p50" : 109.93099212646484,
              "p95" : 182.712984085083
            },