{
  "audioBytes" : 558044,
  "audioFile" : "2 fixtures",
  "commitSHA" : "42b2a7df400e77b2be5e27a46e2d6244aeaed8ec",
  "fixtureResults" : [
    {
      "audioBytes" : 130414,
      "audioFile" : "fixture-short.caf",
      "fixtureID" : "fixture-short",
      "levels" : [
        {
          "distributions" : {
            "encodeMs" : {
              "max" : 0,
              "min" : 0,
              "p50" : 0,
              "p95" : 0
            },
            "generationMs" : {
              "max" : 575.8659839630127,
              "min" : 512.8439664840698,
              "p50" : 529.2980670928955,
              "p95" : 566.9331789016724
            },
            "pasteMs" : {
              "max" : 0.04291534423828125,
              "min" : 0.019073486328125,
              "p50" : 0.02193450927734375,
              "p95" : 0.04153251647949219
            },
            "rewriteMs" : {
              "max" : 0,
              "min" : 0,
              "p50" : 0,
              "p95" : 0
            },
            "sttMs" : {
              "max" : 575.8659839630127,
              "min" : 512.8439664840698,
              "p50" : 529.2980670928955,
              "p95" : 566.9331789016724
            },
            "totalStageMs" : {
              "max" : 575.901985168457,
              "min" : 512.8659009933472,
              "p50" : 529.3409824371338,
              "p95" : 566.96617603302
            }
          },
          "iterations" : 5,
          "level" : "raw",
          "providers" : {
            "sttMode" : "batch",
            "sttObserved" : [
              {
                "count" : 5,
                "model" : "scribe_v2",
                "provider" : "ElevenLabs"
              }
            ]
          }
        },
        {
          "distributions" : {
            "encodeMs" : {
              "max" : 0,
              "min" : 0,
              "p50" : 0,
              "p95" : 0
            },
            "generationMs" : {
              "max" : 574.1480588912964,
              "min" : 554.1319847106934,
              "p50" : 568.498969078064,
              "p95" : 573.3498334884644
            },
            "pasteMs" : {
              "max" : 0.1289844512939453,
              "min" : 0.06699562072753906,
              "p50" : 0.11408329010009766,
              "p95" : 0.12638568878173828
            },
            "rewriteMs" : {
              "max" : 25.079965591430664,
              "min" : 22.557973861694336,
              "p50" : 22.990942001342773,
              "p95" : 24.708175659179688
            },
            "sttMs" : {
              "max" : 551.3260364532471,
              "min" : 531.574010848999,
              "p50" : 545.0769662857056,
              "p95" : 550.1164197921753
            },
            "totalStageMs" : {
              "max" : 574.2150545120239,
              "min" : 554.2460680007935,
              "p50" : 568.5659646987915,
              "p95" : 573.4292268753052
            }
          },
          "iterations" : 5,
          "level" : "clean",
          "providers" : {
            "rewriteObserved" : [

            ],
            "sttMode" : "batch",
            "sttObserved" : [
              {
                "count" : 5,
                "model" : "scribe_v2",
                "provider" : "ElevenLabs"
              }
            ]
          }
        },
        {
          "distributions" : {
            "encodeMs" : {
              "max" : 0,
              "min" : 0,
              "p50" : 0,
              "p95" : 0
            },
            "generationMs" : {
              "max" : 580.981969833374,
              "min" : 547.71888256073,
              "p50" : 550.6349802017212,
              "p95" : 575.2605676651001
            },
            "pasteMs" : {
              "max" : 0.0909566879272461,
              "min" : 0.02205371856689453,
              "p50" : 0.02396106719970703,
              "p95" : 0.07796287536621092
            },
            "rewriteMs" : {
              "max" : 25.261998176574707,
              "min" : 19.430994987487793,
              "p50" : 20.707011222839355,
              "p95" : 24.96058940887451
            },
            "sttMs" : {
              "max" : 561.5170001983643,
              "min" : 523.9639282226562,
              "p50" : 528.6359786987305,
              "p95" : 555.8023929595947
            },
            "totalStageMs" : {
              "max" : 581.0079574584961,
              "min" : 547.8098392486572,
              "p50" : 550.6570339202881,
              "p95" : 575.2861499786377
            }
          },
          "iterations" : 5,
          "level" : "polish",
          "providers" : {
            "rewriteObserved" : [

            ],
            "sttMode" : "batch",
            "sttObserved" : [
              {
                "count" : 5,
                "model" : "scribe_v2",
                "provider" : "ElevenLabs"
              }
            ]
          }
        }
      ]
    },
    {
      "audioBytes" : 427630,
      "audioFile" : "fixture-medium.caf",
      "fixtureID" : "fixture-medium",
      "levels" : [
        {
          "distributions" : {
            "encodeMs" : {
              "max" : 0.20194053649902344,
              "min" : 0.033020973205566406,
              "p50" : 0.04100799560546875,
              "p95" : 0.1957416534423828
            },
            "generationMs" : {
              "max" : 1024.3690013885498,
              "min" : 888.9849185943604,
              "p50" : 924.6649742126465,
              "p95" : 1014.6328210830688
            },
            "pasteMs" : {
              "max" : 0.1150369644165039,
              "min" : 0.013113021850585938,
              "p50" : 0.0890493392944336,
              "p95" : 0.11284351348876953
            },
            "rewriteMs" : {
              "max" : 0,
              "min" : 0,
              "p50" : 0,
              "p95" : 0
            },
            "sttMs" : {
              "max" : 1024.3279933929443,
              "min" : 888.7829780578613,
              "p50" : 924.4940280914307,
              "p95" : 1014.5934104919434
            },
            "totalStageMs" : {
              "max" : 1024.3821144104004,
              "min" : 889.0999555587769,
              "p50" : 924.6840476989746,
              "p95" : 1014.6641254425049
            }
          },
          "iterations" : 5,
          "level" : "raw",
          "providers" : {
            "sttMode" : "batch",
            "sttObserved" : [
              {
                "count" : 5,
                "model" : "scribe_v2",
                "provider" : "ElevenLabs"
              }
            ]
          }
        },
        {
          "distributions" : {
            "encodeMs" : {
              "max" : 0.1850128173828125,
              "min" : 0.16510486602783203,
              "p50" : 0.16796588897705078,
              "p95" : 0.18482208251953125
            },
            "generationMs" : {
              "max" : 1060.7839822769165,
              "min" : 949.2839574813843,
              "p50" : 999.8950958251953,
              "p95" : 1049.93577003479
            },
            "pasteMs" : {
              "max" : 0.14603137969970703,
              "min" : 0.02491474151611328,
              "p50" : 0.11801719665527344,
              "p95" : 0.14421939849853516
            },
            "rewriteMs" : {
              "max" : 27.017951011657715,
              "min" : 20.658016204833984,
              "p50" : 23.417949676513672,
              "p95" : 26.40695571899414
            },
            "sttMs" : {
              "max" : 1037.2459888458252,
              "min" : 928.4600019454956,
              "p50" : 976.2930870056152,
              "p95" : 1026.2791872024536
            },
            "totalStageMs" : {
              "max" : 1060.9300136566162,
              "min" : 949.3088722229004,
              "p50" : 1000.0131130218506,
              "p95" : 1050.0799894332886
            }
          },