{
  "audioBytes" : 558044,
  "audioFile" : "2 fixtures",
  "commitSHA" : "69ce6773234ed3dc573d1f2b886f92032db58662",
  "fixtureResults" : [
    {
      "audioBytes" : 130414,
      "audioFile" : "fixture-short.caf",
      "fixtureID" : "fixture-short",
      "levels" : [
        {
          "distributions" : {
            "encodeMs" : {
              "max" : 0,
              "min" : 0,
              "p50" : 0,
              "p95" : 0
            },
            "generationMs" : {
              "max" : 124.0609884262085,
              "min" : 70.35303115844727,
              "p50" : 105.24606704711914,
              "p95" : 120.53840160369873
            },
            "pasteMs" : {
              "max" : 0.2510547637939453,
              "min" : 0.02002716064453125,
              "p50" : 0.029087066650390625,
              "p95" : 0.21243095397949216
            },
            "rewriteMs" : {
              "max" : 0,
              "min" : 0,
              "p50" : 0,
              "p95" : 0
            },
            "sttMs" : {
              "max" : 124.0609884262085,
              "min" : 70.35303115844727,
              "p50" : 105.24606704711914,
              "p95" : 120.53840160369873
            },
            "totalStageMs" : {
              "max" : 124.08196926116943,
              "min" : 70.3730583190918,
              "p50" : 105.30400276184082,
              "p95" : 120.60539722442627
            }
          },
          "iterations" : 5,
          "level" : "raw",
          "providers" : {
            "sttMode" : "mock",
            "sttObserved" : [
              {
                "count" : 5,
                "model" : "fixed-delay-v1",
                "provider" : "DeterministicSTT"
              }
            ]
          }
        },
        {
          "distributions" : {
            "encodeMs" : {
              "max" : 0,
              "min" : 0,
              "p50" : 0,
              "p95" : 0
            },
            "generationMs" : {
              "max" : 196.120023727417,
              "min" : 177.07312107086182,
              "p50" : 194.4979429244995,
              "p95" : 196.04039192199707
            },
            "pasteMs" : {
              "max" : 0.5639791488647461,
              "min" : 0.05710124969482422,
              "p50" : 0.16796588897705078,
              "p95" : 0.488591194152832
            },
            "rewriteMs" : {
              "max" : 125.06592273712158,
              "min" : 106.77909851074219,
              "p50" : 116.05703830718994,
              "p95" : 124.10314083099365
            },
            "sttMs" : {
              "max" : 80.06298542022705,
              "min" : 70.29402256011963,
              "p50" : 70.6559419631958,
              "p95" : 78.89957427978516
            },
            "totalStageMs" : {
              "max" : 196.17712497711182,
              "min" : 177.260160446167,
              "p50" : 194.60391998291016,
              "p95" : 196.11966609954834
            }
          },
          "iterations" : 5,
          "level" : "clean",
          "providers" : {
            "rewriteObserved" : [
              {
                "count" : 5,
                "model" : "gemini-2.5-flash-lite",
                "path" : "deterministic"
              }
            ],
            "sttMode" : "mock",
            "sttObserved" : [
              {
                "count" : 5,
                "model" : "fixed-delay-v1",
                "provider" : "DeterministicSTT"
              }
            ]
          }
        },
        {
          "distributions" : {
            "encodeMs" : {
              "max" : 0,
              "min" : 0,
              "p50" : 0,
              "p95" : 0
            },
            "generationMs" : {
              "max" : 355.19397258758545,
              "min" : 235.45598983764648,
              "p50" : 331.9070339202881,
              "p95" : 352.63495445251465
            },
            "pasteMs" : {
              "max" : 0.27000904083251953,
              "min" : 0.102996826171875,
              "p50" : 0.11098384857177734,
              "p95" : 0.2416133880615234
            },
            "rewriteMs" : {
              "max" : 233.82890224456787,
              "min" : 165.34602642059326,
              "p50" : 197.13902473449707,
              "p95" : 232.59191513061523
            },
            "sttMs" : {
              "max" : 134.76800918579102,
              "min" : 70.10996341705322,
              "p50" : 127.55000591278076,
              "p95" : 134.56661701202393
            },
            "totalStageMs" : {
              "max" : 355.2969694137573,
              "min" : 235.56196689605713,
              "p50" : 332.01801776885986,
              "p95" : 352.74295806884766
            }
          },
          "iterations" : 5,
          "level" : "polish",
          "providers" : {
            "rewriteObserved" : [
              {
                "count" : 5,
                "model" : "gemini-2.5-flash-lite",
                "path" : "deterministic"
              }
            ],
            "sttMode" : "mock",
            "sttObserved" : [
              {
                "count" : 5,
                "model" : "fixed-delay-v1",
                "provider" : "DeterministicSTT"
              }
            ]
          }
        }
      ]
    },
    {
      "audioBytes" : 427630,
      "audioFile" : "fixture-medium.caf",
      "fixtureID" : "fixture-medium",
      "levels" : [
        {
          "distributions" : {
            "encodeMs" : {
              "max" : 0,
              "min" : 0,
              "p50" : 0,
              "p95" : 0
            },
            "generationMs" : {
              "max" : 128.19695472717285,
              "min" : 64.56208229064941,
              "p50" : 83.95504951477051,
              "p95" : 128.1437635421753
            },
            "pasteMs" : {
              "max" : 0.07605552673339844,
              "min" : 0.041961669921875,
              "p50" : 0.05507469177246094,
              "p95" : 0.0732421875
            },
            "rewriteMs" : {
              "max" : 0,
              "min" : 0,
              "p50" : 0,
              "p95" : 0
            },
            "sttMs" : {
              "max" : 128.19695472717285,
              "min" : 64.56208229064941,
              "p50" : 83.95504951477051,
              "p95" : 128.1437635421753
            },
            "totalStageMs" : {
              "max" : 128.23891639709473,
              "min" : 64.62407112121582,
              "p50" : 84.01012420654297,
              "p95" : 128.19254398345947
            }
          },
          "iterations" : 5,
          "level" : "raw",
          "providers" : {
            "sttMode" : "mock",
            "sttObserved" : [
              {
                "count" : 5,
                "model" : "fixed-delay-v1",
                "provider" : "DeterministicSTT"
              }
            ]
          }
        },
        {
          "distributions" : {
            "encodeMs" : {
              "max" : 0,
              "min" : 0,
              "p50" : 0,
              "p95" : 0
            },
            "generationMs" : {
              "max" : 284.78097915649414,
              "min" : 213.79506587982178,
              "p50" : 247.37012386322021,
              "p95" : 279.8083782196045
            },
            "pasteMs" : {
              "max" : 0.4220008850097656,
              "min" : 0.06198883056640625,
              "p50" : 0.10097026824951172,
              "p95" : 0.3684043884277343
            },
            "rewriteMs" : {
              "max" : 174.81696605682373,
              "min" : 109.96699333190918,
              "p50" : 139.0070915222168,
              "p95" : 168.31278800964355
            },
            "sttMs" : {
              "max" : 124.76193904876709,
              "min" : 96.25601768493652,
              "p50" : 108.36303234100342,
              "p95" : 121.80235385894775
            },