{
  "audioBytes" : 558044,
  "audioFile" : "2 fixtures",
  "commitSHA" : "69ce6773234ed3dc573d1f2b886f92032db58662",
  "fixtureResults" : [
    {
      "audioBytes" : 130414,
      "audioFile" : "fixture-short.caf",
      "fixtureID" : "fixture-short",
      "levels" : [
        {
          "distributions" : {
            "encodeMs" : {
              "max" : 0,
              "min" : 0,
              "p50" : 0,
              "p95" : 0
            },
            "generationMs" : {
              "max" : 613.6219501495361,
              "min" : 540.0079488754272,
              "p50" : 599.869966506958,
              "p95" : 611.330771446228
            },
            "pasteMs" : {
              "max" : 0.2529621124267578,
              "min" : 0.019073486328125,
              "p50" : 0.09500980377197266,
              "p95" : 0.2251625061035156
            },
            "rewriteMs" : {
              "max" : 0,
              "min" : 0,
              "p50" : 0,
              "p95" : 0
            },
            "sttMs" : {
              "max" : 613.6219501495361,
              "min" : 540.0079488754272,
              "p50" : 599.869966506958,
              "p95" : 611.330771446228
            },
            "totalStageMs" : {
              "max" : 613.7359142303467,
              "min" : 540.0450229644775,
              "p50" : 600.1229286193848,
              "p95" : 611.4409446716309
            }
          },
          "iterations" : 5,
          "level" : "raw",
          "providers" : {
            "sttMode" : "batch",
            "sttObserved" : [
              {
                "count" : 5,
                "model" : "scribe_v2",
                "provider" : "ElevenLabs"
              }
            ]
          }
        },
        {
          "distributions" : {
            "encodeMs" : {
              "max" : 0,
              "min" : 0,
              "p50" : 0,
              "p95" : 0
            },
            "generationMs" : {
              "max" : 1344.520092010498,
              "min" : 921.8729734420776,
              "p50" : 1052.8100728988647,
              "p95" : 1290.224266052246
            },
            "pasteMs" : {
              "max" : 0.7330179214477539,
              "min" : 0.03993511199951172,
              "p50" : 0.10204315185546875,
              "p95" : 0.6084203720092772
            },
            "rewriteMs" : {
              "max" : 472.7250337600708,
              "min" : 354.98297214508057,
              "p50" : 388.3039951324463,
              "p95" : 471.8684196472168
            },
            "sttMs" : {
              "max" : 956.2160968780518,
              "min" : 566.8900012969971,
              "p50" : 580.085039138794,
              "p95" : 885.8926773071289
            },
            "totalStageMs" : {
              "max" : 1344.6301221847534,
              "min" : 921.9239950180054,
              "p50" : 1052.8500080108643,
              "p95" : 1290.45889377594
            }
          },
          "iterations" : 5,
          "level" : "clean",
          "providers" : {
            "rewriteObserved" : [
              {
                "count" : 5,
                "model" : "google/gemini-2.5-flash-lite",
                "path" : "openrouter"
              }
            ],
            "sttMode" : "batch",
            "sttObserved" : [
              {
                "count" : 5,
                "model" : "scribe_v2",
                "provider" : "ElevenLabs"
              }
            ]
          }
        },
        {
          "distributions" : {
            "encodeMs" : {
              "max" : 0,
              "min" : 0,
              "p50" : 0,
              "p95" : 0
            },
            "generationMs" : {
              "max" : 7516.216039657593,
              "min" : 883.7070465087891,
              "p50" : 1017.3839330673218,
              "p95" : 6222.71864414215
            },
            "pasteMs" : {
              "max" : 0.1169443130493164,
              "min" : 0.03504753112792969,
              "p50" : 0.06008148193359375,
              "p95" : 0.1081705093383789
            },
            "rewriteMs" : {
              "max" : 6958.639979362488,
              "min" : 334.47492122650146,
              "p50" : 437.13295459747314,
              "p95" : 5658.884382247924
            },
            "sttMs" : {
              "max" : 588.8670682907104,
              "min" : 537.0540618896484,
              "p50" : 563.6099576950073,
              "p95" : 587.1438503265381
            },
            "totalStageMs" : {
              "max" : 7516.332983970642,
              "min" : 883.742094039917,
              "p50" : 1017.4440145492554,
              "p95" : 6222.826814651488
            }
          },
          "iterations" : 5,
          "level" : "polish",
          "providers" : {
            "rewriteObserved" : [
              {
                "count" : 5,
                "model" : "google/gemini-2.5-flash-lite",
                "path" : "openrouter"
              }
            ],
            "sttMode" : "batch",
            "sttObserved" : [
              {
                "count" : 5,
                "model" : "scribe_v2",
                "provider" : "ElevenLabs"
              }
            ]
          }
        }
      ]
    },
    {
      "audioBytes" : 427630,
      "audioFile" : "fixture-medium.caf",
      "fixtureID" : "fixture-medium",
      "levels" : [
        {
          "distributions" : {
            "encodeMs" : {
              "max" : 0.011086463928222656,
              "min" : 0.0020265579223632812,
              "p50" : 0.0059604644775390625,
              "p95" : 0.010466575622558594
            },
            "generationMs" : {
              "max" : 1108.451008796692,
              "min" : 977.1430492401123,
              "p50" : 1100.5250215530396,
              "p95" : 1107.0281982421875
            },
            "pasteMs" : {
              "max" : 0.2900362014770508,
              "min" : 0.015974044799804688,
              "p50" : 0.02300739288330078,
              "p95" : 0.24383068084716794
            },
            "rewriteMs" : {
              "max" : 0,
              "min" : 0,
              "p50" : 0,
              "p95" : 0
            },
            "sttMs" : {
              "max" : 1108.4489822387695,
              "min" : 977.1400690078735,
              "p50" : 1100.5170345306396,
              "p95" : 1107.025384902954
            },
            "totalStageMs" : {
              "max" : 1108.741044998169,
              "min" : 977.1651029586792,
              "p50" : 1100.5480289459229,
              "p95" : 1107.263422012329
            }
          },
          "iterations" : 5,
          "level" : "raw",
          "providers" : {
            "sttMode" : "batch",
            "sttObserved" : [
              {
                "count" : 5,
                "model" : "scribe_v2",
                "provider" : "ElevenLabs"
              }
            ]
          }
        },
        {
          "distributions" : {
            "encodeMs" : {
              "max" : 0.033974647521972656,
              "min" : 0.0029802322387695312,
              "p50" : 0.0059604644775390625,
              "p95" : 0.031566619873046875
            },
            "generationMs" : {
              "max" : 8463.86694908142,
              "min" : 1304.0190935134888,
              "p50" : 1543.421983718872,
              "p95" : 7096.170759201049
            },
            "pasteMs" : {
              "max" : 0.4369020462036133,
              "min" : 0.025987625122070312,
              "p50" : 0.055909156799316406,
              "p95" : 0.36532878875732416
            },
            "rewriteMs" : {
              "max" : 7002.354025840759,
              "min" : 333.5469961166382,
              "p50" : 481.1619520187378,
              "p95" : 5701.2418270111075
            },
            "sttMs" : {
              "max" : 1461.4909887313843,
              "min" : 970.4689979553223,