{
  "audioBytes" : 558044,
  "audioFile" : "2 fixtures",
  "commitSHA" : "1039eede78c5bafea9e2ed2e4e6815d39dab2195",
  "fixtureResults" : [
    {
      "audioBytes" : 130414,
      "audioFile" : "fixture-short.caf",
      "fixtureID" : "fixture-short",
      "levels" : [
        {
          "distributions" : {
            "encodeMs" : {
              "max" : 0,
              "min" : 0,
              "p50" : 0,
              "p95" : 0
            },
            "generationMs" : {
              "max" : 135.7569694519043,
              "min" : 124.22299385070801,
              "p50" : 133.3639621734619,
              "p95" : 135.664963722229
            },
            "pasteMs" : {
              "max" : 0.04494190216064453,
              "min" : 0.015020370483398438,
              "p50" : 0.031948089599609375,
              "p95" : 0.04475116729736328
            },
            "rewriteMs" : {
              "max" : 0,
              "min" : 0,
              "p50" : 0,
              "p95" : 0
            },
            "sttMs" : {
              "max" : 135.7569694519043,
              "min" : 124.22299385070801,
              "p50" : 133.3639621734619,
              "p95" : 135.664963722229
            },
            "totalStageMs" : {
              "max" : 135.80191135406494,
              "min" : 124.2380142211914,
              "p50" : 133.40795040130615,
              "p95" : 135.70730686187744
            }
          },
          "iterations" : 5,
          "level" : "raw",
          "providers" : {
            "sttMode" : "mock",
            "sttObserved" : [
              {
                "count" : 5,
                "model" : "fixed-delay-v1",
                "provider" : "DeterministicSTT"
              }
            ]
          }
        },
        {
          "distributions" : {
            "encodeMs" : {
              "max" : 0,
              "min" : 0,
              "p50" : 0,
              "p95" : 0
            },
            "generationMs" : {
              "max" : 305.03594875335693,
              "min" : 228.37889194488525,
              "p50" : 249.15707111358643,
              "p95" : 300.922155380249
            },
            "pasteMs" : {
              "max" : 0.10097026824951172,
              "min" : 0.0400543212890625,
              "p50" : 0.04696846008300781,
              "p95" : 0.0993967056274414
            },
            "rewriteMs" : {
              "max" : 173.59602451324463,
              "min" : 100.48794746398926,
              "p50" : 160.35199165344238,
              "p95" : 172.96020984649658
            },
            "sttMs" : {
              "max" : 134.61899757385254,
              "min" : 75.5610466003418,
              "p50" : 127.890944480896,
              "p95" : 134.23218727111816
            },
            "totalStageMs" : {
              "max" : 305.08291721343994,
              "min" : 228.4228801727295,
              "p50" : 249.25804138183594,
              "p95" : 300.96774101257324
            }
          },
          "iterations" : 5,
          "level" : "clean",
          "providers" : {
            "rewriteObserved" : [
              {
                "count" : 5,
                "model" : "gemini-2.5-flash-lite",
                "path" : "deterministic"
              }
            ],
            "sttMode" : "mock",
            "sttObserved" : [
              {
                "count" : 5,
                "model" : "fixed-delay-v1",
                "provider" : "DeterministicSTT"
              }
            ]
          }
        },
        {
          "distributions" : {
            "encodeMs" : {
              "max" : 0,
              "min" : 0,
              "p50" : 0,
              "p95" : 0
            },
            "generationMs" : {
              "max" : 335.9600305557251,
              "min" : 298.4219789505005,
              "p50" : 310.77706813812256,
              "p95" : 332.6676368713379
            },
            "pasteMs" : {
              "max" : 0.44596195220947266,
              "min" : 0.05793571472167969,
              "p50" : 0.06496906280517578,
              "p95" : 0.37057399749755854
            },
            "rewriteMs" : {
              "max" : 255.29003143310547,
              "min" : 163.50793838500977,
              "p50" : 193.03905963897705,
              "p95" : 247.2614288330078
            },
            "sttMs" : {
              "max" : 134.91404056549072,
              "min" : 80.66999912261963,
              "p50" : 110.74399948120117,
              "p95" : 133.16664695739746
            },
            "totalStageMs" : {
              "max" : 336.0179662704468,
              "min" : 298.4910011291504,
              "p50" : 310.84203720092773,
              "p95" : 332.7265739440918
            }
          },
          "iterations" : 5,
          "level" : "polish",
          "providers" : {
            "rewriteObserved" : [
              {
                "count" : 5,
                "model" : "gemini-2.5-flash-lite",
                "path" : "deterministic"
              }
            ],
            "sttMode" : "mock",
            "sttObserved" : [
              {
                "count" : 5,
                "model" : "fixed-delay-v1",
                "provider" : "DeterministicSTT"
              }
            ]
          }
        }
      ]
    },
    {
      "audioBytes" : 427630,
      "audioFile" : "fixture-medium.caf",
      "fixtureID" : "fixture-medium",
      "levels" : [
        {
          "distributions" : {
            "encodeMs" : {
              "max" : 0,
              "min" : 0,
              "p50" : 0,
              "p95" : 0
            },
            "generationMs" : {
              "max" : 138.30506801605225,
              "min" : 84.90800857543945,
              "p50" : 124.59707260131836,
              "p95" : 135.89885234832764
            },
            "pasteMs" : {
              "max" : 0.102996826171875,
              "min" : 0.010967254638671875,
              "p50" : 0.030994415283203125,
              "p95" : 0.09398460388183594
            },
            "rewriteMs" : {
              "max" : 0,
              "min" : 0,
              "p50" : 0,
              "p95" : 0
            },
            "sttMs" : {
              "max" : 138.30506801605225,
              "min" : 84.90800857543945,
              "p50" : 124.59707260131836,
              "p95" : 135.89885234832764
            },
            "totalStageMs" : {
              "max" : 138.40806484222412,
              "min" : 84.93101596832275,
              "p50" : 124.60803985595703,
              "p95" : 135.98744869232178
            }
          },
          "iterations" : 5,
          "level" : "raw",
          "providers" : {
            "sttMode" : "mock",
            "sttObserved" : [
              {
                "count" : 5,
                "model" : "fixed-delay-v1",
                "provider" : "DeterministicSTT"
              }
            ]
          }
        },
        {
          "distributions" : {
            "encodeMs" : {
              "max" : 0,
              "min" : 0,
              "p50" : 0,
              "p95" : 0
            },
            "generationMs" : {
              "max" : 285.81297397613525,
              "min" : 178.7698268890381,
              "p50" : 231.68599605560303,
              "p95" : 278.44398021698
            },
            "pasteMs" : {
              "max" : 0.23305416107177734,
              "min" : 0.047087669372558594,
              "p50" : 0.07605552673339844,
              "p95" : 0.20525455474853513
            },
            "rewriteMs" : {
              "max" : 161.9960069656372,
              "min" : 106.47690296173096,
              "p50" : 118.80695819854736,
              "p95" : 161.22641563415527
            },
            "sttMs" : {
              "max" : 125.20802021026611,
              "min" : 72.29292392730713,
              "p50" : 90.81995487213135,
              "p95" : 124.9298095703125
            },