{
  "audioBytes" : 558044,
  "audioFile" : "2 fixtures",
  "commitSHA" : "1039eede78c5bafea9e2ed2e4e6815d39dab2195",
  "fixtureResults" : [
    {
      "audioBytes" : 130414,
      "audioFile" : "fixture-short.caf",
      "fixtureID" : "fixture-short",
      "levels" : [
        {
          "distributions" : {
            "encodeMs" : {
              "max" : 0,
              "min" : 0,
              "p50" : 0,
              "p95" : 0
            },
            "generationMs" : {
              "max" : 622.0929622650146,
              "min" : 551.4119863510132,
              "p50" : 592.2468900680542,
              "p95" : 618.6937808990479
            },
            "pasteMs" : {
              "max" : 0.23806095123291016,
              "min" : 0.012993812561035156,
              "p50" : 0.0209808349609375,
              "p95" : 0.19526481628417966
            },
            "rewriteMs" : {
              "max" : 0,
              "min" : 0,
              "p50" : 0,
              "p95" : 0
            },
            "sttMs" : {
              "max" : 622.0929622650146,
              "min" : 551.4119863510132,
              "p50" : 592.2468900680542,
              "p95" : 618.6937808990479
            },
            "totalStageMs" : {
              "max" : 622.1139430999756,
              "min" : 551.4360666275024,
              "p50" : 592.4849510192871,
              "p95" : 618.7131643295288
            }
          },
          "iterations" : 5,
          "level" : "raw",
          "providers" : {
            "sttMode" : "batch",
            "sttObserved" : [
              {
                "count" : 5,
                "model" : "scribe_v2",
                "provider" : "ElevenLabs"
              }
            ]
          }
        },
        {
          "distributions" : {
            "encodeMs" : {
              "max" : 0,
              "min" : 0,
              "p50" : 0,
              "p95" : 0
            },
            "generationMs" : {
              "max" : 1645.3410387039185,
              "min" : 1005.5859088897705,
              "p50" : 1294.2909002304077,
              "p95" : 1584.07301902771
            },
            "pasteMs" : {
              "max" : 0.07295608520507812,
              "min" : 0.033020973205566406,
              "p50" : 0.05900859832763672,
              "p95" : 0.07195472717285156
            },
            "rewriteMs" : {
              "max" : 780.4269790649414,
              "min" : 445.63400745391846,
              "p50" : 577.5489807128906,
              "p95" : 765.9199714660645
            },
            "sttMs" : {
              "max" : 864.914059638977,
              "min" : 559.951901435852,
              "p50" : 674.7720241546631,
              "p95" : 859.409236907959
            },
            "totalStageMs" : {
              "max" : 1645.374059677124,
              "min" : 1005.6538581848145,
              "p50" : 1294.3499088287354,
              "p95" : 1584.1140270233154
            }
          },
          "iterations" : 5,
          "level" : "clean",
          "providers" : {
            "rewriteObserved" : [
              {
                "count" : 5,
                "model" : "google/gemini-2.5-flash-lite",
                "path" : "openrouter"
              }
            ],
            "sttMode" : "batch",
            "sttObserved" : [
              {
                "count" : 5,
                "model" : "scribe_v2",
                "provider" : "ElevenLabs"
              }
            ]
          }
        },
        {
          "distributions" : {
            "encodeMs" : {
              "max" : 0,
              "min" : 0,
              "p50" : 0,
              "p95" : 0
            },
            "generationMs" : {
              "max" : 2041.1289930343628,
              "min" : 1088.9650583267212,
              "p50" : 1223.0370044708252,
              "p95" : 1997.1834182739258
            },
            "pasteMs" : {
              "max" : 0.12803077697753906,
              "min" : 0.024080276489257812,
              "p50" : 0.03802776336669922,
              "p95" : 0.11403560638427733
            },
            "rewriteMs" : {
              "max" : 1230.6610345840454,
              "min" : 366.6750192642212,
              "p50" : 581.9790363311768,
              "p95" : 1195.0044393539429
            },
            "sttMs" : {
              "max" : 988.7509346008301,
              "min" : 590.7400846481323,
              "p50" : 722.2900390625,
              "p95" : 951.4227390289307
            },
            "totalStageMs" : {
              "max" : 2041.153073310852,
              "min" : 1089.003086090088,
              "p50" : 1223.065972328186,
              "p95" : 1997.2282886505127
            }
          },
          "iterations" : 5,
          "level" : "polish",
          "providers" : {
            "rewriteObserved" : [
              {
                "count" : 5,
                "model" : "google/gemini-2.5-flash-lite",
                "path" : "openrouter"
              }
            ],
            "sttMode" : "batch",
            "sttObserved" : [
              {
                "count" : 5,
                "model" : "scribe_v2",
                "provider" : "ElevenLabs"
              }
            ]
          }
        }
      ]
    },
    {
      "audioBytes" : 427630,
      "audioFile" : "fixture-medium.caf",
      "fixtureID" : "fixture-medium",
      "levels" : [
        {
          "distributions" : {
            "encodeMs" : {
              "max" : 0.010967254638671875,
              "min" : 0.0029802322387695312,
              "p50" : 0.007033348083496094,
              "p95" : 0.010371208190917969
            },
            "generationMs" : {
              "max" : 1193.882942199707,
              "min" : 1067.2880411148071,
              "p50" : 1135.5249881744385,
              "p95" : 1182.9521656036377
            },
            "pasteMs" : {
              "max" : 0.17893314361572266,
              "min" : 0.009059906005859375,
              "p50" : 0.012993812561035156,
              "p95" : 0.1569509506225586
            },
            "rewriteMs" : {
              "max" : 0,
              "min" : 0,
              "p50" : 0,
              "p95" : 0
            },
            "sttMs" : {
              "max" : 1193.8749551773071,
              "min" : 1067.2810077667236,
              "p50" : 1135.5140209197998,
              "p95" : 1182.94517993927
            },
            "totalStageMs" : {
              "max" : 1194.0618753433228,
              "min" : 1067.3010349273682,
              "p50" : 1135.5360746383667,
              "p95" : 1183.0971240997314
            }
          },
          "iterations" : 5,
          "level" : "raw",
          "providers" : {
            "sttMode" : "batch",
            "sttObserved" : [
              {
                "count" : 5,
                "model" : "scribe_v2",
                "provider" : "ElevenLabs"
              }
            ]
          }
        },
        {
          "distributions" : {
            "encodeMs" : {
              "max" : 0.01990795135498047,
              "min" : 0.0029802322387695312,
              "p50" : 0.0059604644775390625,
              "p95" : 0.017142295837402344
            },
            "generationMs" : {
              "max" : 2667.4119234085083,
              "min" : 1588.8910293579102,
              "p50" : 1821.998953819275,
              "p95" : 2516.6675329208374
            },
            "pasteMs" : {
              "max" : 0.08690357208251953,
              "min" : 0.025987625122070312,
              "p50" : 0.08296966552734375,
              "p95" : 0.08673667907714844
            },
            "rewriteMs" : {
              "max" : 1604.3789386749268,
              "min" : 517.1400308609009,
              "p50" : 743.9529895782471,
              "p95" : 1449.3761539459229
            },
            "sttMs" : {
              "max" : 1166.80908203125,