{
  "audioBytes" : 558044,
  "audioFile" : "2 fixtures",
  "commitSHA" : "d3e6bb9c6521212174d96ad82336c22262b235e3",
  "fixtureResults" : [
    {
      "audioBytes" : 130414,
      "audioFile" : "fixture-short.caf",
      "fixtureID" : "fixture-short",
      "levels" : [
        {
          "distributions" : {
            "encodeMs" : {
              "max" : 0,
              "min" : 0,
              "p50" : 0,
              "p95" : 0
            },
            "generationMs" : {
              "max" : 719.4159030914307,
              "min" : 573.9990472793579,
              "p50" : 590.8390283584595,
              "p95" : 705.2075386047363
            },
            "pasteMs" : {
              "max" : 0.03600120544433594,
              "min" : 0.012993812561035156,
              "p50" : 0.027060508728027344,
              "p95" : 0.03581047058105469
            },
            "rewriteMs" : {
              "max" : 0,
              "min" : 0,
              "p50" : 0,
              "p95" : 0
            },
            "sttMs" : {
              "max" : 719.4159030914307,
              "min" : 573.9990472793579,
              "p50" : 590.8390283584595,
              "p95" : 705.2075386047363
            },
            "totalStageMs" : {
              "max" : 719.4288969039917,
              "min" : 574.0261077880859,
              "p50" : 590.8540487289429,
              "p95" : 705.225133895874
            }
          },
          "iterations" : 5,
          "level" : "raw",
          "providers" : {
            "sttMode" : "batch",
            "sttObserved" : [
              {
                "count" : 5,
                "model" : "scribe_v2",
                "provider" : "ElevenLabs"
              }
            ]
          }
        },
        {
          "distributions" : {
            "encodeMs" : {
              "max" : 0,
              "min" : 0,
              "p50" : 0,
              "p95" : 0
            },
            "generationMs" : {
              "max" : 8005.101919174194,
              "min" : 1109.9820137023926,
              "p50" : 6594.185948371887,
              "p95" : 7937.485933303833
            },
            "pasteMs" : {
              "max" : 0.14007091522216797,
              "min" : 0.030994415283203125,
              "p50" : 0.05900859832763672,
              "p95" : 0.12905597686767578
            },
            "rewriteMs" : {
              "max" : 7397.186994552612,
              "min" : 512.2209787368774,
              "p50" : 5980.486035346985,
              "p95" : 7326.542806625366
            },
            "sttMs" : {
              "max" : 979.5960187911987,
              "min" : 597.7610349655151,
              "p50" : 613.1999492645264,
              "p95" : 908.2880020141602
            },
            "totalStageMs" : {
              "max" : 8005.186915397644,
              "min" : 1110.0130081176758,
              "p50" : 6594.244956970215,
              "p95" : 7937.581944465637
            }
          },
          "iterations" : 5,
          "level" : "clean",
          "providers" : {
            "rewriteObserved" : [
              {
                "count" : 3,
                "model" : "google/gemini-2.5-flash-lite",
                "path" : "openrouter"
              }
            ],
            "sttMode" : "batch",
            "sttObserved" : [
              {
                "count" : 5,
                "model" : "scribe_v2",
                "provider" : "ElevenLabs"
              }
            ]
          }
        },
        {
          "distributions" : {
            "encodeMs" : {
              "max" : 0,
              "min" : 0,
              "p50" : 0,
              "p95" : 0
            },
            "generationMs" : {
              "max" : 7155.097961425781,
              "min" : 943.9760446548462,
              "p50" : 1013.496994972229,
              "p95" : 5933.418178558349
            },
            "pasteMs" : {
              "max" : 0.09000301361083984,
              "min" : 0.051975250244140625,
              "p50" : 0.0629425048828125,
              "p95" : 0.08940696716308594
            },
            "rewriteMs" : {
              "max" : 6553.017020225525,
              "min" : 324.62501525878906,
              "p50" : 415.9020185470581,
              "p95" : 5326.140022277831
            },
            "sttMs" : {
              "max" : 630.7970285415649,
              "min" : 571.357011795044,
              "p50" : 602.0809412002563,
              "p95" : 628.5078287124634
            },
            "totalStageMs" : {
              "max" : 7155.187964439392,
              "min" : 944.038987159729,
              "p50" : 1013.5840177536011,
              "p95" : 5933.500576019286
            }
          },
          "iterations" : 5,
          "level" : "polish",
          "providers" : {
            "rewriteObserved" : [
              {
                "count" : 5,
                "model" : "google/gemini-2.5-flash-lite",
                "path" : "openrouter"
              }
            ],
            "sttMode" : "batch",
            "sttObserved" : [
              {
                "count" : 5,
                "model" : "scribe_v2",
                "provider" : "ElevenLabs"
              }
            ]
          }
        }
      ]
    },
    {
      "audioBytes" : 427630,
      "audioFile" : "fixture-medium.caf",
      "fixtureID" : "fixture-medium",
      "levels" : [
        {
          "distributions" : {
            "encodeMs" : {
              "max" : 0.007033348083496094,
              "min" : 0.0029802322387695312,
              "p50" : 0.0040531158447265625,
              "p95" : 0.0070095062255859375
            },
            "generationMs" : {
              "max" : 1433.8030815124512,
              "min" : 1048.7998723983765,
              "p50" : 1065.535068511963,
              "p95" : 1371.5588569641113
            },
            "pasteMs" : {
              "max" : 0.07510185241699219,
              "min" : 0.011086463928222656,
              "p50" : 0.01895427703857422,
              "p95" : 0.07410049438476562
            },
            "rewriteMs" : {
              "max" : 0,
              "min" : 0,
              "p50" : 0,
              "p95" : 0
            },
            "sttMs" : {
              "max" : 1433.8001012802124,
              "min" : 1048.7929582595825,
              "p50" : 1065.5280351638794,
              "p95" : 1371.5556621551514
            },
            "totalStageMs" : {
              "max" : 1433.873176574707,
              "min" : 1048.818826675415,
              "p50" : 1065.6101703643799,
              "p95" : 1371.6171503067017
            }
          },
          "iterations" : 5,
          "level" : "raw",
          "providers" : {
            "sttMode" : "batch",
            "sttObserved" : [
              {
                "count" : 5,
                "model" : "scribe_v2",
                "provider" : "ElevenLabs"
              }
            ]
          }
        },
        {
          "distributions" : {
            "encodeMs" : {
              "max" : 0.026941299438476562,
              "min" : 0.0029802322387695312,
              "p50" : 0.02205371856689453,
              "p95" : 0.026345252990722656
            },
            "generationMs" : {
              "max" : 7991.575837135315,
              "min" : 1485.8800172805786,
              "p50" : 2455.6119441986084,
              "p95" : 7812.693452835083
            },
            "pasteMs" : {
              "max" : 0.2570152282714844,
              "min" : 0.02300739288330078,
              "p50" : 0.048995018005371094,
              "p95" : 0.22120475769042966
            },
            "rewriteMs" : {
              "max" : 6904.408931732178,
              "min" : 411.9199514389038,
              "p50" : 1340.9100770950317,
              "p95" : 6705.567526817322
            },
            "sttMs" : {
              "max" : 1186.9590282440186,