{
  "audioBytes" : 558044,
  "audioFile" : "2 fixtures",
  "commitSHA" : "fdd4fb8e910bf8d68284ff7091f144a21458f0de",
  "fixtureResults" : [
    {
      "audioBytes" : 130414,
      "audioFile" : "fixture-short.caf",
      "fixtureID" : "fixture-short",
      "levels" : [
        {
          "distributions" : {
            "encodeMs" : {
              "max" : 0,
              "min" : 0,
              "p50" : 0,
              "p95" : 0
            },
            "generationMs" : {
              "max" : 697.6940631866455,
              "min" : 576.3140916824341,
              "p50" : 603.1880378723145,
              "p95" : 685.4914426803589
            },
            "pasteMs" : {
              "max" : 0.054955482482910156,
              "min" : 0.015974044799804688,
              "p50" : 0.025987625122070312,
              "p95" : 0.052165985107421875
            },
            "rewriteMs" : {
              "max" : 0,
              "min" : 0,
              "p50" : 0,
              "p95" : 0
            },
            "sttMs" : {
              "max" : 697.6940631866455,
              "min" : 576.3140916824341,
              "p50" : 603.1880378723145,
              "p95" : 685.4914426803589
            },
            "totalStageMs" : {
              "max" : 697.7100372314453,
              "min" : 576.3550996780396,
              "p50" : 603.2429933547974,
              "p95" : 685.5080127716064
            }
          },
          "iterations" : 5,
          "level" : "raw",
          "providers" : {
            "sttMode" : "batch",
            "sttObserved" : [
              {
                "count" : 5,
                "model" : "scribe_v2",
                "provider" : "ElevenLabs"
              }
            ]
          }
        },
        {
          "distributions" : {
            "encodeMs" : {
              "max" : 0,
              "min" : 0,
              "p50" : 0,
              "p95" : 0
            },
            "generationMs" : {
              "max" : 1824.1571187973022,
              "min" : 1007.8549385070801,
              "p50" : 1123.2819557189941,
              "p95" : 1768.9399003982544
            },
            "pasteMs" : {
              "max" : 0.16701221466064453,
              "min" : 0.0629425048828125,
              "p50" : 0.13494491577148438,
              "p95" : 0.16319751739501953
            },
            "rewriteMs" : {
              "max" : 532.7709913253784,
              "min" : 425.4570007324219,
              "p50" : 461.2760543823242,
              "p95" : 520.6401824951172
            },
            "sttMs" : {
              "max" : 1362.881064414978,
              "min" : 582.3979377746582,
              "p50" : 611.1689805984497,
              "p95" : 1305.4956674575806
            },
            "totalStageMs" : {
              "max" : 1824.220061302185,
              "min" : 1007.9479217529297,
              "p50" : 1123.4489679336548,
              "p95" : 1769.0198421478271
            }
          },
          "iterations" : 5,
          "level" : "clean",
          "providers" : {
            "rewriteObserved" : [
              {
                "count" : 5,
                "model" : "google/gemini-2.5-flash-lite",
                "path" : "openrouter"
              }
            ],
            "sttMode" : "batch",
            "sttObserved" : [
              {
                "count" : 5,
                "model" : "scribe_v2",
                "provider" : "ElevenLabs"
              }
            ]
          }
        },
        {
          "distributions" : {
            "encodeMs" : {
              "max" : 0,
              "min" : 0,
              "p50" : 0,
              "p95" : 0
            },
            "generationMs" : {
              "max" : 1609.7968816757202,
              "min" : 1035.7139110565186,
              "p50" : 1318.9719915390015,
              "p95" : 1567.306900024414
            },
            "pasteMs" : {
              "max" : 0.13399124145507812,
              "min" : 0.02491474151611328,
              "p50" : 0.03504753112792969,
              "p95" : 0.1211881637573242
            },
            "rewriteMs" : {
              "max" : 738.9639616012573,
              "min" : 444.45598125457764,
              "p50" : 561.5140199661255,
              "p95" : 705.1943778991699
            },
            "sttMs" : {
              "max" : 1051.3919591903687,
              "min" : 580.0080299377441,
              "p50" : 591.2579298019409,
              "p95" : 1008.2801580429077
            },
            "totalStageMs" : {
              "max" : 1609.9308729171753,
              "min" : 1035.7838869094849,
              "p50" : 1319.0070390701294,
              "p95" : 1567.420482635498
            }
          },
          "iterations" : 5,
          "level" : "polish",
          "providers" : {
            "rewriteObserved" : [
              {
                "count" : 5,
                "model" : "google/gemini-2.5-flash-lite",
                "path" : "openrouter"
              }
            ],
            "sttMode" : "batch",
            "sttObserved" : [
              {
                "count" : 5,
                "model" : "scribe_v2",
                "provider" : "ElevenLabs"
              }
            ]
          }
        }
      ]
    },
    {
      "audioBytes" : 427630,
      "audioFile" : "fixture-medium.caf",
      "fixtureID" : "fixture-medium",
      "levels" : [
        {
          "distributions" : {
            "encodeMs" : {
              "max" : 0.0050067901611328125,
              "min" : 0.0030994415283203125,
              "p50" : 0.003933906555175781,
              "p95" : 0.0048160552978515625
            },
            "generationMs" : {
              "max" : 1404.7220945358276,
              "min" : 1078.6420106887817,
              "p50" : 1150.1110792160034,
              "p95" : 1374.671483039856
            },
            "pasteMs" : {
              "max" : 0.3770589828491211,
              "min" : 0.010013580322265625,
              "p50" : 0.08094310760498047,
              "p95" : 0.33223628997802734
            },
            "rewriteMs" : {
              "max" : 0,
              "min" : 0,
              "p50" : 0,
              "p95" : 0
            },
            "sttMs" : {
              "max" : 1404.7189950942993,
              "min" : 1078.6380767822266,
              "p50" : 1150.1060724258423,
              "p95" : 1374.6681928634644
            },
            "totalStageMs" : {
              "max" : 1404.749035835266,
              "min" : 1078.652024269104,
              "p50" : 1150.1920223236084,
              "p95" : 1374.7684478759766
            }
          },
          "iterations" : 5,
          "level" : "raw",
          "providers" : {
            "sttMode" : "batch",
            "sttObserved" : [
              {
                "count" : 5,
                "model" : "scribe_v2",
                "provider" : "ElevenLabs"
              }
            ]
          }
        },
        {
          "distributions" : {
            "encodeMs" : {
              "max" : 0.019073486328125,
              "min" : 0.0029802322387695312,
              "p50" : 0.0040531158447265625,
              "p95" : 0.018668174743652344
            },
            "generationMs" : {
              "max" : 8529.683113098145,
              "min" : 1648.6320495605469,
              "p50" : 7424.013018608093,
              "p95" : 8489.088463783264
            },
            "pasteMs" : {
              "max" : 0.1329183578491211,
              "min" : 0.032067298889160156,
              "p50" : 0.1310110092163086,
              "p95" : 0.1325368881225586
            },
            "rewriteMs" : {
              "max" : 7350.0930070877075,
              "min" : 537.3389720916748,
              "p50" : 6187.598943710327,
              "p95" : 7299.758791923523
            },
            "sttMs" : {
              "max" : 1236.3970279693604,