{
  "audioBytes" : 558044,
  "audioFile" : "2 fixtures",
  "commitSHA" : "d6dae455e89c0c6246321b74ffc5120658b1d0ea",
  "fixtureResults" : [
    {
      "audioBytes" : 130414,
      "audioFile" : "fixture-short.caf",
      "fixtureID" : "fixture-short",
      "levels" : [
        {
          "distributions" : {
            "encodeMs" : {
              "max" : 0,
              "min" : 0,
              "p50" : 0,
              "p95" : 0
            },
            "generationMs" : {
              "max" : 130.02502918243408,
              "min" : 84.75399017333984,
              "p50" : 105.19599914550781,
              "p95" : 129.57942485809326
            },
            "pasteMs" : {
              "max" : 0.053048133850097656,
              "min" : 0.012993812561035156,
              "p50" : 0.014901161193847656,
              "p95" : 0.045442581176757806
            },
            "rewriteMs" : {
              "max" : 0,
              "min" : 0,
              "p50" : 0,
              "p95" : 0
            },
            "sttMs" : {
              "max" : 130.02502918243408,
              "min" : 84.75399017333984,
              "p50" : 105.19599914550781,
              "p95" : 129.57942485809326
            },
            "totalStageMs" : {
              "max" : 130.03802299499512,
              "min" : 84.76889133453369,
              "p50" : 105.21090030670166,
              "p95" : 129.6004295349121
            }
          },
          "iterations" : 5,
          "level" : "raw",
          "providers" : {
            "sttMode" : "mock",
            "sttObserved" : [
              {
                "count" : 5,
                "model" : "fixed-delay-v1",
                "provider" : "DeterministicSTT"
              }
            ]
          }
        },
        {
          "distributions" : {
            "encodeMs" : {
              "max" : 0,
              "min" : 0,
              "p50" : 0,
              "p95" : 0
            },
            "generationMs" : {
              "max" : 249.8950958251953,
              "min" : 173.86090755462646,
              "p50" : 214.70999717712402,
              "p95" : 243.61069202423096
            },
            "pasteMs" : {
              "max" : 0.16891956329345703,
              "min" : 0.048995018005371094,
              "p50" : 0.07796287536621094,
              "p95" : 0.16334056854248047
            },
            "rewriteMs" : {
              "max" : 145.2159881591797,
              "min" : 102.70810127258301,
              "p50" : 108.89792442321777,
              "p95" : 138.89079093933105
            },
            "sttMs" : {
              "max" : 136.3050937652588,
              "min" : 64.96298313140869,
              "p50" : 72.97992706298828,
              "p95" : 131.55229091644287
            },
            "totalStageMs" : {
              "max" : 250.06401538848877,
              "min" : 173.93887042999268,
              "p50" : 214.7589921951294,
              "p95" : 243.77403259277344
            }
          },
          "iterations" : 5,
          "level" : "clean",
          "providers" : {
            "rewriteObserved" : [
              {
                "count" : 5,
                "model" : "gemini-2.5-flash-lite",
                "path" : "deterministic"
              }
            ],
            "sttMode" : "mock",
            "sttObserved" : [
              {
                "count" : 5,
                "model" : "fixed-delay-v1",
                "provider" : "DeterministicSTT"
              }
            ]
          }
        },
        {
          "distributions" : {
            "encodeMs" : {
              "max" : 0,
              "min" : 0,
              "p50" : 0,
              "p95" : 0
            },
            "generationMs" : {
              "max" : 303.615927696228,
              "min" : 231.34994506835938,
              "p50" : 266.96205139160156,
              "p95" : 303.36334705352783
            },
            "pasteMs" : {
              "max" : 0.2130270004272461,
              "min" : 0.04398822784423828,
              "p50" : 0.08106231689453125,
              "p95" : 0.19142627716064453
            },
            "rewriteMs" : {
              "max" : 207.32402801513672,
              "min" : 160.53509712219238,
              "p50" : 160.54999828338623,
              "p95" : 201.5634059906006
            },
            "sttMs" : {
              "max" : 125.09500980377197,
              "min" : 70.80495357513428,
              "p50" : 95.02899646759033,
              "p95" : 121.35841846466064
            },
            "totalStageMs" : {
              "max" : 303.72095108032227,
              "min" : 231.3939332962036,
              "p50" : 267.01903343200684,
              "p95" : 303.4899711608887
            }
          },
          "iterations" : 5,
          "level" : "polish",
          "providers" : {
            "rewriteObserved" : [
              {
                "count" : 5,
                "model" : "gemini-2.5-flash-lite",
                "path" : "deterministic"
              }
            ],
            "sttMode" : "mock",
            "sttObserved" : [
              {
                "count" : 5,
                "model" : "fixed-delay-v1",
                "provider" : "DeterministicSTT"
              }
            ]
          }
        }
      ]
    },
    {
      "audioBytes" : 427630,
      "audioFile" : "fixture-medium.caf",
      "fixtureID" : "fixture-medium",
      "levels" : [
        {
          "distributions" : {
            "encodeMs" : {
              "max" : 0,
              "min" : 0,
              "p50" : 0,
              "p95" : 0
            },
            "generationMs" : {
              "max" : 133.91590118408203,
              "min" : 78.65703105926514,
              "p50" : 125.42998790740967,
              "p95" : 132.41593837738037
            },
            "pasteMs" : {
              "max" : 0.04303455352783203,
              "min" : 0.009059906005859375,
              "p50" : 0.01895427703857422,
              "p95" : 0.03902912139892578
            },
            "rewriteMs" : {
              "max" : 0,
              "min" : 0,
              "p50" : 0,
              "p95" : 0
            },
            "sttMs" : {
              "max" : 133.91590118408203,
              "min" : 78.65703105926514,
              "p50" : 125.42998790740967,
              "p95" : 132.41593837738037
            },
            "totalStageMs" : {
              "max" : 133.92889499664307,
              "min" : 78.70006561279297,
              "p50" : 125.44894218444824,
              "p95" : 132.43093490600586
            }
          },
          "iterations" : 5,
          "level" : "raw",
          "providers" : {
            "sttMode" : "mock",
            "sttObserved" : [
              {
                "count" : 5,
                "model" : "fixed-delay-v1",
                "provider" : "DeterministicSTT"
              }
            ]
          }
        },
        {
          "distributions" : {
            "encodeMs" : {
              "max" : 0,
              "min" : 0,
              "p50" : 0,
              "p95" : 0
            },
            "generationMs" : {
              "max" : 243.3910369873047,
              "min" : 209.5639705657959,
              "p50" : 219.32995319366455,
              "p95" : 241.5494203567505
            },
            "pasteMs" : {
              "max" : 0.102996826171875,
              "min" : 0.048995018005371094,
              "p50" : 0.05900859832763672,
              "p95" : 0.1027822494506836
            },
            "rewriteMs" : {
              "max" : 129.425048828125,
              "min" : 105.31795024871826,
              "p50" : 111.45102977752686,
              "p95" : 125.958251953125
            },
            "sttMs" : {
              "max" : 138.07308673858643,
              "min" : 89.90490436553955,
              "p50" : 102.80799865722656,