{
  "audioBytes" : 558044,
  "audioFile" : "2 fixtures",
  "commitSHA" : "d6dae455e89c0c6246321b74ffc5120658b1d0ea",
  "fixtureResults" : [
    {
      "audioBytes" : 130414,
      "audioFile" : "fixture-short.caf",
      "fixtureID" : "fixture-short",
      "levels" : [
        {
          "distributions" : {
            "encodeMs" : {
              "max" : 0,
              "min" : 0,
              "p50" : 0,
              "p95" : 0
            },
            "generationMs" : {
              "max" : 619.473934173584,
              "min" : 558.0449104309082,
              "p50" : 576.4980316162109,
              "p95" : 618.9439296722412
            },
            "pasteMs" : {
              "max" : 0.0400543212890625,
              "min" : 0.013947486877441406,
              "p50" : 0.014901161193847656,
              "p95" : 0.03504753112792969
            },
            "rewriteMs" : {
              "max" : 0,
              "min" : 0,
              "p50" : 0,
              "p95" : 0
            },
            "sttMs" : {
              "max" : 619.473934173584,
              "min" : 558.0449104309082,
              "p50" : 576.4980316162109,
              "p95" : 618.9439296722412
            },
            "totalStageMs" : {
              "max" : 619.488000869751,
              "min" : 558.059811592102,
              "p50" : 576.5380859375,
              "p95" : 618.9581871032715
            }
          },
          "iterations" : 5,
          "level" : "raw",
          "providers" : {
            "sttMode" : "batch",
            "sttObserved" : [
              {
                "count" : 5,
                "model" : "scribe_v2",
                "provider" : "ElevenLabs"
              }
            ]
          }
        },
        {
          "distributions" : {
            "encodeMs" : {
              "max" : 0,
              "min" : 0,
              "p50" : 0,
              "p95" : 0
            },
            "generationMs" : {
              "max" : 1411.2980365753174,
              "min" : 949.4210481643677,
              "p50" : 1240.9780025482178,
              "p95" : 1377.8958082199097
            },
            "pasteMs" : {
              "max" : 0.12004375457763672,
              "min" : 0.025033950805664062,
              "p50" : 0.06401538848876953,
              "p95" : 0.11644363403320312
            },
            "rewriteMs" : {
              "max" : 800.341010093689,
              "min" : 377.0710229873657,
              "p50" : 630.4420232772827,
              "p95" : 779.8392057418823
            },
            "sttMs" : {
              "max" : 614.7630214691162,
              "min" : 546.454906463623,
              "p50" : 610.5359792709351,
              "p95" : 614.0018224716187
            },
            "totalStageMs" : {
              "max" : 1411.4000797271729,
              "min" : 949.4640827178955,
              "p50" : 1241.0030364990234,
              "p95" : 1378.0014514923096
            }
          },
          "iterations" : 5,
          "level" : "clean",
          "providers" : {
            "rewriteObserved" : [
              {
                "count" : 5,
                "model" : "google/gemini-2.5-flash-lite",
                "path" : "openrouter"
              }
            ],
            "sttMode" : "batch",
            "sttObserved" : [
              {
                "count" : 5,
                "model" : "scribe_v2",
                "provider" : "ElevenLabs"
              }
            ]
          }
        },
        {
          "distributions" : {
            "encodeMs" : {
              "max" : 0,
              "min" : 0,
              "p50" : 0,
              "p95" : 0
            },
            "generationMs" : {
              "max" : 1692.7939653396606,
              "min" : 1062.757968902588,
              "p50" : 1323.0090141296387,
              "p95" : 1660.5695486068726
            },
            "pasteMs" : {
              "max" : 0.4290342330932617,
              "min" : 0.025033950805664062,
              "p50" : 0.1380443572998047,
              "p95" : 0.41022300720214844
            },
            "rewriteMs" : {
              "max" : 938.215970993042,
              "min" : 456.23791217803955,
              "p50" : 579.9340009689331,
              "p95" : 868.0447816848755
            },
            "sttMs" : {
              "max" : 1105.4339408874512,
              "min" : 593.4559106826782,
              "p50" : 606.5200567245483,
              "p95" : 1032.962155342102
            },
            "totalStageMs" : {
              "max" : 1692.9320096969604,
              "min" : 1063.1870031356812,
              "p50" : 1323.0340480804443,
              "p95" : 1660.74697971344
            }
          },
          "iterations" : 5,
          "level" : "polish",
          "providers" : {
            "rewriteObserved" : [
              {
                "count" : 5,
                "model" : "google/gemini-2.5-flash-lite",
                "path" : "openrouter"
              }
            ],
            "sttMode" : "batch",
            "sttObserved" : [
              {
                "count" : 5,
                "model" : "scribe_v2",
                "provider" : "ElevenLabs"
              }
            ]
          }
        }
      ]
    },
    {
      "audioBytes" : 427630,
      "audioFile" : "fixture-medium.caf",
      "fixtureID" : "fixture-medium",
      "levels" : [
        {
          "distributions" : {
            "encodeMs" : {
              "max" : 0.007033348083496094,
              "min" : 0.0020265579223632812,
              "p50" : 0.0059604644775390625,
              "p95" : 0.0070095062255859375
            },
            "generationMs" : {
              "max" : 1167.9160594940186,
              "min" : 1086.9109630584717,
              "p50" : 1138.7239694595337,
              "p95" : 1167.0156478881836
            },
            "pasteMs" : {
              "max" : 0.07402896881103516,
              "min" : 0.02193450927734375,
              "p50" : 0.04494190216064453,
              "p95" : 0.07243156433105469
            },
            "rewriteMs" : {
              "max" : 0,
              "min" : 0,
              "p50" : 0,
              "p95" : 0
            },
            "sttMs" : {
              "max" : 1167.909026145935,
              "min" : 1086.9050025939941,
              "p50" : 1138.7180089950562,
              "p95" : 1167.0096158981323
            },
            "totalStageMs" : {
              "max" : 1167.952060699463,
              "min" : 1086.932897567749,
              "p50" : 1138.7689113616943,
              "p95" : 1167.0592546463013
            }
          },
          "iterations" : 5,
          "level" : "raw",
          "providers" : {
            "sttMode" : "batch",
            "sttObserved" : [
              {
                "count" : 5,
                "model" : "scribe_v2",
                "provider" : "ElevenLabs"
              }
            ]
          }
        },
        {
          "distributions" : {
            "encodeMs" : {
              "max" : 0.016927719116210938,
              "min" : 0.0040531158447265625,
              "p50" : 0.0059604644775390625,
              "p95" : 0.015139579772949217
            },
            "generationMs" : {
              "max" : 11024.425029754639,
              "min" : 1728.195071220398,
              "p50" : 2319.019913673401,
              "p95" : 10400.602006912231
            },
            "pasteMs" : {
              "max" : 0.14507770538330078,
              "min" : 0.033974647521972656,
              "p50" : 0.05507469177246094,
              "p95" : 0.13527870178222656
            },
            "rewriteMs" : {
              "max" : 9712.010025978088,
              "min" : 414.44504261016846,
              "p50" : 905.1790237426758,
              "p95" : 9127.943420410156
            },
            "sttMs" : {
              "max" : 1413.8349294662476,