{
  "audioBytes" : 558044,
  "audioFile" : "2 fixtures",
  "commitSHA" : "f639db07dba6857cf4fb51496c09a9b5e76d4887",
  "fixtureResults" : [
    {
      "audioBytes" : 130414,
      "audioFile" : "fixture-short.caf",
      "fixtureID" : "fixture-short",
      "levels" : [
        {
          "distributions" : {
            "encodeMs" : {
              "max" : 0,
              "min" : 0,
              "p50" : 0,
              "p95" : 0
            },
            "generationMs" : {
              "max" : 939.5149946212769,
              "min" : 562.9429817199707,
              "p50" : 576.7790079116821,
              "p95" : 869.6687936782837
            },
            "pasteMs" : {
              "max" : 0.05900859832763672,
              "min" : 0.014901161193847656,
              "p50" : 0.030994415283203125,
              "p95" : 0.05440711975097656
            },
            "rewriteMs" : {
              "max" : 0,
              "min" : 0,
              "p50" : 0,
              "p95" : 0
            },
            "sttMs" : {
              "max" : 939.5149946212769,
              "min" : 562.9429817199707,
              "p50" : 576.7790079116821,
              "p95" : 869.6687936782837
            },
            "totalStageMs" : {
              "max" : 939.5459890365601,
              "min" : 562.9669427871704,
              "p50" : 576.793909072876,
              "p95" : 869.7053909301758
            }
          },
          "iterations" : 5,
          "level" : "raw",
          "providers" : {
            "sttMode" : "batch",
            "sttObserved" : [
              {
                "count" : 5,
                "model" : "scribe_v2",
                "provider" : "ElevenLabs"
              }
            ]
          }
        },
        {
          "distributions" : {
            "encodeMs" : {
              "max" : 0,
              "min" : 0,
              "p50" : 0,
              "p95" : 0
            },
            "generationMs" : {
              "max" : 1342.397928237915,
              "min" : 1041.4390563964844,
              "p50" : 1247.4220991134644,
              "p95" : 1325.641131401062
            },
            "pasteMs" : {
              "max" : 0.1659393310546875,
              "min" : 0.06699562072753906,
              "p50" : 0.07402896881103516,
              "p95" : 0.15435218811035156
            },
            "rewriteMs" : {
              "max" : 771.0449695587158,
              "min" : 434.94296073913574,
              "p50" : 620.5880641937256,
              "p95" : 745.7851648330688
            },
            "sttMs" : {
              "max" : 626.8340349197388,
              "min" : 571.3529586791992,
              "p50" : 606.4960956573486,
              "p95" : 624.2408275604248
            },
            "totalStageMs" : {
              "max" : 1342.4649238586426,
              "min" : 1041.5130853652954,
              "p50" : 1247.588038444519,
              "p95" : 1325.7163286209106
            }
          },
          "iterations" : 5,
          "level" : "clean",
          "providers" : {
            "rewriteObserved" : [
              {
                "count" : 5,
                "model" : "google/gemini-2.5-flash-lite",
                "path" : "openrouter"
              }
            ],
            "sttMode" : "batch",
            "sttObserved" : [
              {
                "count" : 5,
                "model" : "scribe_v2",
                "provider" : "ElevenLabs"
              }
            ]
          }
        },
        {
          "distributions" : {
            "encodeMs" : {
              "max" : 0,
              "min" : 0,
              "p50" : 0,
              "p95" : 0
            },
            "generationMs" : {
              "max" : 1822.6521015167236,
              "min" : 1085.5040550231934,
              "p50" : 1427.0589351654053,
              "p95" : 1793.0874586105347
            },
            "pasteMs" : {
              "max" : 0.18596649169921875,
              "min" : 0.033974647521972656,
              "p50" : 0.04506111145019531,
              "p95" : 0.16756057739257812
            },
            "rewriteMs" : {
              "max" : 1194.053053855896,
              "min" : 491.58406257629395,
              "p50" : 876.3339519500732,
              "p95" : 1170.9608316421509
            },
            "sttMs" : {
              "max" : 628.5990476608276,
              "min" : 550.724983215332,
              "p50" : 593.9199924468994,
              "p95" : 622.1266269683838
            },
            "totalStageMs" : {
              "max" : 1822.6971626281738,
              "min" : 1085.5979919433594,
              "p50" : 1427.0929098129272,
              "p95" : 1793.1303024291992
            }
          },
          "iterations" : 5,
          "level" : "polish",
          "providers" : {
            "rewriteObserved" : [
              {
                "count" : 5,
                "model" : "google/gemini-2.5-flash-lite",
                "path" : "openrouter"
              }
            ],
            "sttMode" : "batch",
            "sttObserved" : [
              {
                "count" : 5,
                "model" : "scribe_v2",
                "provider" : "ElevenLabs"
              }
            ]
          }
        }
      ]
    },
    {
      "audioBytes" : 427630,
      "audioFile" : "fixture-medium.caf",
      "fixtureID" : "fixture-medium",
      "levels" : [
        {
          "distributions" : {
            "encodeMs" : {
              "max" : 0.015974044799804688,
              "min" : 0.0029802322387695312,
              "p50" : 0.007033348083496094,
              "p95" : 0.014591217041015625
            },
            "generationMs" : {
              "max" : 1217.326045036316,
              "min" : 996.5090751647949,
              "p50" : 1047.3320484161377,
              "p95" : 1207.0322275161743
            },
            "pasteMs" : {
              "max" : 0.0909566879272461,
              "min" : 0.011086463928222656,
              "p50" : 0.030994415283203125,
              "p95" : 0.08196830749511719
            },
            "rewriteMs" : {
              "max" : 0,
              "min" : 0,
              "p50" : 0,
              "p95" : 0
            },
            "sttMs" : {
              "max" : 1217.3230648040771,
              "min" : 996.5020418167114,
              "p50" : 1047.3289489746094,
              "p95" : 1207.0266485214233
            },
            "totalStageMs" : {
              "max" : 1217.3570394515991,
              "min" : 996.5201616287231,
              "p50" : 1047.3520755767822,
              "p95" : 1207.0662260055542
            }
          },
          "iterations" : 5,
          "level" : "raw",
          "providers" : {
            "sttMode" : "batch",
            "sttObserved" : [
              {
                "count" : 5,
                "model" : "scribe_v2",
                "provider" : "ElevenLabs"
              }
            ]
          }
        },
        {
          "distributions" : {
            "encodeMs" : {
              "max" : 0.009059906005859375,
              "min" : 0.0029802322387695312,
              "p50" : 0.0029802322387695312,
              "p95" : 0.008249282836914062
            },
            "generationMs" : {
              "max" : 8080.648899078369,
              "min" : 1710.3971242904663,
              "p50" : 3032.210946083069,
              "p95" : 7900.262093544006
            },
            "pasteMs" : {
              "max" : 0.07200241088867188,
              "min" : 0.030040740966796875,
              "p50" : 0.04291534423828125,
              "p95" : 0.06680488586425781
            },
            "rewriteMs" : {
              "max" : 6883.486986160278,
              "min" : 525.4960060119629,
              "p50" : 855.0770282745361,
              "p95" : 6731.569576263428
            },
            "sttMs" : {
              "max" : 2506.709933280945,