{
  "audioBytes" : 558044,
  "audioFile" : "2 fixtures",
  "commitSHA" : "25899f1ca27b978e5ae49842647f095b9002bf73",
  "fixtureResults" : [
    {
      "audioBytes" : 130414,
      "audioFile" : "fixture-short.caf",
      "fixtureID" : "fixture-short",
      "levels" : [
        {
          "distributions" : {
            "encodeMs" : {
              "max" : 0,
              "min" : 0,
              "p50" : 0,
              "p95" : 0
            },
            "generationMs" : {
              "max" : 626.818060874939,
              "min" : 541.6090488433838,
              "p50" : 605.6859493255615,
              "p95" : 626.1680364608765
            },
            "pasteMs" : {
              "max" : 0.13899803161621094,
              "min" : 0.03600120544433594,
              "p50" : 0.07796287536621094,
              "p95" : 0.1327991485595703
            },
            "rewriteMs" : {
              "max" : 0,
              "min" : 0,
              "p50" : 0,
              "p95" : 0
            },
            "sttMs" : {
              "max" : 626.818060874939,
              "min" : 541.6090488433838,
              "p50" : 605.6859493255615,
              "p95" : 626.1680364608765
            },
            "totalStageMs" : {
              "max" : 626.926064491272,
              "min" : 541.68701171875,
              "p50" : 605.7219505310059,
              "p95" : 626.2636423110962
            }
          },
          "iterations" : 5,
          "level" : "raw",
          "providers" : {
            "sttMode" : "batch",
            "sttObserved" : [
              {
                "count" : 5,
                "model" : "scribe_v2",
                "provider" : "ElevenLabs"
              }
            ]
          }
        },
        {
          "distributions" : {
            "encodeMs" : {
              "max" : 0,
              "min" : 0,
              "p50" : 0,
              "p95" : 0
            },
            "generationMs" : {
              "max" : 1652.055025100708,
              "min" : 951.5219926834106,
              "p50" : 1001.8078088760376,
              "p95" : 1536.866807937622
            },
            "pasteMs" : {
              "max" : 0.2219676971435547,
              "min" : 0.025987625122070312,
              "p50" : 0.12600421905517578,
              "p95" : 0.20437240600585938
            },
            "rewriteMs" : {
              "max" : 1050.5189895629883,
              "min" : 307.32595920562744,
              "p50" : 400.4709720611572,
              "p95" : 923.3109712600707
            },
            "sttMs" : {
              "max" : 768.7879800796509,
              "min" : 551.0510206222534,
              "p50" : 595.9340333938599,
              "p95" : 735.3375911712646
            },
            "totalStageMs" : {
              "max" : 1652.2769927978516,
              "min" : 951.6479969024658,
              "p50" : 1001.9418001174927,
              "p95" : 1537.0495796203613
            }
          },
          "iterations" : 5,
          "level" : "clean",
          "providers" : {
            "rewriteObserved" : [
              {
                "count" : 5,
                "model" : "google/gemini-2.5-flash-lite",
                "path" : "openrouter"
              }
            ],
            "sttMode" : "batch",
            "sttObserved" : [
              {
                "count" : 5,
                "model" : "scribe_v2",
                "provider" : "ElevenLabs"
              }
            ]
          }
        },
        {
          "distributions" : {
            "encodeMs" : {
              "max" : 0,
              "min" : 0,
              "p50" : 0,
              "p95" : 0
            },
            "generationMs" : {
              "max" : 1195.127010345459,
              "min" : 929.8959970474243,
              "p50" : 1119.8179721832275,
              "p95" : 1181.100606918335
            },
            "pasteMs" : {
              "max" : 0.15306472778320312,
              "min" : 0.13005733489990234,
              "p50" : 0.13399124145507812,
              "p95" : 0.15244483947753906
            },
            "rewriteMs" : {
              "max" : 612.7809286117554,
              "min" : 388.58604431152344,
              "p50" : 526.1869430541992,
              "p95" : 596.3071346282959
            },
            "sttMs" : {
              "max" : 598.8080501556396,
              "min" : 541.3099527359009,
              "p50" : 582.3460817337036,
              "p95" : 596.9276428222656
            },
            "totalStageMs" : {
              "max" : 1195.2600479125977,
              "min" : 930.0490617752075,
              "p50" : 1119.9679374694824,
              "p95" : 1181.2330484390259
            }
          },
          "iterations" : 5,
          "level" : "polish",
          "providers" : {
            "rewriteObserved" : [
              {
                "count" : 5,
                "model" : "x-ai/grok-4.1-fast",
                "path" : "openrouter"
              }
            ],
            "sttMode" : "batch",
            "sttObserved" : [
              {
                "count" : 5,
                "model" : "scribe_v2",
                "provider" : "ElevenLabs"
              }
            ]
          }
        }
      ]
    },
    {
      "audioBytes" : 427630,
      "audioFile" : "fixture-medium.caf",
      "fixtureID" : "fixture-medium",
      "levels" : [
        {
          "distributions" : {
            "encodeMs" : {
              "max" : 37.88101673126221,
              "min" : 21.867990493774414,
              "p50" : 30.09200096130371,
              "p95" : 36.654019355773926
            },
            "generationMs" : {
              "max" : 1101.5950441360474,
              "min" : 1043.0350303649902,
              "p50" : 1057.3010444641113,
              "p95" : 1093.8312292099
            },
            "pasteMs" : {
              "max" : 0.4830360412597656,
              "min" : 0.0400543212890625,
              "p50" : 0.0699758529663086,
              "p95" : 0.40822029113769526
            },
            "rewriteMs" : {
              "max" : 0,
              "min" : 0,
              "p50" : 0,
              "p95" : 0
            },
            "sttMs" : {
              "max" : 1063.7140274047852,
              "min" : 1019.7590589523315,
              "p50" : 1027.2090435028076,
              "p95" : 1059.1528177261353
            },
            "totalStageMs" : {
              "max" : 1101.7040014266968,
              "min" : 1043.0810451507568,
              "p50" : 1057.3710203170776,
              "p95" : 1093.9264059066772
            }
          },
          "iterations" : 5,
          "level" : "raw",
          "providers" : {
            "sttMode" : "batch",
            "sttObserved" : [
              {
                "count" : 5,
                "model" : "scribe_v2",
                "provider" : "ElevenLabs"
              }
            ]
          }
        },
        {
          "distributions" : {
            "encodeMs" : {
              "max" : 56.78093433380127,
              "min" : 18.4938907623291,
              "p50" : 52.461981773376465,
              "p95" : 56.055331230163574
            },
            "generationMs" : {
              "max" : 2270.3309059143066,
              "min" : 1426.6369342803955,
              "p50" : 1543.9269542694092,
              "p95" : 2183.505892753601
            },
            "pasteMs" : {
              "max" : 0.14698505401611328,
              "min" : 0.0629425048828125,
              "p50" : 0.09107589721679688,
              "p95" : 0.14557838439941406
            },
            "rewriteMs" : {
              "max" : 854.0499210357666,
              "min" : 333.5620164871216,
              "p50" : 436.99097633361816,
              "p95" : 773.7053394317627
            },
            "sttMs" : {
              "max" : 1436.8369579315186,
              "min" : 959.2000246047974,