{
  "audioBytes" : 558044,
  "audioFile" : "2 fixtures",
  "commitSHA" : "25899f1ca27b978e5ae49842647f095b9002bf73",
  "fixtureResults" : [
    {
      "audioBytes" : 130414,
      "audioFile" : "fixture-short.caf",
      "fixtureID" : "fixture-short",
      "levels" : [
        {
          "distributions" : {
            "encodeMs" : {
              "max" : 0,
              "min" : 0,
              "p50" : 0,
              "p95" : 0
            },
            "generationMs" : {
              "max" : 208.69994163513184,
              "min" : 82.95702934265137,
              "p50" : 106.9420576095581,
              "p95" : 192.67394542694092
            },
            "pasteMs" : {
              "max" : 0.12695789337158203,
              "min" : 0.04100799560546875,
              "p50" : 0.08499622344970703,
              "p95" : 0.12276172637939453
            },
            "rewriteMs" : {
              "max" : 0,
              "min" : 0,
              "p50" : 0,
              "p95" : 0
            },
            "sttMs" : {
              "max" : 208.69994163513184,
              "min" : 82.95702934265137,
              "p50" : 106.9420576095581,
              "p95" : 192.67394542694092
            },
            "totalStageMs" : {
              "max" : 208.82689952850342,
              "min" : 82.99803733825684,
              "p50" : 107.02705383300781,
              "p95" : 192.78552532196045
            }
          },
          "iterations" : 5,
          "level" : "raw",
          "providers" : {
            "sttMode" : "mock",
            "sttObserved" : [
              {
                "count" : 5,
                "model" : "fixed-delay-v1",
                "provider" : "DeterministicSTT"
              }
            ]
          }
        },
        {
          "distributions" : {
            "encodeMs" : {
              "max" : 0,
              "min" : 0,
              "p50" : 0,
              "p95" : 0
            },
            "generationMs" : {
              "max" : 450.19710063934326,
              "min" : 217.1170711517334,
              "p50" : 291.45002365112305,
              "p95" : 424.68650341033936
            },
            "pasteMs" : {
              "max" : 0.1800060272216797,
              "min" : 0.14698505401611328,
              "p50" : 0.1609325408935547,
              "p95" : 0.17740726470947266
            },
            "rewriteMs" : {
              "max" : 229.93707656860352,
              "min" : 103.79600524902344,
              "p50" : 182.19506740570068,
              "p95" : 226.94785594940186
            },
            "sttMs" : {
              "max" : 220.26002407073975,
              "min" : 68.36700439453125,
              "p50" : 140.44904708862305,
              "p95" : 207.82701969146729
            },
            "totalStageMs" : {
              "max" : 450.37710666656494,
              "min" : 217.27299690246582,
              "p50" : 291.59700870513916,
              "p95" : 424.8626947402954
            }
          },
          "iterations" : 5,
          "level" : "clean",
          "providers" : {
            "rewriteObserved" : [
              {
                "count" : 5,
                "model" : "gemini-2.5-flash-lite",
                "path" : "deterministic"
              }
            ],
            "sttMode" : "mock",
            "sttObserved" : [
              {
                "count" : 5,
                "model" : "fixed-delay-v1",
                "provider" : "DeterministicSTT"
              }
            ]
          }
        },
        {
          "distributions" : {
            "encodeMs" : {
              "max" : 0,
              "min" : 0,
              "p50" : 0,
              "p95" : 0
            },
            "generationMs" : {
              "max" : 496.11592292785645,
              "min" : 233.74009132385254,
              "p50" : 422.0290184020996,
              "p95" : 484.7893476486206
            },
            "pasteMs" : {
              "max" : 0.23794174194335938,
              "min" : 0.1519918441772461,
              "p50" : 0.1919269561767578,
              "p95" : 0.23777484893798828
            },
            "rewriteMs" : {
              "max" : 312.89494037628174,
              "min" : 165.16804695129395,
              "p50" : 225.96609592437744,
              "p95" : 306.2129497528076
            },
            "sttMs" : {
              "max" : 216.10701084136963,
              "min" : 68.5720443725586,
              "p50" : 183.2209825515747,
              "p95" : 209.75801944732666
            },
            "totalStageMs" : {
              "max" : 496.3078498840332,
              "min" : 233.89208316802979,
              "p50" : 422.26696014404297,
              "p95" : 484.9903106689453
            }
          },
          "iterations" : 5,
          "level" : "polish",
          "providers" : {
            "rewriteObserved" : [
              {
                "count" : 5,
                "model" : "x-ai/grok-4.1-fast",
                "path" : "deterministic"
              }
            ],
            "sttMode" : "mock",
            "sttObserved" : [
              {
                "count" : 5,
                "model" : "fixed-delay-v1",
                "provider" : "DeterministicSTT"
              }
            ]
          }
        }
      ]
    },
    {
      "audioBytes" : 427630,
      "audioFile" : "fixture-medium.caf",
      "fixtureID" : "fixture-medium",
      "levels" : [
        {
          "distributions" : {
            "encodeMs" : {
              "max" : 0,
              "min" : 0,
              "p50" : 0,
              "p95" : 0
            },
            "generationMs" : {
              "max" : 215.62910079956055,
              "min" : 102.47302055358887,
              "p50" : 108.17599296569824,
              "p95" : 213.89029026031494
            },
            "pasteMs" : {
              "max" : 0.12505054473876953,
              "min" : 0.054955482482910156,
              "p50" : 0.09298324584960938,
              "p95" : 0.12204647064208984
            },
            "rewriteMs" : {
              "max" : 0,
              "min" : 0,
              "p50" : 0,
              "p95" : 0
            },
            "sttMs" : {
              "max" : 215.62910079956055,
              "min" : 102.47302055358887,
              "p50" : 108.17599296569824,
              "p95" : 213.89029026031494
            },
            "totalStageMs" : {
              "max" : 215.68405628204346,
              "min" : 102.56600379943848,
              "p50" : 108.26706886291504,
              "p95" : 213.95626068115234
            }
          },
          "iterations" : 5,
          "level" : "raw",
          "providers" : {
            "sttMode" : "mock",
            "sttObserved" : [
              {
                "count" : 5,
                "model" : "fixed-delay-v1",
                "provider" : "DeterministicSTT"
              }
            ]
          }
        },
        {
          "distributions" : {
            "encodeMs" : {
              "max" : 0,
              "min" : 0,
              "p50" : 0,
              "p95" : 0
            },
            "generationMs" : {
              "max" : 380.45406341552734,
              "min" : 218.14203262329102,
              "p50" : 313.215970993042,
              "p95" : 370.2050447463989
            },
            "pasteMs" : {
              "max" : 0.23102760314941406,
              "min" : 0.1710653305053711,
              "p50" : 0.20205974578857422,
              "p95" : 0.22580623626708984
            },
            "rewriteMs" : {
              "max" : 239.18402194976807,
              "min" : 109.45403575897217,
              "p50" : 206.37500286102295,
              "p95" : 234.37001705169678
            },
            "sttMs" : {
              "max" : 205.0650119781494,
              "min" : 87.87596225738525,
              "p50" : 108.68799686431885,