{
  "audioBytes" : 558044,
  "audioFile" : "2 fixtures",
  "commitSHA" : "cfc15b5b5dcdf8c8ec89fdc1c3b53fa54d7eea6b",
  "fixtureResults" : [
    {
      "audioBytes" : 130414,
      "audioFile" : "fixture-short.caf",
      "fixtureID" : "fixture-short",
      "levels" : [
        {
          "distributions" : {
            "encodeMs" : {
              "max" : 0,
              "min" : 0,
              "p50" : 0,
              "p95" : 0
            },
            "generationMs" : {
              "max" : 1210.4109525680542,
              "min" : 647.7088928222656,
              "p50" : 1062.8540515899658,
              "p95" : 1196.375560760498
            },
            "pasteMs" : {
              "max" : 3.1719207763671875,
              "min" : 0.02491474151611328,
              "p50" : 0.051021575927734375,
              "p95" : 2.549338340759277
            },
            "rewriteMs" : {
              "max" : 0,
              "min" : 0,
              "p50" : 0,
              "p95" : 0
            },
            "sttMs" : {
              "max" : 1210.4109525680542,
              "min" : 647.7088928222656,
              "p50" : 1062.8540515899658,
              "p95" : 1196.375560760498
            },
            "totalStageMs" : {
              "max" : 1210.461974143982,
              "min" : 650.8808135986328,
              "p50" : 1062.878966331482,
              "p95" : 1196.4281797409058
            }
          },
          "iterations" : 5,
          "level" : "raw",
          "providers" : {
            "sttMode" : "batch",
            "sttObserved" : [
              {
                "count" : 5,
                "model" : "scribe_v2",
                "provider" : "ElevenLabs"
              }
            ]
          }
        },
        {
          "distributions" : {
            "encodeMs" : {
              "max" : 0,
              "min" : 0,
              "p50" : 0,
              "p95" : 0
            },
            "generationMs" : {
              "max" : 1725.6871461868286,
              "min" : 942.9429769515991,
              "p50" : 987.220048904419,
              "p95" : 1605.7873249053955
            },
            "pasteMs" : {
              "max" : 0.09799003601074219,
              "min" : 0.07295608520507812,
              "p50" : 0.08797645568847656,
              "p95" : 0.09658336639404297
            },
            "rewriteMs" : {
              "max" : 472.96106815338135,
              "min" : 317.0890808105469,
              "p50" : 352.2529602050781,
              "p95" : 450.2082586288452
            },
            "sttMs" : {
              "max" : 1252.7260780334473,
              "min" : 625.8538961410522,
              "p50" : 628.0230283737183,
              "p95" : 1163.9538526535034
            },
            "totalStageMs" : {
              "max" : 1725.7851362228394,
              "min" : 943.0159330368042,
              "p50" : 987.3110055923462,
              "p95" : 1605.8833122253418
            }
          },
          "iterations" : 5,
          "level" : "clean",
          "providers" : {
            "rewriteObserved" : [
              {
                "count" : 5,
                "model" : "google/gemini-2.5-flash-lite",
                "path" : "openrouter"
              }
            ],
            "sttMode" : "batch",
            "sttObserved" : [
              {
                "count" : 5,
                "model" : "scribe_v2",
                "provider" : "ElevenLabs"
              }
            ]
          }
        },
        {
          "distributions" : {
            "encodeMs" : {
              "max" : 0,
              "min" : 0,
              "p50" : 0,
              "p95" : 0
            },
            "generationMs" : {
              "max" : 1645.3949213027954,
              "min" : 1134.0121030807495,
              "p50" : 1398.574948310852,
              "p95" : 1596.558952331543
            },
            "pasteMs" : {
              "max" : 0.8929967880249023,
              "min" : 0.052094459533691406,
              "p50" : 0.0730752944946289,
              "p95" : 0.825190544128418
            },
            "rewriteMs" : {
              "max" : 688.9909505844116,
              "min" : 359.19296741485596,
              "p50" : 442.1219825744629,
              "p95" : 648.6915826797485
            },
            "sttMs" : {
              "max" : 1203.2729387283325,
              "min" : 698.5620260238647,
              "p50" : 913.720965385437,
              "p95" : 1163.7759447097778
            },
            "totalStageMs" : {
              "max" : 1645.46799659729,
              "min" : 1134.0711116790771,
              "p50" : 1398.6270427703857,
              "p95" : 1596.7960119247437
            }
          },
          "iterations" : 5,
          "level" : "polish",
          "providers" : {
            "rewriteObserved" : [
              {
                "count" : 5,
                "model" : "x-ai/grok-4.1-fast",
                "path" : "openrouter"
              }
            ],
            "sttMode" : "batch",
            "sttObserved" : [
              {
                "count" : 5,
                "model" : "scribe_v2",
                "provider" : "ElevenLabs"
              }
            ]
          }
        }
      ]
    },
    {
      "audioBytes" : 427630,
      "audioFile" : "fixture-medium.caf",
      "fixtureID" : "fixture-medium",
      "levels" : [
        {
          "distributions" : {
            "encodeMs" : {
              "max" : 151.4430046081543,
              "min" : 95.64805030822754,
              "p50" : 104.27296161651611,
              "p95" : 148.5856056213379
            },
            "generationMs" : {
              "max" : 1566.3769245147705,
              "min" : 1345.3691005706787,
              "p50" : 1508.2058906555176,
              "p95" : 1561.8587255477905
            },
            "pasteMs" : {
              "max" : 0.8440017700195312,
              "min" : 0.03600120544433594,
              "p50" : 0.12505054473876953,
              "p95" : 0.7542133331298828
            },
            "rewriteMs" : {
              "max" : 0,
              "min" : 0,
              "p50" : 0,
              "p95" : 0
            },
            "sttMs" : {
              "max" : 1429.2209148406982,
              "min" : 1249.7210502624512,
              "p50" : 1392.3429250717163,
              "p95" : 1425.0071287155151
            },
            "totalStageMs" : {
              "max" : 1567.22092628479,
              "min" : 1345.4941511154175,
              "p50" : 1508.306860923767,
              "p95" : 1562.6129388809204
            }
          },
          "iterations" : 5,
          "level" : "raw",
          "providers" : {
            "sttMode" : "batch",
            "sttObserved" : [
              {
                "count" : 5,
                "model" : "scribe_v2",
                "provider" : "ElevenLabs"
              }
            ]
          }
        },
        {
          "distributions" : {
            "encodeMs" : {
              "max" : 112.52892017364502,
              "min" : 43.68400573730469,
              "p50" : 60.965895652770996,
              "p95" : 108.13312530517578
            },
            "generationMs" : {
              "max" : 2146.499991416931,
              "min" : 1879.4748783111572,
              "p50" : 2043.7849760055542,
              "p95" : 2132.8001976013184
            },
            "pasteMs" : {
              "max" : 0.8499622344970703,
              "min" : 0.05805492401123047,
              "p50" : 0.08594989776611328,
              "p95" : 0.7065773010253905
            },
            "rewriteMs" : {
              "max" : 541.4040088653564,
              "min" : 407.89496898651123,
              "p50" : 485.21196842193604,
              "p95" : 532.0326089859009
            },
            "sttMs" : {
              "max" : 1617.6040172576904,
              "min" : 1337.1388912200928,