{
  "audioBytes" : 558044,
  "audioFile" : "2 fixtures",
  "commitSHA" : "cdaf0dfafaccad37a59c2d2c8a8d0a3a5226a56a",
  "fixtureResults" : [
    {
      "audioBytes" : 130414,
      "audioFile" : "fixture-short.caf",
      "fixtureID" : "fixture-short",
      "levels" : [
        {
          "distributions" : {
            "encodeMs" : {
              "max" : 0,
              "min" : 0,
              "p50" : 0,
              "p95" : 0
            },
            "generationMs" : {
              "max" : 579.5789957046509,
              "min" : 554.069995880127,
              "p50" : 557.5460195541382,
              "p95" : 576.8810033798218
            },
            "pasteMs" : {
              "max" : 0.26810169219970703,
              "min" : 0.012993812561035156,
              "p50" : 0.033974647521972656,
              "p95" : 0.2234697341918945
            },
            "rewriteMs" : {
              "max" : 0,
              "min" : 0,
              "p50" : 0,
              "p95" : 0
            },
            "sttMs" : {
              "max" : 579.5789957046509,
              "min" : 554.069995880127,
              "p50" : 557.5460195541382,
              "p95" : 576.8810033798218
            },
            "totalStageMs" : {
              "max" : 579.8470973968506,
              "min" : 554.0919303894043,
              "p50" : 557.5590133666992,
              "p95" : 577.1044731140137
            }
          },
          "iterations" : 5,
          "level" : "raw",
          "providers" : {
            "sttMode" : "batch",
            "sttObserved" : [
              {
                "count" : 5,
                "model" : "scribe_v2",
                "provider" : "ElevenLabs"
              }
            ]
          }
        },
        {
          "distributions" : {
            "encodeMs" : {
              "max" : 0,
              "min" : 0,
              "p50" : 0,
              "p95" : 0
            },
            "generationMs" : {
              "max" : 1065.8700466156006,
              "min" : 899.2249965667725,
              "p50" : 908.7499380111694,
              "p95" : 1036.3394260406494
            },
            "pasteMs" : {
              "max" : 0.4029273986816406,
              "min" : 0.033020973205566406,
              "p50" : 0.06401538848876953,
              "p95" : 0.3363609313964843
            },
            "rewriteMs" : {
              "max" : 473.88899326324463,
              "min" : 303.6079406738281,
              "p50" : 342.134952545166,
              "p95" : 449.2125988006592
            },
            "sttMs" : {
              "max" : 598.9609956741333,
              "min" : 566.6149854660034,
              "p50" : 589.8309946060181,
              "p95" : 597.5650072097778
            },
            "totalStageMs" : {
              "max" : 1065.9401416778564,
              "min" : 899.6279239654541,
              "p50" : 908.8139533996582,
              "p95" : 1036.4021062850952
            }
          },
          "iterations" : 5,
          "level" : "clean",
          "providers" : {
            "rewriteObserved" : [
              {
                "count" : 5,
                "model" : "google/gemini-2.5-flash-lite",
                "path" : "openrouter"
              }
            ],
            "sttMode" : "batch",
            "sttObserved" : [
              {
                "count" : 5,
                "model" : "scribe_v2",
                "provider" : "ElevenLabs"
              }
            ]
          }
        },
        {
          "distributions" : {
            "encodeMs" : {
              "max" : 0,
              "min" : 0,
              "p50" : 0,
              "p95" : 0
            },
            "generationMs" : {
              "max" : 1330.2780389785767,
              "min" : 881.6909790039062,
              "p50" : 948.5150575637817,
              "p95" : 1262.8388404846191
            },
            "pasteMs" : {
              "max" : 0.2770423889160156,
              "min" : 0.12195110321044922,
              "p50" : 0.14495849609375,
              "p95" : 0.25365352630615234
            },
            "rewriteMs" : {
              "max" : 409.34503078460693,
              "min" : 315.4960870742798,
              "p50" : 371.5130090713501,
              "p95" : 405.33764362335205
            },
            "sttMs" : {
              "max" : 940.9699440002441,
              "min" : 510.17796993255615,
              "p50" : 595.2560901641846,
              "p95" : 886.1871480941772
            },
            "totalStageMs" : {
              "max" : 1330.5550813674927,
              "min" : 881.8129301071167,
              "p50" : 948.6751556396484,
              "p95" : 1263.0894660949707
            }
          },
          "iterations" : 5,
          "level" : "polish",
          "providers" : {
            "rewriteObserved" : [
              {
                "count" : 5,
                "model" : "x-ai/grok-4.1-fast",
                "path" : "openrouter"
              }
            ],
            "sttMode" : "batch",
            "sttObserved" : [
              {
                "count" : 5,
                "model" : "scribe_v2",
                "provider" : "ElevenLabs"
              }
            ]
          }
        }
      ]
    },
    {
      "audioBytes" : 427630,
      "audioFile" : "fixture-medium.caf",
      "fixtureID" : "fixture-medium",
      "levels" : [
        {
          "distributions" : {
            "encodeMs" : {
              "max" : 34.49404239654541,
              "min" : 21.536946296691895,
              "p50" : 25.379061698913574,
              "p95" : 33.47523212432861
            },
            "generationMs" : {
              "max" : 1058.1870079040527,
              "min" : 995.3491687774658,
              "p50" : 1036.8320941925049,
              "p95" : 1054.7695875167847
            },
            "pasteMs" : {
              "max" : 0.12004375457763672,
              "min" : 0.027060508728027344,
              "p50" : 0.04696846008300781,
              "p95" : 0.1102447509765625
            },
            "rewriteMs" : {
              "max" : 0,
              "min" : 0,
              "p50" : 0,
              "p95" : 0
            },
            "sttMs" : {
              "max" : 1028.7870168685913,
              "min" : 967.054009437561,
              "p50" : 1011.4530324935913,
              "p95" : 1026.9422054290771
            },
            "totalStageMs" : {
              "max" : 1058.2339763641357,
              "min" : 995.3762292861938,
              "p50" : 1036.9031429290771,
              "p95" : 1054.8311710357666
            }
          },
          "iterations" : 5,
          "level" : "raw",
          "providers" : {
            "sttMode" : "batch",
            "sttObserved" : [
              {
                "count" : 5,
                "model" : "scribe_v2",
                "provider" : "ElevenLabs"
              }
            ]
          }
        },
        {
          "distributions" : {
            "encodeMs" : {
              "max" : 38.48099708557129,
              "min" : 20.678997039794922,
              "p50" : 31.42106533050537,
              "p95" : 37.81840801239014
            },
            "generationMs" : {
              "max" : 1540.4540300369263,
              "min" : 1249.1340637207031,
              "p50" : 1335.4450464248657,
              "p95" : 1519.5508003234863
            },
            "pasteMs" : {
              "max" : 0.22101402282714844,
              "min" : 0.051021575927734375,
              "p50" : 0.09691715240478516,
              "p95" : 0.20799636840820312
            },
            "rewriteMs" : {
              "max" : 610.0050210952759,
              "min" : 297.9099750518799,
              "p50" : 351.99999809265137,
              "p95" : 587.0311975479126
            },
            "sttMs" : {
              "max" : 980.125904083252,
              "min" : 891.9680118560791,