{
  "audioBytes" : 558044,
  "audioFile" : "2 fixtures",
  "commitSHA" : "192f9aa1d1aa7e632a8b2db1f206c7920b6df385",
  "fixtureResults" : [
    {
      "audioBytes" : 130414,
      "audioFile" : "fixture-short.caf",
      "fixtureID" : "fixture-short",
      "levels" : [
        {
          "distributions" : {
            "encodeMs" : {
              "max" : 0,
              "min" : 0,
              "p50" : 0,
              "p95" : 0
            },
            "generationMs" : {
              "max" : 879.925012588501,
              "min" : 578.6280632019043,
              "p50" : 599.4750261306763,
              "p95" : 826.2494325637817
            },
            "pasteMs" : {
              "max" : 0.10097026824951172,
              "min" : 0.015974044799804688,
              "p50" : 0.05793571472167969,
              "p95" : 0.09737014770507812
            },
            "rewriteMs" : {
              "max" : 0,
              "min" : 0,
              "p50" : 0,
              "p95" : 0
            },
            "sttMs" : {
              "max" : 879.925012588501,
              "min" : 578.6280632019043,
              "p50" : 599.4750261306763,
              "p95" : 826.2494325637817
            },
            "totalStageMs" : {
              "max" : 879.9829483032227,
              "min" : 578.7290334701538,
              "p50" : 599.5209217071533,
              "p95" : 826.3123750686646
            }
          },
          "iterations" : 5,
          "level" : "raw",
          "providers" : {
            "sttMode" : "batch",
            "sttObserved" : [
              {
                "count" : 5,
                "model" : "scribe_v2",
                "provider" : "ElevenLabs"
              }
            ]
          }
        },
        {
          "distributions" : {
            "encodeMs" : {
              "max" : 0,
              "min" : 0,
              "p50" : 0,
              "p95" : 0
            },
            "generationMs" : {
              "max" : 1413.6019945144653,
              "min" : 1062.2069835662842,
              "p50" : 1157.7160358428955,
              "p95" : 1374.0247964859009
            },
            "pasteMs" : {
              "max" : 0.1690387725830078,
              "min" : 0.049948692321777344,
              "p50" : 0.07009506225585938,
              "p95" : 0.15642642974853516
            },
            "rewriteMs" : {
              "max" : 658.8850021362305,
              "min" : 505.1649808883667,
              "p50" : 605.5160760879517,
              "p95" : 655.9257984161377
            },
            "sttMs" : {
              "max" : 754.7169923782349,
              "min" : 543.9800024032593,
              "p50" : 571.6270208358765,
              "p95" : 719.4180011749268
            },
            "totalStageMs" : {
              "max" : 1413.651943206787,
              "min" : 1062.3129606246948,
              "p50" : 1157.778024673462,
              "p95" : 1374.098563194275
            }
          },
          "iterations" : 5,
          "level" : "clean",
          "providers" : {
            "rewriteObserved" : [
              {
                "count" : 5,
                "model" : "google/gemini-2.5-flash-lite",
                "path" : "openrouter"
              }
            ],
            "sttMode" : "batch",
            "sttObserved" : [
              {
                "count" : 5,
                "model" : "scribe_v2",
                "provider" : "ElevenLabs"
              }
            ]
          }
        },
        {
          "distributions" : {
            "encodeMs" : {
              "max" : 0,
              "min" : 0,
              "p50" : 0,
              "p95" : 0
            },
            "generationMs" : {
              "max" : 1189.1790628433228,
              "min" : 849.092960357666,
              "p50" : 1012.9208564758301,
              "p95" : 1169.3394422531128
            },
            "pasteMs" : {
              "max" : 0.32401084899902344,
              "min" : 0.04506111145019531,
              "p50" : 0.09202957153320312,
              "p95" : 0.3080129623413086
            },
            "rewriteMs" : {
              "max" : 628.4379959106445,
              "min" : 313.1619691848755,
              "p50" : 409.9690914154053,
              "p95" : 592.6973819732666
            },
            "sttMs" : {
              "max" : 695.0039863586426,
              "min" : 535.9309911727905,
              "p50" : 563.1859302520752,
              "p95" : 669.0845966339111
            },
            "totalStageMs" : {
              "max" : 1189.271092414856,
              "min" : 849.1489887237549,
              "p50" : 1013.2448673248291,
              "p95" : 1169.4220781326294
            }
          },
          "iterations" : 5,
          "level" : "polish",
          "providers" : {
            "rewriteObserved" : [
              {
                "count" : 5,
                "model" : "google/gemini-2.5-flash-lite",
                "path" : "openrouter"
              }
            ],
            "sttMode" : "batch",
            "sttObserved" : [
              {
                "count" : 5,
                "model" : "scribe_v2",
                "provider" : "ElevenLabs"
              }
            ]
          }
        }
      ]
    },
    {
      "audioBytes" : 427630,
      "audioFile" : "fixture-medium.caf",
      "fixtureID" : "fixture-medium",
      "levels" : [
        {
          "distributions" : {
            "encodeMs" : {
              "max" : 39.42298889160156,
              "min" : 23.38707447052002,
              "p50" : 23.844003677368164,
              "p95" : 36.95218563079834
            },
            "generationMs" : {
              "max" : 1228.6689281463623,
              "min" : 1011.5169286727905,
              "p50" : 1118.9820766448975,
              "p95" : 1222.5027322769165
            },
            "pasteMs" : {
              "max" : 0.4220008850097656,
              "min" : 0.016927719116210938,
              "p50" : 0.11897087097167969,
              "p95" : 0.3736019134521484
            },
            "rewriteMs" : {
              "max" : 0,
              "min" : 0,
              "p50" : 0,
              "p95" : 0
            },
            "sttMs" : {
              "max" : 1204.8249244689941,
              "min" : 984.4479560852051,
              "p50" : 1095.5950021743774,
              "p95" : 1195.5429315567017
            },
            "totalStageMs" : {
              "max" : 1228.787899017334,
              "min" : 1011.6969347000122,
              "p50" : 1118.9990043640137,
              "p95" : 1222.6823091506958
            }
          },
          "iterations" : 5,
          "level" : "raw",
          "providers" : {
            "sttMode" : "batch",
            "sttObserved" : [
              {
                "count" : 5,
                "model" : "scribe_v2",
                "provider" : "ElevenLabs"
              }
            ]
          }
        },
        {
          "distributions" : {
            "encodeMs" : {
              "max" : 38.598060607910156,
              "min" : 26.084065437316895,
              "p50" : 35.498976707458496,
              "p95" : 38.190460205078125
            },
            "generationMs" : {
              "max" : 2122.878074645996,
              "min" : 1670.3970432281494,
              "p50" : 1878.8490295410156,
              "p95" : 2099.763083457947
            },
            "pasteMs" : {
              "max" : 0.5159378051757812,
              "min" : 0.06103515625,
              "p50" : 0.07092952728271484,
              "p95" : 0.427556037902832
            },
            "rewriteMs" : {
              "max" : 998.0759620666504,
              "min" : 405.6079387664795,
              "p50" : 733.1279516220093,
              "p95" : 971.5115785598755
            },
            "sttMs" : {
              "max" : 1242.3999309539795,
              "min" : 1076.8100023269653,