{
  "audioBytes" : 558044,
  "audioFile" : "2 fixtures",
  "commitSHA" : "a4a3c241d2e35797a667e9bc88dd41731e231ed7",
  "fixtureResults" : [
    {
      "audioBytes" : 130414,
      "audioFile" : "fixture-short.caf",
      "fixtureID" : "fixture-short",
      "levels" : [
        {
          "distributions" : {
            "encodeMs" : {
              "max" : 0,
              "min" : 0,
              "p50" : 0,
              "p95" : 0
            },
            "generationMs" : {
              "max" : 134.93800163269043,
              "min" : 104.34591770172119,
              "p50" : 132.4399709701538,
              "p95" : 134.60161685943604
            },
            "pasteMs" : {
              "max" : 0.07092952728271484,
              "min" : 0.009894371032714844,
              "p50" : 0.04303455352783203,
              "p95" : 0.06895065307617188
            },
            "rewriteMs" : {
              "max" : 0,
              "min" : 0,
              "p50" : 0,
              "p95" : 0
            },
            "sttMs" : {
              "max" : 134.93800163269043,
              "min" : 104.34591770172119,
              "p50" : 132.4399709701538,
              "p95" : 134.60161685943604
            },
            "totalStageMs" : {
              "max" : 134.94789600372314,
              "min" : 104.4168472290039,
              "p50" : 132.47501850128174,
              "p95" : 134.6217393875122
            }
          },
          "iterations" : 5,
          "level" : "raw",
          "providers" : {
            "sttMode" : "mock",
            "sttObserved" : [
              {
                "count" : 5,
                "model" : "fixed-delay-v1",
                "provider" : "DeterministicSTT"
              }
            ]
          }
        },
        {
          "distributions" : {
            "encodeMs" : {
              "max" : 0,
              "min" : 0,
              "p50" : 0,
              "p95" : 0
            },
            "generationMs" : {
              "max" : 299.14891719818115,
              "min" : 207.58485794067383,
              "p50" : 295.80700397491455,
              "p95" : 298.85873794555664
            },
            "pasteMs" : {
              "max" : 0.7810592651367188,
              "min" : 0.03993511199951172,
              "p50" : 0.11098384857177734,
              "p95" : 0.6522417068481444
            },
            "rewriteMs" : {
              "max" : 175.22692680358887,
              "min" : 143.23389530181885,
              "p50" : 165.34698009490967,
              "p95" : 174.54993724822998
            },
            "sttMs" : {
              "max" : 134.16099548339844,
              "min" : 64.35096263885498,
              "p50" : 123.92199039459229,
              "p95" : 132.12180137634277
            },
            "totalStageMs" : {
              "max" : 299.92997646331787,
              "min" : 207.6958417892456,
              "p50" : 295.8599328994751,
              "p95" : 299.5109796524048
            }
          },
          "iterations" : 5,
          "level" : "clean",
          "providers" : {
            "rewriteObserved" : [
              {
                "count" : 5,
                "model" : "gemini-2.5-flash-lite",
                "path" : "deterministic"
              }
            ],
            "sttMode" : "mock",
            "sttObserved" : [
              {
                "count" : 5,
                "model" : "fixed-delay-v1",
                "provider" : "DeterministicSTT"
              }
            ]
          }
        },
        {
          "distributions" : {
            "encodeMs" : {
              "max" : 0,
              "min" : 0,
              "p50" : 0,
              "p95" : 0
            },
            "generationMs" : {
              "max" : 344.0150022506714,
              "min" : 295.6010103225708,
              "p50" : 302.3320436477661,
              "p95" : 335.9662055969238
            },
            "pasteMs" : {
              "max" : 1.611948013305664,
              "min" : 0.048995018005371094,
              "p50" : 0.06794929504394531,
              "p95" : 1.3109445571899412
            },
            "rewriteMs" : {
              "max" : 232.71894454956055,
              "min" : 170.73702812194824,
              "p50" : 188.277006149292,
              "p95" : 224.55856800079346
            },
            "sttMs" : {
              "max" : 133.03399085998535,
              "min" : 107.32400417327881,
              "p50" : 111.29605770111084,
              "p95" : 132.51080513000488
            },
            "totalStageMs" : {
              "max" : 345.62695026397705,
              "min" : 295.6629991531372,
              "p50" : 302.3810386657715,
              "p95" : 337.26935386657715
            }
          },
          "iterations" : 5,
          "level" : "polish",
          "providers" : {
            "rewriteObserved" : [
              {
                "count" : 5,
                "model" : "gemini-2.5-flash-lite",
                "path" : "deterministic"
              }
            ],
            "sttMode" : "mock",
            "sttObserved" : [
              {
                "count" : 5,
                "model" : "fixed-delay-v1",
                "provider" : "DeterministicSTT"
              }
            ]
          }
        }
      ]
    },
    {
      "audioBytes" : 427630,
      "audioFile" : "fixture-medium.caf",
      "fixtureID" : "fixture-medium",
      "levels" : [
        {
          "distributions" : {
            "encodeMs" : {
              "max" : 0,
              "min" : 0,
              "p50" : 0,
              "p95" : 0
            },
            "generationMs" : {
              "max" : 130.68509101867676,
              "min" : 71.79808616638184,
              "p50" : 123.1379508972168,
              "p95" : 130.35786151885986
            },
            "pasteMs" : {
              "max" : 0.12803077697753906,
              "min" : 0.014066696166992188,
              "p50" : 0.04506111145019531,
              "p95" : 0.11441707611083983
            },
            "rewriteMs" : {
              "max" : 0,
              "min" : 0,
              "p50" : 0,
              "p95" : 0
            },
            "sttMs" : {
              "max" : 130.68509101867676,
              "min" : 71.79808616638184,
              "p50" : 123.1379508972168,
              "p95" : 130.35786151885986
            },
            "totalStageMs" : {
              "max" : 130.73015213012695,
              "min" : 71.81215286254883,
              "p50" : 123.19791316986084,
              "p95" : 130.41951656341553
            }
          },
          "iterations" : 5,
          "level" : "raw",
          "providers" : {
            "sttMode" : "mock",
            "sttObserved" : [
              {
                "count" : 5,
                "model" : "fixed-delay-v1",
                "provider" : "DeterministicSTT"
              }
            ]
          }
        },
        {
          "distributions" : {
            "encodeMs" : {
              "max" : 0,
              "min" : 0,
              "p50" : 0,
              "p95" : 0
            },
            "generationMs" : {
              "max" : 307.49595165252686,
              "min" : 229.07793521881104,
              "p50" : 271.7629671096802,
              "p95" : 302.34758853912354
            },
            "pasteMs" : {
              "max" : 0.0940561294555664,
              "min" : 0.0400543212890625,
              "p50" : 0.07402896881103516,
              "p95" : 0.09143352508544922
            },
            "rewriteMs" : {
              "max" : 174.74400997161865,
              "min" : 115.24295806884766,
              "p50" : 161.0260009765625,
              "p95" : 173.81281852722168
            },
            "sttMs" : {
              "max" : 132.7519416809082,
              "min" : 83.99403095245361,
              "p50" : 113.83497714996338,