{
  "audioBytes" : 558044,
  "audioFile" : "2 fixtures",
  "commitSHA" : "a4a3c241d2e35797a667e9bc88dd41731e231ed7",
  "fixtureResults" : [
    {
      "audioBytes" : 130414,
      "audioFile" : "fixture-short.caf",
      "fixtureID" : "fixture-short",
      "levels" : [
        {
          "distributions" : {
            "encodeMs" : {
              "max" : 0,
              "min" : 0,
              "p50" : 0,
              "p95" : 0
            },
            "generationMs" : {
              "max" : 733.7260246276855,
              "min" : 603.3680438995361,
              "p50" : 615.7009601593018,
              "p95" : 713.4992122650146
            },
            "pasteMs" : {
              "max" : 0.06401538848876953,
              "min" : 0.008940696716308594,
              "p50" : 0.0400543212890625,
              "p95" : 0.060629844665527344
            },
            "rewriteMs" : {
              "max" : 0,
              "min" : 0,
              "p50" : 0,
              "p95" : 0
            },
            "sttMs" : {
              "max" : 733.7260246276855,
              "min" : 603.3680438995361,
              "p50" : 615.7009601593018,
              "p95" : 713.4992122650146
            },
            "totalStageMs" : {
              "max" : 733.7900400161743,
              "min" : 603.4080982208252,
              "p50" : 615.7249212265015,
              "p95" : 713.5522127151489
            }
          },
          "iterations" : 5,
          "level" : "raw",
          "providers" : {
            "sttMode" : "batch",
            "sttObserved" : [
              {
                "count" : 5,
                "model" : "scribe_v2",
                "provider" : "ElevenLabs"
              }
            ]
          }
        },
        {
          "distributions" : {
            "encodeMs" : {
              "max" : 0,
              "min" : 0,
              "p50" : 0,
              "p95" : 0
            },
            "generationMs" : {
              "max" : 13008.038997650146,
              "min" : 942.1578645706177,
              "p50" : 1030.7179689407349,
              "p95" : 10674.927783012388
            },
            "pasteMs" : {
              "max" : 0.1800060272216797,
              "min" : 0.03695487976074219,
              "p50" : 0.07605552673339844,
              "p95" : 0.16262531280517578
            },
            "rewriteMs" : {
              "max" : 727.2839546203613,
              "min" : 329.18989658355713,
              "p50" : 418.1469678878784,
              "p95" : 699.200963973999
            },
            "sttMs" : {
              "max" : 12421.169996261597,
              "min" : 612.5710010528564,
              "p50" : 615.1989698410034,
              "p95" : 10063.15460205078
            },
            "totalStageMs" : {
              "max" : 13008.219003677368,
              "min" : 942.1948194503784,
              "p50" : 1030.7639837265015,
              "p95" : 10675.086998939512
            }
          },
          "iterations" : 5,
          "level" : "clean",
          "providers" : {
            "rewriteObserved" : [
              {
                "count" : 5,
                "model" : "google/gemini-2.5-flash-lite",
                "path" : "openrouter"
              }
            ],
            "sttMode" : "batch",
            "sttObserved" : [
              {
                "count" : 5,
                "model" : "scribe_v2",
                "provider" : "ElevenLabs"
              }
            ]
          }
        },
        {
          "distributions" : {
            "encodeMs" : {
              "max" : 0,
              "min" : 0,
              "p50" : 0,
              "p95" : 0
            },
            "generationMs" : {
              "max" : 1184.9359273910522,
              "min" : 953.0909061431885,
              "p50" : 1037.8628969192505,
              "p95" : 1178.6941528320312
            },
            "pasteMs" : {
              "max" : 1.157999038696289,
              "min" : 0.052928924560546875,
              "p50" : 0.08606910705566406,
              "p95" : 0.9550094604492185
            },
            "rewriteMs" : {
              "max" : 590.1129245758057,
              "min" : 306.804895401001,
              "p50" : 456.78889751434326,
              "p95" : 583.1175565719604
            },
            "sttMs" : {
              "max" : 689.4619464874268,
              "min" : 555.2529096603394,
              "p50" : 594.8230028152466,
              "p95" : 671.2877511978149
            },
            "totalStageMs" : {
              "max" : 1184.9888563156128,
              "min" : 953.1769752502441,
              "p50" : 1037.9449129104614,
              "p95" : 1178.968095779419
            }
          },
          "iterations" : 5,
          "level" : "polish",
          "providers" : {
            "rewriteObserved" : [
              {
                "count" : 5,
                "model" : "google/gemini-2.5-flash-lite",
                "path" : "openrouter"
              }
            ],
            "sttMode" : "batch",
            "sttObserved" : [
              {
                "count" : 5,
                "model" : "scribe_v2",
                "provider" : "ElevenLabs"
              }
            ]
          }
        }
      ]
    },
    {
      "audioBytes" : 427630,
      "audioFile" : "fixture-medium.caf",
      "fixtureID" : "fixture-medium",
      "levels" : [
        {
          "distributions" : {
            "encodeMs" : {
              "max" : 35.61604022979736,
              "min" : 21.419048309326172,
              "p50" : 26.278018951416016,
              "p95" : 35.20522117614746
            },
            "generationMs" : {
              "max" : 1200.6529569625854,
              "min" : 1078.711986541748,
              "p50" : 1155.0278663635254,
              "p95" : 1196.8175649642944
            },
            "pasteMs" : {
              "max" : 0.10406970977783203,
              "min" : 0.014066696166992188,
              "p50" : 0.04398822784423828,
              "p95" : 0.10306835174560547
            },
            "rewriteMs" : {
              "max" : 0,
              "min" : 0,
              "p50" : 0,
              "p95" : 0
            },
            "sttMs" : {
              "max" : 1165.036916732788,
              "min" : 1052.433967590332,
              "p50" : 1121.4659214019775,
              "p95" : 1163.5433197021484
            },
            "totalStageMs" : {
              "max" : 1200.6789445877075,
              "min" : 1078.726053237915,
              "p50" : 1155.126929283142,
              "p95" : 1196.8591690063477
            }
          },
          "iterations" : 5,
          "level" : "raw",
          "providers" : {
            "sttMode" : "batch",
            "sttObserved" : [
              {
                "count" : 5,
                "model" : "scribe_v2",
                "provider" : "ElevenLabs"
              }
            ]
          }
        },
        {
          "distributions" : {
            "encodeMs" : {
              "max" : 42.271971702575684,
              "min" : 29.822945594787598,
              "p50" : 31.975984573364258,
              "p95" : 40.724968910217285
            },
            "generationMs" : {
              "max" : 3018.7439918518066,
              "min" : 1531.108021736145,
              "p50" : 1972.5921154022217,
              "p95" : 2840.1867866516113
            },
            "pasteMs" : {
              "max" : 2.5010108947753906,
              "min" : 0.033020973205566406,
              "p50" : 0.07605552673339844,
              "p95" : 2.0679950714111324
            },
            "rewriteMs" : {
              "max" : 589.1220569610596,
              "min" : 424.5229959487915,
              "p50" : 528.5539627075195,
              "p95" : 578.2864332199097
            },
            "sttMs" : {
              "max" : 2458.214044570923,
              "min" : 1076.762080192566,