{
  "audioBytes" : 558044,
  "audioFile" : "2 fixtures",
  "commitSHA" : "d2a661489ba27f45d8b05957ebadc77f8d290a8d",
  "fixtureResults" : [
    {
      "audioBytes" : 130414,
      "audioFile" : "fixture-short.caf",
      "fixtureID" : "fixture-short",
      "levels" : [
        {
          "distributions" : {
            "encodeMs" : {
              "max" : 0,
              "min" : 0,
              "p50" : 0,
              "p95" : 0
            },
            "generationMs" : {
              "max" : 922.1570491790771,
              "min" : 592.1019315719604,
              "p50" : 605.0279140472412,
              "p95" : 865.9422397613525
            },
            "pasteMs" : {
              "max" : 0.10502338409423828,
              "min" : 0.026106834411621094,
              "p50" : 0.030040740966796875,
              "p95" : 0.09100437164306639
            },
            "rewriteMs" : {
              "max" : 0,
              "min" : 0,
              "p50" : 0,
              "p95" : 0
            },
            "sttMs" : {
              "max" : 922.1570491790771,
              "min" : 592.1019315719604,
              "p50" : 605.0279140472412,
              "p95" : 865.9422397613525
            },
            "totalStageMs" : {
              "max" : 922.1841096878052,
              "min" : 592.1368598937988,
              "p50" : 605.0540208816528,
              "p95" : 865.9698963165283
            }
          },
          "iterations" : 5,
          "level" : "raw",
          "providers" : {
            "sttMode" : "batch",
            "sttObserved" : [
              {
                "count" : 5,
                "model" : "scribe_v2",
                "provider" : "ElevenLabs"
              }
            ]
          }
        },
        {
          "distributions" : {
            "encodeMs" : {
              "max" : 0,
              "min" : 0,
              "p50" : 0,
              "p95" : 0
            },
            "generationMs" : {
              "max" : 1108.7989807128906,
              "min" : 945.3489780426025,
              "p50" : 1052.4120330810547,
              "p95" : 1101.7354011535645
            },
            "pasteMs" : {
              "max" : 0.06508827209472656,
              "min" : 0.0209808349609375,
              "p50" : 0.027060508728027344,
              "p95" : 0.06008148193359375
            },
            "rewriteMs" : {
              "max" : 509.53900814056396,
              "min" : 308.02392959594727,
              "p50" : 401.2190103530884,
              "p95" : 493.31462383270264
            },
            "sttMs" : {
              "max" : 692.4639940261841,
              "min" : 590.6579494476318,
              "p50" : 637.3250484466553,
              "p95" : 682.9839944839478
            },
            "totalStageMs" : {
              "max" : 1108.8199615478516,
              "min" : 945.3760385513306,
              "p50" : 1052.4771213531494,
              "p95" : 1101.7569780349731
            }
          },
          "iterations" : 5,
          "level" : "clean",
          "providers" : {
            "rewriteObserved" : [
              {
                "count" : 5,
                "model" : "google/gemini-2.5-flash-lite",
                "path" : "openrouter"
              }
            ],
            "sttMode" : "batch",
            "sttObserved" : [
              {
                "count" : 5,
                "model" : "scribe_v2",
                "provider" : "ElevenLabs"
              }
            ]
          }
        },
        {
          "distributions" : {
            "encodeMs" : {
              "max" : 0,
              "min" : 0,
              "p50" : 0,
              "p95" : 0
            },
            "generationMs" : {
              "max" : 2104.3999195098877,
              "min" : 922.6019382476807,
              "p50" : 1117.8761720657349,
              "p95" : 1923.2325315475464
            },
            "pasteMs" : {
              "max" : 0.10597705841064453,
              "min" : 0.02205371856689453,
              "p50" : 0.031948089599609375,
              "p95" : 0.10077953338623047
            },
            "rewriteMs" : {
              "max" : 499.78697299957275,
              "min" : 327.31497287750244,
              "p50" : 449.4560956954956,
              "p95" : 492.06957817077637
            },
            "sttMs" : {
              "max" : 1643.1999206542969,
              "min" : 595.2869653701782,
              "p50" : 668.4200763702393,
              "p95" : 1454.3151378631592
            },
            "totalStageMs" : {
              "max" : 2104.5058965682983,
              "min" : 922.6819276809692,
              "p50" : 1117.9081201553345,
              "p95" : 1923.323130607605
            }
          },
          "iterations" : 5,
          "level" : "polish",
          "providers" : {
            "rewriteObserved" : [
              {
                "count" : 5,
                "model" : "google/gemini-2.5-flash-lite",
                "path" : "openrouter"
              }
            ],
            "sttMode" : "batch",
            "sttObserved" : [
              {
                "count" : 5,
                "model" : "scribe_v2",
                "provider" : "ElevenLabs"
              }
            ]
          }
        }
      ]
    },
    {
      "audioBytes" : 427630,
      "audioFile" : "fixture-medium.caf",
      "fixtureID" : "fixture-medium",
      "levels" : [
        {
          "distributions" : {
            "encodeMs" : {
              "max" : 41.75102710723877,
              "min" : 16.1130428314209,
              "p50" : 17.271995544433594,
              "p95" : 38.138413429260254
            },
            "generationMs" : {
              "max" : 1445.430040359497,
              "min" : 1160.8890295028687,
              "p50" : 1296.3930368423462,
              "p95" : 1434.157633781433
            },
            "pasteMs" : {
              "max" : 0.15401840209960938,
              "min" : 0.015020370483398438,
              "p50" : 0.01895427703857422,
              "p95" : 0.14121532440185547
            },
            "rewriteMs" : {
              "max" : 0,
              "min" : 0,
              "p50" : 0,
              "p95" : 0
            },
            "sttMs" : {
              "max" : 1428.1580448150635,
              "min" : 1144.7759866714478,
              "p50" : 1254.6420097351074,
              "p95" : 1416.960048675537
            },
            "totalStageMs" : {
              "max" : 1445.4450607299805,
              "min" : 1160.9079837799072,
              "p50" : 1296.4119911193848,
              "p95" : 1434.187650680542
            }
          },
          "iterations" : 5,
          "level" : "raw",
          "providers" : {
            "sttMode" : "batch",
            "sttObserved" : [
              {
                "count" : 5,
                "model" : "scribe_v2",
                "provider" : "ElevenLabs"
              }
            ]
          }
        },
        {
          "distributions" : {
            "encodeMs" : {
              "max" : 53.75099182128906,
              "min" : 15.763998031616211,
              "p50" : 19.765019416809082,
              "p95" : 46.956396102905266
            },
            "generationMs" : {
              "max" : 2080.0790786743164,
              "min" : 1449.4850635528564,
              "p50" : 1574.2210149765015,
              "p95" : 2037.9170656204224
            },
            "pasteMs" : {
              "max" : 0.1329183578491211,
              "min" : 0.02002716064453125,
              "p50" : 0.02300739288330078,
              "p95" : 0.11112689971923827
            },
            "rewriteMs" : {
              "max" : 432.9110383987427,
              "min" : 337.6500606536865,
              "p50" : 417.84000396728516,
              "p95" : 431.828236579895
            },
            "sttMs" : {
              "max" : 1631.4040422439575,