{
  "audioBytes" : 558044,
  "audioFile" : "2 fixtures",
  "commitSHA" : "d2a661489ba27f45d8b05957ebadc77f8d290a8d",
  "fixtureResults" : [
    {
      "audioBytes" : 130414,
      "audioFile" : "fixture-short.caf",
      "fixtureID" : "fixture-short",
      "levels" : [
        {
          "distributions" : {
            "encodeMs" : {
              "max" : 0,
              "min" : 0,
              "p50" : 0,
              "p95" : 0
            },
            "generationMs" : {
              "max" : 107.34200477600098,
              "min" : 70.68002223968506,
              "p50" : 106.62102699279785,
              "p95" : 107.2551965713501
            },
            "pasteMs" : {
              "max" : 0.025033950805664062,
              "min" : 0.012993812561035156,
              "p50" : 0.014066696166992188,
              "p95" : 0.023412704467773438
            },
            "rewriteMs" : {
              "max" : 0,
              "min" : 0,
              "p50" : 0,
              "p95" : 0
            },
            "sttMs" : {
              "max" : 107.34200477600098,
              "min" : 70.68002223968506,
              "p50" : 106.62102699279785,
              "p95" : 107.2551965713501
            },
            "totalStageMs" : {
              "max" : 107.35499858856201,
              "min" : 70.69408893585205,
              "p50" : 106.63402080535889,
              "p95" : 107.27059841156006
            }
          },
          "iterations" : 5,
          "level" : "raw",
          "providers" : {
            "sttMode" : "mock",
            "sttObserved" : [
              {
                "count" : 5,
                "model" : "fixed-delay-v1",
                "provider" : "DeterministicSTT"
              }
            ]
          }
        },
        {
          "distributions" : {
            "encodeMs" : {
              "max" : 0,
              "min" : 0,
              "p50" : 0,
              "p95" : 0
            },
            "generationMs" : {
              "max" : 302.39808559417725,
              "min" : 256.2859058380127,
              "p50" : 285.23504734039307,
              "p95" : 301.3552665710449
            },
            "pasteMs" : {
              "max" : 0.06198883056640625,
              "min" : 0.030994415283203125,
              "p50" : 0.033020973205566406,
              "p95" : 0.0576019287109375
            },
            "rewriteMs" : {
              "max" : 170.3890562057495,
              "min" : 166.34392738342285,
              "p50" : 167.2959327697754,
              "p95" : 169.94245052337646
            },
            "sttMs" : {
              "max" : 132.00902938842773,
              "min" : 88.9899730682373,
              "p50" : 118.6990737915039,
              "p95" : 131.41281604766846
            },
            "totalStageMs" : {
              "max" : 302.4311065673828,
              "min" : 256.3169002532959,
              "p50" : 285.2970361709595,
              "p95" : 301.3896942138672
            }
          },
          "iterations" : 5,
          "level" : "clean",
          "providers" : {
            "rewriteObserved" : [
              {
                "count" : 5,
                "model" : "gemini-2.5-flash-lite",
                "path" : "deterministic"
              }
            ],
            "sttMode" : "mock",
            "sttObserved" : [
              {
                "count" : 5,
                "model" : "fixed-delay-v1",
                "provider" : "DeterministicSTT"
              }
            ]
          }
        },
        {
          "distributions" : {
            "encodeMs" : {
              "max" : 0,
              "min" : 0,
              "p50" : 0,
              "p95" : 0
            },
            "generationMs" : {
              "max" : 349.6980667114258,
              "min" : 309.1620206832886,
              "p50" : 320.48892974853516,
              "p95" : 344.994854927063
            },
            "pasteMs" : {
              "max" : 0.19598007202148438,
              "min" : 0.030994415283203125,
              "p50" : 0.051021575927734375,
              "p95" : 0.17879009246826172
            },
            "rewriteMs" : {
              "max" : 235.75496673583984,
              "min" : 187.59405612945557,
              "p50" : 223.30999374389648,
              "p95" : 234.33637619018555
            },
            "sttMs" : {
              "max" : 138.58795166015625,
              "min" : 84.73396301269531,
              "p50" : 106.17303848266602,
              "p95" : 136.14797592163086
            },
            "totalStageMs" : {
              "max" : 349.80809688568115,
              "min" : 309.35800075531006,
              "p50" : 320.53494453430176,
              "p95" : 345.0890779495239
            }
          },
          "iterations" : 5,
          "level" : "polish",
          "providers" : {
            "rewriteObserved" : [
              {
                "count" : 5,
                "model" : "gemini-2.5-flash-lite",
                "path" : "deterministic"
              }
            ],
            "sttMode" : "mock",
            "sttObserved" : [
              {
                "count" : 5,
                "model" : "fixed-delay-v1",
                "provider" : "DeterministicSTT"
              }
            ]
          }
        }
      ]
    },
    {
      "audioBytes" : 427630,
      "audioFile" : "fixture-medium.caf",
      "fixtureID" : "fixture-medium",
      "levels" : [
        {
          "distributions" : {
            "encodeMs" : {
              "max" : 0,
              "min" : 0,
              "p50" : 0,
              "p95" : 0
            },
            "generationMs" : {
              "max" : 124.82297420501709,
              "min" : 70.63007354736328,
              "p50" : 103.14905643463135,
              "p95" : 121.22957706451416
            },
            "pasteMs" : {
              "max" : 0.01895427703857422,
              "min" : 0.011920928955078125,
              "p50" : 0.012993812561035156,
              "p95" : 0.01876354217529297
            },
            "rewriteMs" : {
              "max" : 0,
              "min" : 0,
              "p50" : 0,
              "p95" : 0
            },
            "sttMs" : {
              "max" : 124.82297420501709,
              "min" : 70.63007354736328,
              "p50" : 103.14905643463135,
              "p95" : 121.22957706451416
            },
            "totalStageMs" : {
              "max" : 124.84192848205566,
              "min" : 70.64306735992432,
              "p50" : 103.16097736358643,
              "p95" : 121.24733924865723
            }
          },
          "iterations" : 5,
          "level" : "raw",
          "providers" : {
            "sttMode" : "mock",
            "sttObserved" : [
              {
                "count" : 5,
                "model" : "fixed-delay-v1",
                "provider" : "DeterministicSTT"
              }
            ]
          }
        },
        {
          "distributions" : {
            "encodeMs" : {
              "max" : 0,
              "min" : 0,
              "p50" : 0,
              "p95" : 0
            },
            "generationMs" : {
              "max" : 307.60300159454346,
              "min" : 291.48685932159424,
              "p50" : 300.8089065551758,
              "p95" : 306.36119842529297
            },
            "pasteMs" : {
              "max" : 0.16391277313232422,
              "min" : 0.03504753112792969,
              "p50" : 0.04398822784423828,
              "p95" : 0.1407146453857422
            },
            "rewriteMs" : {
              "max" : 177.43706703186035,
              "min" : 166.25797748565674,
              "p50" : 173.34091663360596,
              "p95" : 177.21426486968994
            },
            "sttMs" : {
              "max" : 131.27994537353516,
              "min" : 123.95691871643066,
              "p50" : 127.46798992156982,