{
  "audioBytes" : 558044,
  "audioFile" : "2 fixtures",
  "commitSHA" : "5ae57fafe69f5ef985ceba9682cb54616d6c58ae",
  "fixtureResults" : [
    {
      "audioBytes" : 130414,
      "audioFile" : "fixture-short.caf",
      "fixtureID" : "fixture-short",
      "levels" : [
        {
          "distributions" : {
            "encodeMs" : {
              "max" : 0,
              "min" : 0,
              "p50" : 0,
              "p95" : 0
            },
            "generationMs" : {
              "max" : 777.8909206390381,
              "min" : 580.1891088485718,
              "p50" : 602.8280258178711,
              "p95" : 745.1247215270996
            },
            "pasteMs" : {
              "max" : 0.20599365234375,
              "min" : 0.010013580322265625,
              "p50" : 0.026941299438476562,
              "p95" : 0.17499923706054685
            },
            "rewriteMs" : {
              "max" : 0,
              "min" : 0,
              "p50" : 0,
              "p95" : 0
            },
            "sttMs" : {
              "max" : 777.8909206390381,
              "min" : 580.1891088485718,
              "p50" : 602.8280258178711,
              "p95" : 745.1247215270996
            },
            "totalStageMs" : {
              "max" : 778.0969142913818,
              "min" : 580.2160501480103,
              "p50" : 602.8380393981934,
              "p95" : 745.2997207641602
            }
          },
          "iterations" : 5,
          "level" : "raw",
          "providers" : {
            "sttMode" : "batch",
            "sttObserved" : [
              {
                "count" : 5,
                "model" : "scribe_v2",
                "provider" : "ElevenLabs"
              }
            ]
          }
        },
        {
          "distributions" : {
            "encodeMs" : {
              "max" : 0,
              "min" : 0,
              "p50" : 0,
              "p95" : 0
            },
            "generationMs" : {
              "max" : 1769.7080373764038,
              "min" : 994.6120977401733,
              "p50" : 1216.8879508972168,
              "p95" : 1740.6256198883057
            },
            "pasteMs" : {
              "max" : 0.12993812561035156,
              "min" : 0.07593631744384766,
              "p50" : 0.09298324584960938,
              "p95" : 0.124359130859375
            },
            "rewriteMs" : {
              "max" : 1190.4170513153076,
              "min" : 413.56003284454346,
              "p50" : 642.5889730453491,
              "p95" : 1159.619426727295
            },
            "sttMs" : {
              "max" : 587.867021560669,
              "min" : 552.9589653015137,
              "p50" : 579.2909860610962,
              "p95" : 586.5040302276611
            },
            "totalStageMs" : {
              "max" : 1769.7890996932983,
              "min" : 994.7141408920288,
              "p50" : 1216.9809341430664,
              "p95" : 1740.7164573669434
            }
          },
          "iterations" : 5,
          "level" : "clean",
          "providers" : {
            "rewriteObserved" : [
              {
                "count" : 5,
                "model" : "google/gemini-2.5-flash-lite",
                "path" : "openrouter"
              }
            ],
            "sttMode" : "batch",
            "sttObserved" : [
              {
                "count" : 5,
                "model" : "scribe_v2",
                "provider" : "ElevenLabs"
              }
            ]
          }
        },
        {
          "distributions" : {
            "encodeMs" : {
              "max" : 0,
              "min" : 0,
              "p50" : 0,
              "p95" : 0
            },
            "generationMs" : {
              "max" : 1936.3399744033813,
              "min" : 1092.5179719924927,
              "p50" : 1380.2330493927002,
              "p95" : 1893.3543682098389
            },
            "pasteMs" : {
              "max" : 0.08094310760498047,
              "min" : 0.03695487976074219,
              "p50" : 0.06699562072753906,
              "p95" : 0.0799417495727539
            },
            "rewriteMs" : {
              "max" : 817.0559406280518,
              "min" : 510.1649761199951,
              "p50" : 605.6790351867676,
              "p95" : 806.0775518417358
            },
            "sttMs" : {
              "max" : 1119.2840337753296,
              "min" : 582.3529958724976,
              "p50" : 618.069052696228,
              "p95" : 1118.573808670044
            },
            "totalStageMs" : {
              "max" : 1936.4159107208252,
              "min" : 1092.5549268722534,
              "p50" : 1380.289077758789,
              "p95" : 1893.431305885315
            }
          },
          "iterations" : 5,
          "level" : "polish",
          "providers" : {
            "rewriteObserved" : [
              {
                "count" : 5,
                "model" : "google/gemini-2.5-flash-lite",
                "path" : "openrouter"
              }
            ],
            "sttMode" : "batch",
            "sttObserved" : [
              {
                "count" : 5,
                "model" : "scribe_v2",
                "provider" : "ElevenLabs"
              }
            ]
          }
        }
      ]
    },
    {
      "audioBytes" : 427630,
      "audioFile" : "fixture-medium.caf",
      "fixtureID" : "fixture-medium",
      "levels" : [
        {
          "distributions" : {
            "encodeMs" : {
              "max" : 49.9800443649292,
              "min" : 34.65306758880615,
              "p50" : 40.843963623046875,
              "p95" : 48.62222671508789
            },
            "generationMs" : {
              "max" : 1117.3031330108643,
              "min" : 1019.6831226348877,
              "p50" : 1104.1810512542725,
              "p95" : 1117.1016931533813
            },
            "pasteMs" : {
              "max" : 0.6850957870483398,
              "min" : 0.015020370483398438,
              "p50" : 0.11599063873291016,
              "p95" : 0.593256950378418
            },
            "rewriteMs" : {
              "max" : 0,
              "min" : 0,
              "p50" : 0,
              "p95" : 0
            },
            "sttMs" : {
              "max" : 1075.4519701004028,
              "min" : 982.7920198440552,
              "p50" : 1060.9900951385498,
              "p95" : 1073.8261938095093
            },
            "totalStageMs" : {
              "max" : 1117.3501014709473,
              "min" : 1019.9090242385864,
              "p50" : 1104.2970418930054,
              "p95" : 1117.1422719955444
            }
          },
          "iterations" : 5,
          "level" : "raw",
          "providers" : {
            "sttMode" : "batch",
            "sttObserved" : [
              {
                "count" : 5,
                "model" : "scribe_v2",
                "provider" : "ElevenLabs"
              }
            ]
          }
        },
        {
          "distributions" : {
            "encodeMs" : {
              "max" : 37.27102279663086,
              "min" : 24.419069290161133,
              "p50" : 34.924983978271484,
              "p95" : 37.25180625915527
            },
            "generationMs" : {
              "max" : 1952.6619911193848,
              "min" : 1670.0470447540283,
              "p50" : 1728.9540767669678,
              "p95" : 1914.6585702896118
            },
            "pasteMs" : {
              "max" : 0.47004222869873047,
              "min" : 0.03898143768310547,
              "p50" : 0.0909566879272461,
              "p95" : 0.40903091430664057
            },
            "rewriteMs" : {
              "max" : 895.3160047531128,
              "min" : 516.4470672607422,
              "p50" : 588.0160331726074,
              "p95" : 864.5315885543823
            },
            "sttMs" : {
              "max" : 1157.5329303741455,
              "min" : 984.0760231018066,