{
  "audioBytes" : 558044,
  "audioFile" : "2 fixtures",
  "commitSHA" : "4372a47f2bdd27b64ace38e67d288d846e01b8d1",
  "fixtureResults" : [
    {
      "audioBytes" : 130414,
      "audioFile" : "fixture-short.caf",
      "fixtureID" : "fixture-short",
      "levels" : [
        {
          "distributions" : {
            "encodeMs" : {
              "max" : 0,
              "min" : 0,
              "p50" : 0,
              "p95" : 0
            },
            "generationMs" : {
              "max" : 130.77902793884277,
              "min" : 77.6209831237793,
              "p50" : 101.59993171691895,
              "p95" : 126.18122100830078
            },
            "pasteMs" : {
              "max" : 0.04398822784423828,
              "min" : 0.015020370483398438,
              "p50" : 0.028967857360839844,
              "p95" : 0.04279613494873047
            },
            "rewriteMs" : {
              "max" : 0,
              "min" : 0,
              "p50" : 0,
              "p95" : 0
            },
            "sttMs" : {
              "max" : 130.77902793884277,
              "min" : 77.6209831237793,
              "p50" : 101.59993171691895,
              "p95" : 126.18122100830078
            },
            "totalStageMs" : {
              "max" : 130.823016166687,
              "min" : 77.6439905166626,
              "p50" : 101.62889957427979,
              "p95" : 126.21941566467285
            }
          },
          "iterations" : 5,
          "level" : "raw",
          "providers" : {
            "sttMode" : "mock",
            "sttObserved" : [
              {
                "count" : 5,
                "model" : "fixed-delay-v1",
                "provider" : "DeterministicSTT"
              }
            ]
          }
        },
        {
          "distributions" : {
            "encodeMs" : {
              "max" : 0,
              "min" : 0,
              "p50" : 0,
              "p95" : 0
            },
            "generationMs" : {
              "max" : 267.333984375,
              "min" : 171.39995098114014,
              "p50" : 197.33095169067383,
              "p95" : 258.07738304138184
            },
            "pasteMs" : {
              "max" : 0.38993358612060547,
              "min" : 0.06306171417236328,
              "p50" : 0.14102458953857422,
              "p95" : 0.3487586975097656
            },
            "rewriteMs" : {
              "max" : 178.10297012329102,
              "min" : 103.4250259399414,
              "p50" : 119.51696872711182,
              "p95" : 167.48757362365723
            },
            "sttMs" : {
              "max" : 96.02499008178711,
              "min" : 61.30695343017578,
              "p50" : 84.10298824310303,
              "p95" : 94.66619491577148
            },
            "totalStageMs" : {
              "max" : 267.39704608917236,
              "min" : 171.4789867401123,
              "p50" : 197.4719762802124,
              "p95" : 258.164644241333
            }
          },
          "iterations" : 5,
          "level" : "clean",
          "providers" : {
            "rewriteObserved" : [
              {
                "count" : 5,
                "model" : "gemini-2.5-flash-lite",
                "path" : "deterministic"
              }
            ],
            "sttMode" : "mock",
            "sttObserved" : [
              {
                "count" : 5,
                "model" : "fixed-delay-v1",
                "provider" : "DeterministicSTT"
              }
            ]
          }
        },
        {
          "distributions" : {
            "encodeMs" : {
              "max" : 0,
              "min" : 0,
              "p50" : 0,
              "p95" : 0
            },
            "generationMs" : {
              "max" : 289.54100608825684,
              "min" : 223.94907474517822,
              "p50" : 253.8679838180542,
              "p95" : 282.913613319397
            },
            "pasteMs" : {
              "max" : 0.28395652770996094,
              "min" : 0.09489059448242188,
              "p50" : 0.10395050048828125,
              "p95" : 0.25177001953125
            },
            "rewriteMs" : {
              "max" : 187.47997283935547,
              "min" : 162.01698780059814,
              "p50" : 169.37804222106934,
              "p95" : 184.42018032073975
            },
            "sttMs" : {
              "max" : 120.1629638671875,
              "min" : 61.93208694458008,
              "p50" : 83.8170051574707,
              "p95" : 112.97497749328613
            },
            "totalStageMs" : {
              "max" : 289.6449565887451,
              "min" : 224.04396533966064,
              "p50" : 253.96502017974854,
              "p95" : 283.0213785171509
            }
          },
          "iterations" : 5,
          "level" : "polish",
          "providers" : {
            "rewriteObserved" : [
              {
                "count" : 5,
                "model" : "gemini-2.5-flash-lite",
                "path" : "deterministic"
              }
            ],
            "sttMode" : "mock",
            "sttObserved" : [
              {
                "count" : 5,
                "model" : "fixed-delay-v1",
                "provider" : "DeterministicSTT"
              }
            ]
          }
        }
      ]
    },
    {
      "audioBytes" : 427630,
      "audioFile" : "fixture-medium.caf",
      "fixtureID" : "fixture-medium",
      "levels" : [
        {
          "distributions" : {
            "encodeMs" : {
              "max" : 0,
              "min" : 0,
              "p50" : 0,
              "p95" : 0
            },
            "generationMs" : {
              "max" : 94.15292739868164,
              "min" : 60.78994274139404,
              "p50" : 89.13004398345947,
              "p95" : 93.21575164794922
            },
            "pasteMs" : {
              "max" : 0.15401840209960938,
              "min" : 0.0400543212890625,
              "p50" : 0.06699562072753906,
              "p95" : 0.13720989227294922
            },
            "rewriteMs" : {
              "max" : 0,
              "min" : 0,
              "p50" : 0,
              "p95" : 0
            },
            "sttMs" : {
              "max" : 94.15292739868164,
              "min" : 60.78994274139404,
              "p50" : 89.13004398345947,
              "p95" : 93.21575164794922
            },
            "totalStageMs" : {
              "max" : 94.20692920684814,
              "min" : 60.94396114349365,
              "p50" : 89.20001983642578,
              "p95" : 93.27235221862793
            }
          },
          "iterations" : 5,
          "level" : "raw",
          "providers" : {
            "sttMode" : "mock",
            "sttObserved" : [
              {
                "count" : 5,
                "model" : "fixed-delay-v1",
                "provider" : "DeterministicSTT"
              }
            ]
          }
        },
        {
          "distributions" : {
            "encodeMs" : {
              "max" : 0,
              "min" : 0,
              "p50" : 0,
              "p95" : 0
            },
            "generationMs" : {
              "max" : 272.4130153656006,
              "min" : 176.49400234222412,
              "p50" : 205.52599430084229,
              "p95" : 263.65578174591064
            },
            "pasteMs" : {
              "max" : 0.4209280014038086,
              "min" : 0.09500980377197266,
              "p50" : 0.15604496002197266,
              "p95" : 0.38115978240966797
            },
            "rewriteMs" : {
              "max" : 133.42702388763428,
              "min" : 110.68308353424072,
              "p50" : 118.72291564941406,
              "p95" : 131.10942840576172
            },
            "sttMs" : {
              "max" : 138.9859914779663,
              "min" : 63.15195560455322,
              "p50" : 83.6869478225708,
              "p95" : 133.1695795059204
            },