{
  "audioBytes" : 558044,
  "audioFile" : "2 fixtures",
  "commitSHA" : "2718999e867b92328a9fb368006102f34d644599",
  "fixtureResults" : [
    {
      "audioBytes" : 130414,
      "audioFile" : "fixture-short.caf",
      "fixtureID" : "fixture-short",
      "levels" : [
        {
          "distributions" : {
            "encodeMs" : {
              "max" : 0,
              "min" : 0,
              "p50" : 0,
              "p95" : 0
            },
            "generationMs" : {
              "max" : 135.05399227142334,
              "min" : 71.00296020507812,
              "p50" : 124.35495853424072,
              "p95" : 132.94198513031006
            },
            "pasteMs" : {
              "max" : 0.03600120544433594,
              "min" : 0.012993812561035156,
              "p50" : 0.01895427703857422,
              "p95" : 0.032782554626464844
            },
            "rewriteMs" : {
              "max" : 0,
              "min" : 0,
              "p50" : 0,
              "p95" : 0
            },
            "sttMs" : {
              "max" : 135.05399227142334,
              "min" : 71.00296020507812,
              "p50" : 124.35495853424072,
              "p95" : 132.94198513031006
            },
            "totalStageMs" : {
              "max" : 135.07390022277832,
              "min" : 71.01988792419434,
              "p50" : 124.3739128112793,
              "p95" : 132.96051025390625
            }
          },
          "iterations" : 5,
          "level" : "raw",
          "providers" : {
            "sttMode" : "mock",
            "sttObserved" : [
              {
                "count" : 5,
                "model" : "fixed-delay-v1",
                "provider" : "DeterministicSTT"
              }
            ]
          }
        },
        {
          "distributions" : {
            "encodeMs" : {
              "max" : 0,
              "min" : 0,
              "p50" : 0,
              "p95" : 0
            },
            "generationMs" : {
              "max" : 291.65589809417725,
              "min" : 195.9620714187622,
              "p50" : 278.74910831451416,
              "p95" : 290.41011333465576
            },
            "pasteMs" : {
              "max" : 0.05805492401123047,
              "min" : 0.04303455352783203,
              "p50" : 0.053048133850097656,
              "p95" : 0.05784034729003906
            },
            "rewriteMs" : {
              "max" : 167.2459840774536,
              "min" : 125.46801567077637,
              "p50" : 160.79092025756836,
              "p95" : 167.22416877746582
            },
            "sttMs" : {
              "max" : 124.5189905166626,
              "min" : 70.49405574798584,
              "p50" : 118.13902854919434,
              "p95" : 123.25139045715332
            },
            "totalStageMs" : {
              "max" : 291.7139530181885,
              "min" : 196.00510597229004,
              "p50" : 278.80609035491943,
              "p95" : 290.46576023101807
            }
          },
          "iterations" : 5,
          "level" : "clean",
          "providers" : {
            "rewriteObserved" : [
              {
                "count" : 5,
                "model" : "gemini-2.5-flash-lite",
                "path" : "deterministic"
              }
            ],
            "sttMode" : "mock",
            "sttObserved" : [
              {
                "count" : 5,
                "model" : "fixed-delay-v1",
                "provider" : "DeterministicSTT"
              }
            ]
          }
        },
        {
          "distributions" : {
            "encodeMs" : {
              "max" : 0,
              "min" : 0,
              "p50" : 0,
              "p95" : 0
            },
            "generationMs" : {
              "max" : 356.81700706481934,
              "min" : 249.61602687835693,
              "p50" : 338.79899978637695,
              "p95" : 356.7373752593994
            },
            "pasteMs" : {
              "max" : 0.051975250244140625,
              "min" : 0.03707408905029297,
              "p50" : 0.04398822784423828,
              "p95" : 0.05097389221191406
            },
            "rewriteMs" : {
              "max" : 232.14900493621826,
              "min" : 178.68399620056152,
              "p50" : 229.25293445587158,
              "p95" : 232.09080696105957
            },
            "sttMs" : {
              "max" : 129.6910047531128,
              "min" : 70.93203067779541,
              "p50" : 106.94098472595215,
              "p95" : 129.18598651885986
            },
            "totalStageMs" : {
              "max" : 356.86397552490234,
              "min" : 249.65310096740723,
              "p50" : 338.8509750366211,
              "p95" : 356.78374767303467
            }
          },
          "iterations" : 5,
          "level" : "polish",
          "providers" : {
            "rewriteObserved" : [
              {
                "count" : 5,
                "model" : "gemini-2.5-flash-lite",
                "path" : "deterministic"
              }
            ],
            "sttMode" : "mock",
            "sttObserved" : [
              {
                "count" : 5,
                "model" : "fixed-delay-v1",
                "provider" : "DeterministicSTT"
              }
            ]
          }
        }
      ]
    },
    {
      "audioBytes" : 427630,
      "audioFile" : "fixture-medium.caf",
      "fixtureID" : "fixture-medium",
      "levels" : [
        {
          "distributions" : {
            "encodeMs" : {
              "max" : 0,
              "min" : 0,
              "p50" : 0,
              "p95" : 0
            },
            "generationMs" : {
              "max" : 131.36088848114014,
              "min" : 64.47005271911621,
              "p50" : 85.59095859527588,
              "p95" : 126.44431591033936
            },
            "pasteMs" : {
              "max" : 0.02205371856689453,
              "min" : 0.012993812561035156,
              "p50" : 0.012993812561035156,
              "p95" : 0.02143383026123047
            },
            "rewriteMs" : {
              "max" : 0,
              "min" : 0,
              "p50" : 0,
              "p95" : 0
            },
            "sttMs" : {
              "max" : 131.36088848114014,
              "min" : 64.47005271911621,
              "p50" : 85.59095859527588,
              "p95" : 126.44431591033936
            },
            "totalStageMs" : {
              "max" : 131.38294219970703,
              "min" : 64.48900699615479,
              "p50" : 85.60395240783691,
              "p95" : 126.46455764770508
            }
          },
          "iterations" : 5,
          "level" : "raw",
          "providers" : {
            "sttMode" : "mock",
            "sttObserved" : [
              {
                "count" : 5,
                "model" : "fixed-delay-v1",
                "provider" : "DeterministicSTT"
              }
            ]
          }
        },
        {
          "distributions" : {
            "encodeMs" : {
              "max" : 0,
              "min" : 0,
              "p50" : 0,
              "p95" : 0
            },
            "generationMs" : {
              "max" : 300.5119562149048,
              "min" : 231.02402687072754,
              "p50" : 291.44287109375,
              "p95" : 300.3283739089966
            },
            "pasteMs" : {
              "max" : 0.06103515625,
              "min" : 0.03600120544433594,
              "p50" : 0.051975250244140625,
              "p95" : 0.05924701690673828
            },
            "rewriteMs" : {
              "max" : 171.66197299957275,
              "min" : 160.73203086853027,
              "p50" : 166.7919158935547,
              "p95" : 171.4775800704956
            },
            "sttMs" : {
              "max" : 128.85403633117676,
              "min" : 69.74101066589355,
              "p50" : 124.88007545471191,