{
  "audioBytes" : 558044,
  "audioFile" : "2 fixtures",
  "commitSHA" : "2718999e867b92328a9fb368006102f34d644599",
  "fixtureResults" : [
    {
      "audioBytes" : 130414,
      "audioFile" : "fixture-short.caf",
      "fixtureID" : "fixture-short",
      "levels" : [
        {
          "distributions" : {
            "encodeMs" : {
              "max" : 0,
              "min" : 0,
              "p50" : 0,
              "p95" : 0
            },
            "generationMs" : {
              "max" : 666.4600372314453,
              "min" : 581.9379091262817,
              "p50" : 596.3690280914307,
              "p95" : 657.7800273895264
            },
            "pasteMs" : {
              "max" : 0.029087066650390625,
              "min" : 0.012993812561035156,
              "p50" : 0.019073486328125,
              "p95" : 0.02906322479248047
            },
            "rewriteMs" : {
              "max" : 0,
              "min" : 0,
              "p50" : 0,
              "p95" : 0
            },
            "sttMs" : {
              "max" : 666.4600372314453,
              "min" : 581.9379091262817,
              "p50" : 596.3690280914307,
              "p95" : 657.7800273895264
            },
            "totalStageMs" : {
              "max" : 666.4730310440063,
              "min" : 581.9569826126099,
              "p50" : 596.3840484619141,
              "p95" : 657.7962160110474
            }
          },
          "iterations" : 5,
          "level" : "raw",
          "providers" : {
            "sttMode" : "batch",
            "sttObserved" : [
              {
                "count" : 5,
                "model" : "scribe_v2",
                "provider" : "ElevenLabs"
              }
            ]
          }
        },
        {
          "distributions" : {
            "encodeMs" : {
              "max" : 0,
              "min" : 0,
              "p50" : 0,
              "p95" : 0
            },
            "generationMs" : {
              "max" : 1105.8939695358276,
              "min" : 998.4121322631836,
              "p50" : 1053.4350872039795,
              "p95" : 1102.1843910217285
            },
            "pasteMs" : {
              "max" : 0.11098384857177734,
              "min" : 0.02491474151611328,
              "p50" : 0.07092952728271484,
              "p95" : 0.10898113250732422
            },
            "rewriteMs" : {
              "max" : 541.9560670852661,
              "min" : 401.6261100769043,
              "p50" : 482.9829931259155,
              "p95" : 537.9940509796143
            },
            "sttMs" : {
              "max" : 619.392991065979,
              "min" : 545.3900098800659,
              "p50" : 583.7479829788208,
              "p95" : 614.8715972900391
            },
            "totalStageMs" : {
              "max" : 1105.9188842773438,
              "min" : 998.4830617904663,
              "p50" : 1053.4780025482178,
              "p95" : 1102.2245168685913
            }
          },
          "iterations" : 5,
          "level" : "clean",
          "providers" : {
            "rewriteObserved" : [
              {
                "count" : 5,
                "model" : "google/gemini-2.5-flash-lite",
                "path" : "openrouter"
              }
            ],
            "sttMode" : "batch",
            "sttObserved" : [
              {
                "count" : 5,
                "model" : "scribe_v2",
                "provider" : "ElevenLabs"
              }
            ]
          }
        },
        {
          "distributions" : {
            "encodeMs" : {
              "max" : 0,
              "min" : 0,
              "p50" : 0,
              "p95" : 0
            },
            "generationMs" : {
              "max" : 1386.9730234146118,
              "min" : 931.4759969711304,
              "p50" : 1049.159049987793,
              "p95" : 1356.7280054092407
            },
            "pasteMs" : {
              "max" : 0.09906291961669922,
              "min" : 0.03504753112792969,
              "p50" : 0.048995018005371094,
              "p95" : 0.09565353393554688
            },
            "rewriteMs" : {
              "max" : 810.0039958953857,
              "min" : 321.87795639038086,
              "p50" : 481.6160202026367,
              "p95" : 749.6373891830444
            },
            "sttMs" : {
              "max" : 727.5769710540771,
              "min" : 567.5430297851562,
              "p50" : 594.4759845733643,
              "p95" : 703.9811849594116
            },
            "totalStageMs" : {
              "max" : 1387.0220184326172,
              "min" : 931.5750598907471,
              "p50" : 1049.198031425476,
              "p95" : 1356.7742109298706
            }
          },
          "iterations" : 5,
          "level" : "polish",
          "providers" : {
            "rewriteObserved" : [
              {
                "count" : 5,
                "model" : "google/gemini-2.5-flash-lite",
                "path" : "openrouter"
              }
            ],
            "sttMode" : "batch",
            "sttObserved" : [
              {
                "count" : 5,
                "model" : "scribe_v2",
                "provider" : "ElevenLabs"
              }
            ]
          }
        }
      ]
    },
    {
      "audioBytes" : 427630,
      "audioFile" : "fixture-medium.caf",
      "fixtureID" : "fixture-medium",
      "levels" : [
        {
          "distributions" : {
            "encodeMs" : {
              "max" : 24.3149995803833,
              "min" : 20.164966583251953,
              "p50" : 23.28205108642578,
              "p95" : 24.135804176330566
            },
            "generationMs" : {
              "max" : 1453.8030624389648,
              "min" : 1116.04905128479,
              "p50" : 1210.994005203247,
              "p95" : 1412.2698545455933
            },
            "pasteMs" : {
              "max" : 0.08606910705566406,
              "min" : 0.016927719116210938,
              "p50" : 0.033974647521972656,
              "p95" : 0.08306503295898438
            },
            "rewriteMs" : {
              "max" : 0,
              "min" : 0,
              "p50" : 0,
              "p95" : 0
            },
            "sttMs" : {
              "max" : 1430.521011352539,
              "min" : 1091.7340517044067,
              "p50" : 1190.8290386199951,
              "p95" : 1389.2720222473145
            },
            "totalStageMs" : {
              "max" : 1453.819990158081,
              "min" : 1116.0731315612793,
              "p50" : 1211.0650539398193,
              "p95" : 1412.2901916503906
            }
          },
          "iterations" : 5,
          "level" : "raw",
          "providers" : {
            "sttMode" : "batch",
            "sttObserved" : [
              {
                "count" : 5,
                "model" : "scribe_v2",
                "provider" : "ElevenLabs"
              }
            ]
          }
        },
        {
          "distributions" : {
            "encodeMs" : {
              "max" : 23.51701259613037,
              "min" : 18.818020820617676,
              "p50" : 22.732019424438477,
              "p95" : 23.44961166381836
            },
            "generationMs" : {
              "max" : 1778.6600589752197,
              "min" : 1456.1370611190796,
              "p50" : 1686.9710683822632,
              "p95" : 1762.2344493865967
            },
            "pasteMs" : {
              "max" : 0.14793872833251953,
              "min" : 0.05900859832763672,
              "p50" : 0.07092952728271484,
              "p95" : 0.14674663543701172
            },
            "rewriteMs" : {
              "max" : 632.175087928772,
              "min" : 351.09901428222656,
              "p50" : 528.9160013198853,
              "p95" : 628.5140752792358
            },
            "sttMs" : {
              "max" : 1135.7589960098267,
              "min" : 1063.8439655303955,