{
  "audioBytes" : 558044,
  "audioFile" : "2 fixtures",
  "commitSHA" : "9da6d9263df957629b3d65ddcf3807d04e023024",
  "fixtureResults" : [
    {
      "audioBytes" : 130414,
      "audioFile" : "fixture-short.caf",
      "fixtureID" : "fixture-short",
      "levels" : [
        {
          "distributions" : {
            "encodeMs" : {
              "max" : 0,
              "min" : 0,
              "p50" : 0,
              "p95" : 0
            },
            "generationMs" : {
              "max" : 984.5410585403442,
              "min" : 579.800009727478,
              "p50" : 606.1480045318604,
              "p95" : 940.9784555435181
            },
            "pasteMs" : {
              "max" : 0.11110305786132812,
              "min" : 0.012040138244628906,
              "p50" : 0.014901161193847656,
              "p95" : 0.09768009185791014
            },
            "rewriteMs" : {
              "max" : 0,
              "min" : 0,
              "p50" : 0,
              "p95" : 0
            },
            "sttMs" : {
              "max" : 984.5410585403442,
              "min" : 579.800009727478,
              "p50" : 606.1480045318604,
              "p95" : 940.9784555435181
            },
            "totalStageMs" : {
              "max" : 984.5850467681885,
              "min" : 579.8120498657227,
              "p50" : 606.2591075897217,
              "p95" : 941.0166263580322
            }
          },
          "iterations" : 5,
          "level" : "raw",
          "providers" : {
            "sttMode" : "batch",
            "sttObserved" : [
              {
                "count" : 5,
                "model" : "scribe_v2",
                "provider" : "ElevenLabs"
              }
            ]
          }
        },
        {
          "distributions" : {
            "encodeMs" : {
              "max" : 0,
              "min" : 0,
              "p50" : 0,
              "p95" : 0
            },
            "generationMs" : {
              "max" : 2170.678973197937,
              "min" : 1067.0080184936523,
              "p50" : 1273.3349800109863,
              "p95" : 1992.0817852020264
            },
            "pasteMs" : {
              "max" : 0.6700754165649414,
              "min" : 0.025987625122070312,
              "p50" : 0.07903575897216797,
              "p95" : 0.5766630172729492
            },
            "rewriteMs" : {
              "max" : 1558.8899850845337,
              "min" : 447.6010799407959,
              "p50" : 512.719988822937,
              "p95" : 1384.1673851013184
            },
            "sttMs" : {
              "max" : 805.7900667190552,
              "min" : 554.2880296707153,
              "p50" : 611.7889881134033,
              "p95" : 769.519853591919
            },
            "totalStageMs" : {
              "max" : 2170.7069873809814,
              "min" : 1067.0870542526245,
              "p50" : 1273.3609676361084,
              "p95" : 1992.238211631775
            }
          },
          "iterations" : 5,
          "level" : "clean",
          "providers" : {
            "rewriteObserved" : [
              {
                "count" : 5,
                "model" : "google/gemini-2.5-flash-lite",
                "path" : "openrouter"
              }
            ],
            "sttMode" : "batch",
            "sttObserved" : [
              {
                "count" : 5,
                "model" : "scribe_v2",
                "provider" : "ElevenLabs"
              }
            ]
          }
        },
        {
          "distributions" : {
            "encodeMs" : {
              "max" : 0,
              "min" : 0,
              "p50" : 0,
              "p95" : 0
            },
            "generationMs" : {
              "max" : 2688.87197971344,
              "min" : 1197.9068517684937,
              "p50" : 1543.0799722671509,
              "p95" : 2528.2565593719482
            },
            "pasteMs" : {
              "max" : 0.6300210952758789,
              "min" : 0.02300739288330078,
              "p50" : 0.05698204040527344,
              "p95" : 0.5492210388183594
            },
            "rewriteMs" : {
              "max" : 2095.2420234680176,
              "min" : 520.9749937057495,
              "p50" : 643.2560682296753,
              "p95" : 1911.3558053970337
            },
            "sttMs" : {
              "max" : 1022.1049785614014,
              "min" : 577.8080224990845,
              "p50" : 602.7449369430542,
              "p95" : 959.6807718276978
            },
            "totalStageMs" : {
              "max" : 2689.098000526428,
              "min" : 1198.5368728637695,
              "p50" : 1543.1029796600342,
              "p95" : 2528.44877243042
            }
          },
          "iterations" : 5,
          "level" : "polish",
          "providers" : {
            "rewriteObserved" : [
              {
                "count" : 5,
                "model" : "google/gemini-2.5-flash-lite",
                "path" : "openrouter"
              }
            ],
            "sttMode" : "batch",
            "sttObserved" : [
              {
                "count" : 5,
                "model" : "scribe_v2",
                "provider" : "ElevenLabs"
              }
            ]
          }
        }
      ]
    },
    {
      "audioBytes" : 427630,
      "audioFile" : "fixture-medium.caf",
      "fixtureID" : "fixture-medium",
      "levels" : [
        {
          "distributions" : {
            "encodeMs" : {
              "max" : 35.774946212768555,
              "min" : 21.52407169342041,
              "p50" : 28.066039085388184,
              "p95" : 35.439157485961914
            },
            "generationMs" : {
              "max" : 1214.5260572433472,
              "min" : 1089.9709463119507,
              "p50" : 1118.6450719833374,
              "p95" : 1201.513648033142
            },
            "pasteMs" : {
              "max" : 0.1590251922607422,
              "min" : 0.013947486877441406,
              "p50" : 0.019073486328125,
              "p95" : 0.1450061798095703
            },
            "rewriteMs" : {
              "max" : 0,
              "min" : 0,
              "p50" : 0,
              "p95" : 0
            },
            "sttMs" : {
              "max" : 1186.460018157959,
              "min" : 1054.1960000991821,
              "p50" : 1093.5810804367065,
              "p95" : 1172.2416162490845
            },
            "totalStageMs" : {
              "max" : 1214.5451307296753,
              "min" : 1089.9899005889893,
              "p50" : 1118.8040971755981,
              "p95" : 1201.5466928482056
            }
          },
          "iterations" : 5,
          "level" : "raw",
          "providers" : {
            "sttMode" : "batch",
            "sttObserved" : [
              {
                "count" : 5,
                "model" : "scribe_v2",
                "provider" : "ElevenLabs"
              }
            ]
          }
        },
        {
          "distributions" : {
            "encodeMs" : {
              "max" : 35.55703163146973,
              "min" : 21.019935607910156,
              "p50" : 31.11100196838379,
              "p95" : 34.79924201965332
            },
            "generationMs" : {
              "max" : 2182.1038722991943,
              "min" : 1695.6419944763184,
              "p50" : 1978.3531427383423,
              "p95" : 2145.0905323028564
            },
            "pasteMs" : {
              "max" : 0.17499923706054688,
              "min" : 0.028967857360839844,
              "p50" : 0.05900859832763672,
              "p95" : 0.156402587890625
            },
            "rewriteMs" : {
              "max" : 947.045087814331,
              "min" : 586.8560075759888,
              "p50" : 654.0770530700684,
              "p95" : 940.7198667526245
            },
            "sttMs" : {
              "max" : 1529.7259092330933,
              "min" : 1000.1970529556274,