{
  "audioBytes" : 558044,
  "audioFile" : "2 fixtures",
  "commitSHA" : "b91781d555691af66d2378cae9227d56db58f405",
  "fixtureResults" : [
    {
      "audioBytes" : 130414,
      "audioFile" : "fixture-short.caf",
      "fixtureID" : "fixture-short",
      "levels" : [
        {
          "distributions" : {
            "encodeMs" : {
              "max" : 0,
              "min" : 0,
              "p50" : 0,
              "p95" : 0
            },
            "generationMs" : {
              "max" : 684.0070486068726,
              "min" : 571.026086807251,
              "p50" : 634.8940134048462,
              "p95" : 674.5700359344482
            },
            "pasteMs" : {
              "max" : 0.1239776611328125,
              "min" : 0.034928321838378906,
              "p50" : 0.051021575927734375,
              "p95" : 0.11577606201171875
            },
            "rewriteMs" : {
              "max" : 0,
              "min" : 0,
              "p50" : 0,
              "p95" : 0
            },
            "sttMs" : {
              "max" : 684.0070486068726,
              "min" : 571.026086807251,
              "p50" : 634.8940134048462,
              "p95" : 674.5700359344482
            },
            "totalStageMs" : {
              "max" : 684.1310262680054,
              "min" : 571.0610151290894,
              "p50" : 634.9769830703735,
              "p95" : 674.6788024902344
            }
          },
          "iterations" : 5,
          "level" : "raw",
          "providers" : {
            "sttMode" : "batch",
            "sttObserved" : [
              {
                "count" : 5,
                "model" : "scribe_v2",
                "provider" : "ElevenLabs"
              }
            ]
          }
        },
        {
          "distributions" : {
            "encodeMs" : {
              "max" : 0,
              "min" : 0,
              "p50" : 0,
              "p95" : 0
            },
            "generationMs" : {
              "max" : 1353.606104850769,
              "min" : 1010.9810829162598,
              "p50" : 1086.432933807373,
              "p95" : 1335.4444980621338
            },
            "pasteMs" : {
              "max" : 0.3139972686767578,
              "min" : 0.06008148193359375,
              "p50" : 0.07200241088867188,
              "p95" : 0.2701997756958008
            },
            "rewriteMs" : {
              "max" : 750.2061128616333,
              "min" : 380.33103942871094,
              "p50" : 452.56292819976807,
              "p95" : 735.759687423706
            },
            "sttMs" : {
              "max" : 667.9239273071289,
              "min" : 584.8240852355957,
              "p50" : 618.5660362243652,
              "p95" : 661.1131429672241
            },
            "totalStageMs" : {
              "max" : 1353.6781072616577,
              "min" : 1011.2950801849365,
              "p50" : 1086.527943611145,
              "p95" : 1335.5141162872314
            }
          },
          "iterations" : 5,
          "level" : "clean",
          "providers" : {
            "rewriteObserved" : [
              {
                "count" : 5,
                "model" : "google/gemini-2.5-flash-lite",
                "path" : "openrouter"
              }
            ],
            "sttMode" : "batch",
            "sttObserved" : [
              {
                "count" : 5,
                "model" : "scribe_v2",
                "provider" : "ElevenLabs"
              }
            ]
          }
        },
        {
          "distributions" : {
            "encodeMs" : {
              "max" : 0,
              "min" : 0,
              "p50" : 0,
              "p95" : 0
            },
            "generationMs" : {
              "max" : 1280.5689573287964,
              "min" : 1119.7680234909058,
              "p50" : 1225.5018949508667,
              "p95" : 1270.5123662948608
            },
            "pasteMs" : {
              "max" : 1.3589859008789062,
              "min" : 0.07700920104980469,
              "p50" : 0.13303756713867188,
              "p95" : 1.124000549316406
            },
            "rewriteMs" : {
              "max" : 673.0619668960571,
              "min" : 499.55296516418457,
              "p50" : 584.2369794845581,
              "p95" : 665.266752243042
            },
            "sttMs" : {
              "max" : 646.0490226745605,
              "min" : 591.4160013198853,
              "p50" : 613.8060092926025,
              "p95" : 640.8822298049927
            },
            "totalStageMs" : {
              "max" : 1281.9279432296753,
              "min" : 1119.8450326919556,
              "p50" : 1225.6349325180054,
              "p95" : 1271.6363668441772
            }
          },
          "iterations" : 5,
          "level" : "polish",
          "providers" : {
            "rewriteObserved" : [
              {
                "count" : 5,
                "model" : "x-ai/grok-4.1-fast",
                "path" : "openrouter"
              }
            ],
            "sttMode" : "batch",
            "sttObserved" : [
              {
                "count" : 5,
                "model" : "scribe_v2",
                "provider" : "ElevenLabs"
              }
            ]
          }
        }
      ]
    },
    {
      "audioBytes" : 427630,
      "audioFile" : "fixture-medium.caf",
      "fixtureID" : "fixture-medium",
      "levels" : [
        {
          "distributions" : {
            "encodeMs" : {
              "max" : 55.697083473205566,
              "min" : 25.51400661468506,
              "p50" : 32.733917236328125,
              "p95" : 54.079461097717285
            },
            "generationMs" : {
              "max" : 7003.497958183289,
              "min" : 1040.753960609436,
              "p50" : 1150.1179933547974,
              "p95" : 5907.912397384643
            },
            "pasteMs" : {
              "max" : 0.28502941131591797,
              "min" : 0.011086463928222656,
              "p50" : 0.0749826431274414,
              "p95" : 0.26962757110595703
            },
            "rewriteMs" : {
              "max" : 0,
              "min" : 0,
              "p50" : 0,
              "p95" : 0
            },
            "sttMs" : {
              "max" : 6955.888986587524,
              "min" : 1010.1310014724731,
              "p50" : 1124.6039867401123,
              "p95" : 5858.68580341339
            },
            "totalStageMs" : {
              "max" : 7003.512978553772,
              "min" : 1040.8289432525635,
              "p50" : 1150.3260135650635,
              "p95" : 5907.926630973815
            }
          },
          "iterations" : 5,
          "level" : "raw",
          "providers" : {
            "sttMode" : "batch",
            "sttObserved" : [
              {
                "count" : 5,
                "model" : "scribe_v2",
                "provider" : "ElevenLabs"
              }
            ]
          }
        },
        {
          "distributions" : {
            "encodeMs" : {
              "max" : 46.946048736572266,
              "min" : 25.62105655670166,
              "p50" : 33.44893455505371,
              "p95" : 45.23963928222656
            },
            "generationMs" : {
              "max" : 2417.3290729522705,
              "min" : 1579.8629522323608,
              "p50" : 1651.9370079040527,
              "p95" : 2276.393461227417
            },
            "pasteMs" : {
              "max" : 0.1329183578491211,
              "min" : 0.04303455352783203,
              "p50" : 0.09989738464355469,
              "p95" : 0.12693405151367188
            },
            "rewriteMs" : {
              "max" : 1335.3019952774048,
              "min" : 479.7309637069702,
              "p50" : 522.3040580749512,
              "p95" : 1189.537000656128
            },
            "sttMs" : {
              "max" : 1126.2990236282349,
              "min" : 1035.0810289382935,